Image Index,Finding Labels,Follow-up #,Patient ID,Patient Age,Patient Gender,View Position,OriginalImage[Width,Height],OriginalImagePixelSpacing[x,y],Unnamed: 11,Patient Age Clean,Age_Norm,Gender_Enc,View_Enc
00000001_000.png,Cardiomegaly,0,1,058Y,M,PA,2682,2749,0.143,0.143,,58,0.58,1,1
00000001_001.png,Cardiomegaly|Emphysema,1,1,058Y,M,PA,2894,2729,0.143,0.143,,58,0.58,1,1
00000001_002.png,Cardiomegaly|Effusion,2,1,058Y,M,PA,2500,2048,0.168,0.168,,58,0.58,1,1
00000002_000.png,No Finding,0,2,081Y,M,PA,2500,2048,0.171,0.171,,81,0.81,1,1
00000003_000.png,Hernia,0,3,081Y,F,PA,2582,2991,0.143,0.143,,81,0.81,0,1
00000003_001.png,Hernia,1,3,074Y,F,PA,2500,2048,0.168,0.168,,74,0.74,0,1
00000003_002.png,Hernia,2,3,075Y,F,PA,2048,2500,0.168,0.168,,75,0.75,0,1
00000003_003.png,Hernia|Infiltration,3,3,076Y,F,PA,2698,2991,0.143,0.143,,76,0.76,0,1
00000003_004.png,Hernia,4,3,077Y,F,PA,2500,2048,0.168,0.168,,77,0.77,0,1
00000003_005.png,Hernia,5,3,078Y,F,PA,2686,2991,0.143,0.143,,78,0.78,0,1
00000003_006.png,Hernia,6,3,079Y,F,PA,2992,2991,0.143,0.143,,79,0.79,0,1
00000003_007.png,Hernia,7,3,080Y,F,PA,2582,2905,0.143,0.143,,80,0.8,0,1
00000004_000.png,Mass|Nodule,0,4,082Y,M,AP,2500,2048,0.168,0.168,,82,0.82,1,0
00000005_000.png,No Finding,0,5,069Y,F,PA,2048,2500,0.168,0.168,,69,0.69,0,1
00000005_001.png,No Finding,1,5,069Y,F,AP,2500,2048,0.168,0.168,,69,0.69,0,0
00000005_002.png,No Finding,2,5,069Y,F,AP,2500,2048,0.168,0.168,,69,0.69,0,0
00000005_003.png,No Finding,3,5,069Y,F,PA,2992,2991,0.143,0.143,,69,0.69,0,1
00000005_004.png,No Finding,4,5,070Y,F,PA,2986,2991,0.143,0.143,,70,0.7,0,1
00000005_005.png,No Finding,5,5,070Y,F,PA,2514,2991,0.143,0.143,,70,0.7,0,1
00000005_006.png,Infiltration,6,5,070Y,F,PA,2992,2991,0.143,0.143,,70,0.7,0,1
00000005_007.png,Effusion|Infiltration,7,5,070Y,F,PA,2566,2681,0.143,0.143,,70,0.7,0,1
00000006_000.png,No Finding,0,6,081Y,M,PA,2500,2048,0.168,0.168,,81,0.81,1,1
00000009_000.png,Emphysema,0,9,073Y,M,PA,2992,2991,0.143,0.143,,73,0.73,1,1
00000010_000.png,Infiltration,0,10,084Y,F,PA,2992,2991,0.143,0.143,,84,0.84,0,1
00000011_000.png,Effusion,0,11,075Y,M,PA,2638,2449,0.143,0.143,,75,0.75,1,1
00000011_001.png,No Finding,1,11,075Y,M,PA,2500,2048,0.168,0.168,,75,0.75,1,1
00000011_002.png,No Finding,2,11,075Y,M,PA,2714,2781,0.143,0.143,,75,0.75,1,1
00000011_003.png,No Finding,3,11,075Y,M,PA,2500,2048,0.168,0.168,,75,0.75,1,1
00000011_004.png,No Finding,4,11,075Y,M,PA,2500,2048,0.168,0.168,,75,0.75,1,1
00000011_005.png,Infiltration,5,11,075Y,M,AP,2500,2048,0.168,0.168,,75,0.75,1,0
00000011_006.png,Atelectasis,6,11,075Y,M,PA,2992,2991,0.143,0.143,,75,0.75,1,1
00000011_007.png,Infiltration,7,11,075Y,M,PA,2782,2753,0.143,0.143,,75,0.75,1,1
00000011_008.png,No Finding,8,11,075Y,M,PA,2826,2685,0.143,0.143,,75,0.75,1,1
00000012_000.png,Effusion|Mass,0,12,076Y,M,PA,2992,2991,0.143,0.143,,76,0.76,1,1
00000013_000.png,No Finding,0,13,061Y,M,PA,2021,2021,0.194311,0.194311,,61,0.61,1,1
00000013_001.png,Emphysema|Pneumothorax,1,13,060Y,M,AP,3056,2544,0.139,0.139,,60,0.6,1,0
00000013_002.png,Emphysema|Pneumothorax,2,13,060Y,M,AP,3056,2544,0.139,0.139,,60,0.6,1,0
00000013_003.png,Pleural_Thickening,3,13,060Y,M,AP,2996,2544,0.139,0.139,,60,0.6,1,0
00000013_004.png,Effusion|Emphysema|Infiltration|Pneumothorax,4,13,060Y,M,AP,3056,2544,0.139,0.139,,60,0.6,1,0
00000013_005.png,Emphysema|Infiltration|Pleural_Thickening|Pneumothorax,5,13,060Y,M,AP,3056,2544,0.139,0.139,,60,0.6,1,0
00000013_006.png,Effusion|Infiltration,6,13,060Y,M,AP,3056,2544,0.139,0.139,,60,0.6,1,0
00000013_007.png,Infiltration,7,13,060Y,M,AP,3056,2544,0.139,0.139,,60,0.6,1,0
00000013_008.png,No Finding,8,13,060Y,M,AP,3056,2544,0.139,0.139,,60,0.6,1,0
00000013_009.png,Pleural_Thickening,9,13,060Y,M,AP,3056,2544,0.139,0.139,,60,0.6,1,0
00000013_010.png,Effusion|Pneumonia|Pneumothorax,10,13,060Y,M,AP,3056,2544,0.139,0.139,,60,0.6,1,0
00000013_011.png,Pneumothorax,11,13,060Y,M,AP,3056,2544,0.139,0.139,,60,0.6,1,0
00000013_012.png,Pneumothorax,12,13,060Y,M,AP,3056,2544,0.139,0.139,,60,0.6,1,0
00000013_013.png,Pneumothorax,13,13,060Y,M,AP,3056,2544,0.139,0.139,,60,0.6,1,0
00000013_014.png,No Finding,14,13,061Y,M,PA,2021,2021,0.194311,0.194311,,61,0.61,1,1
00000013_015.png,No Finding,15,13,061Y,M,PA,2020,2021,0.194311,0.194311,,61,0.61,1,1
00000013_016.png,No Finding,16,13,061Y,M,PA,1725,2021,0.194311,0.194311,,61,0.61,1,1
00000013_017.png,No Finding,17,13,061Y,M,PA,2021,2021,0.194311,0.194311,,61,0.61,1,1
00000013_018.png,Effusion|Infiltration|Pneumothorax,18,13,060Y,M,AP,3056,2544,0.139,0.139,,60,0.6,1,0
00000013_019.png,No Finding,19,13,062Y,M,PA,2021,2021,0.194311,0.194311,,62,0.62,1,1
00000013_020.png,Pneumothorax,20,13,062Y,M,PA,2021,2021,0.194311,0.194311,,62,0.62,1,1
00000013_021.png,Effusion,21,13,062Y,M,PA,2021,2021,0.194311,0.194311,,62,0.62,1,1
00000013_022.png,Infiltration|Mass,22,13,056Y,M,PA,2870,2991,0.143,0.143,,56,0.56,1,1
00000013_023.png,Infiltration|Mass|Pneumothorax,23,13,057Y,M,AP,2500,2048,0.168,0.168,,57,0.57,1,0
00000013_024.png,Mass,24,13,057Y,M,AP,2500,2048,0.168,0.168,,57,0.57,1,0
00000013_025.png,Cardiomegaly|Infiltration|Mass|Nodule,25,13,056Y,M,PA,2992,2991,0.143,0.143,,56,0.56,1,1
00000013_026.png,Cardiomegaly|Emphysema,26,13,057Y,M,AP,2500,2048,0.168,0.168,,57,0.57,1,0
00000013_027.png,Cardiomegaly|Effusion|Emphysema|Mass,27,13,057Y,M,AP,2500,2048,0.168,0.168,,57,0.57,1,0
00000013_028.png,Cardiomegaly|Effusion|Emphysema|Mass,28,13,057Y,M,AP,2500,2048,0.168,0.168,,57,0.57,1,0
00000013_029.png,Cardiomegaly|Effusion|Emphysema|Mass,29,13,057Y,M,AP,2500,2048,0.168,0.168,,57,0.57,1,0
00000013_030.png,Atelectasis|Cardiomegaly|Emphysema|Mass|Pneumothorax,30,13,057Y,M,AP,2500,2048,0.168,0.168,,57,0.57,1,0
00000013_031.png,Emphysema|Mass,31,13,057Y,M,AP,2500,2048,0.168,0.168,,57,0.57,1,0
00000013_032.png,Emphysema|Mass|Pneumothorax,32,13,057Y,M,AP,2500,2048,0.168,0.168,,57,0.57,1,0
00000013_033.png,Pneumothorax,33,13,056Y,M,PA,2946,2991,0.143,0.143,,56,0.56,1,1
00000013_034.png,Emphysema|Pneumothorax,34,13,056Y,M,PA,2642,2991,0.143,0.143,,56,0.56,1,1
00000013_035.png,Atelectasis|Pneumothorax,35,13,056Y,M,PA,2992,2991,0.143,0.143,,56,0.56,1,1
00000013_036.png,Pneumothorax,36,13,056Y,M,PA,2952,2968,0.143,0.143,,56,0.56,1,1
00000013_037.png,Cardiomegaly|Emphysema|Pneumothorax,37,13,056Y,M,PA,2990,2991,0.143,0.143,,56,0.56,1,1
00000013_038.png,No Finding,38,13,056Y,M,PA,2822,2861,0.143,0.143,,56,0.56,1,1
00000013_039.png,Pneumothorax,39,13,056Y,M,PA,2992,2991,0.143,0.143,,56,0.56,1,1
00000013_040.png,Cardiomegaly|Emphysema|Pneumothorax,40,13,056Y,M,PA,2576,2785,0.143,0.143,,56,0.56,1,1
00000013_041.png,Emphysema,41,13,056Y,M,PA,2992,2991,0.143,0.143,,56,0.56,1,1
00000013_042.png,Emphysema,42,13,056Y,M,PA,2696,2812,0.143,0.143,,56,0.56,1,1
00000013_043.png,Mass|Pleural_Thickening,43,13,056Y,M,PA,2992,2991,0.143,0.143,,56,0.56,1,1
00000013_044.png,Cardiomegaly|Mass|Pleural_Thickening,44,13,056Y,M,PA,2992,2991,0.143,0.143,,56,0.56,1,1
00000013_045.png,Cardiomegaly,45,13,056Y,M,PA,2992,2991,0.143,0.143,,56,0.56,1,1
00000013_046.png,Infiltration,46,13,056Y,M,PA,2730,2991,0.143,0.143,,56,0.56,1,1
00000014_000.png,No Finding,0,14,061Y,F,PA,2048,2500,0.171,0.171,,61,0.61,0,1
00000015_000.png,No Finding,0,15,070Y,M,AP,2500,2048,0.168,0.168,,70,0.7,1,0
00000016_000.png,No Finding,0,16,071Y,M,PA,2992,2991,0.143,0.143,,71,0.71,1,1
00000017_000.png,Effusion|Infiltration|Nodule,0,17,077Y,M,PA,2500,2048,0.168,0.168,,77,0.77,1,1
00000017_001.png,No Finding,1,17,077Y,M,AP,2500,2048,0.168,0.168,,77,0.77,1,0
00000017_002.png,No Finding,2,17,078Y,M,AP,2500,2048,0.168,0.168,,78,0.78,1,0
00000019_000.png,Atelectasis|Effusion|Pleural_Thickening,0,19,066Y,M,PA,2992,2991,0.143,0.143,,66,0.66,1,1
00000020_000.png,Pleural_Thickening,0,20,053Y,M,PA,2978,2991,0.143,0.143,,53,0.53,1,1
00000020_001.png,Fibrosis|Infiltration,1,20,047Y,M,PA,2992,2991,0.143,0.143,,47,0.47,1,1
00000020_002.png,Fibrosis|Infiltration|Pleural_Thickening,2,20,048Y,M,PA,2414,2991,0.143,0.143,,48,0.48,1,1
00000021_000.png,Nodule,0,21,078Y,M,PA,2500,2048,0.168,0.168,,78,0.78,1,1
00000021_001.png,Infiltration,1,21,080Y,M,PA,3056,2496,0.139,0.139,,80,0.8,1,1
00000022_000.png,No Finding,0,22,048Y,M,PA,2048,2500,0.171,0.171,,48,0.48,1,1
00000022_001.png,Fibrosis,1,22,049Y,M,PA,2500,2048,0.168,0.168,,49,0.49,1,1
00000023_000.png,No Finding,0,23,063Y,F,PA,2048,2500,0.168,0.168,,63,0.63,0,1
00000023_001.png,No Finding,1,23,063Y,F,AP,2500,2048,0.168,0.168,,63,0.63,0,0
00000023_002.png,Effusion|Infiltration,2,23,063Y,F,PA,2048,2500,0.168,0.168,,63,0.63,0,1
00000023_003.png,No Finding,3,23,063Y,F,PA,2048,2500,0.168,0.168,,63,0.63,0,1
00000023_004.png,Infiltration|Mass|Nodule,4,23,064Y,F,PA,2500,2048,0.168,0.168,,64,0.64,0,1
00000024_000.png,Fibrosis,0,24,052Y,M,PA,2048,2500,0.168,0.168,,52,0.52,1,1
00000025_000.png,Effusion,0,25,071Y,M,PA,2048,2500,0.171,0.171,,71,0.71,1,1
00000026_000.png,Infiltration,0,26,068Y,M,PA,2870,2812,0.143,0.143,,68,0.68,1,1
00000027_000.png,Emphysema,0,27,073Y,M,PA,2990,2991,0.143,0.143,,73,0.73,1,1
00000028_000.png,Pleural_Thickening,0,28,063Y,M,PA,2048,2500,0.168,0.168,,63,0.63,1,1
00000029_000.png,No Finding,0,29,059Y,F,PA,2500,2048,0.171,0.171,,59,0.59,0,1
00000030_000.png,Atelectasis,0,30,074Y,M,PA,2992,2991,0.143,0.143,,74,0.74,1,1
00000030_001.png,Atelectasis,1,30,079Y,M,PA,2992,2991,0.143,0.143,,79,0.79,1,1
00000031_000.png,No Finding,0,31,071Y,F,PA,2992,2991,0.143,0.143,,71,0.71,0,1
00000032_000.png,Cardiomegaly,0,32,055Y,F,AP,2500,2048,0.168,0.168,,55,0.55,0,0
00000032_001.png,Cardiomegaly|Edema|Effusion,1,32,055Y,F,AP,2500,2048,0.168,0.168,,55,0.55,0,0
00000032_002.png,No Finding,2,32,055Y,F,AP,2500,2048,0.168,0.168,,55,0.55,0,0
00000032_003.png,No Finding,3,32,055Y,F,AP,2500,2048,0.168,0.168,,55,0.55,0,0
00000032_004.png,Cardiomegaly|Edema|Effusion,4,32,055Y,F,AP,2500,2048,0.168,0.168,,55,0.55,0,0
00000032_005.png,No Finding,5,32,055Y,F,AP,2500,2048,0.168,0.168,,55,0.55,0,0
00000032_006.png,Atelectasis|Effusion|Infiltration,6,32,055Y,F,AP,2500,2048,0.168,0.168,,55,0.55,0,0
00000032_007.png,Cardiomegaly|Edema|Effusion,7,32,055Y,F,AP,2500,2048,0.168,0.168,,55,0.55,0,0
00000032_008.png,No Finding,8,32,055Y,F,AP,2500,2048,0.168,0.168,,55,0.55,0,0
00000032_009.png,No Finding,9,32,055Y,F,AP,2500,2048,0.168,0.168,,55,0.55,0,0
00000032_010.png,No Finding,10,32,055Y,F,AP,2500,2048,0.168,0.168,,55,0.55,0,0
00000032_011.png,Infiltration,11,32,055Y,F,AP,2500,2048,0.168,0.168,,55,0.55,0,0
00000032_012.png,Atelectasis|Consolidation|Edema|Pneumonia,12,32,055Y,F,AP,2500,2048,0.168,0.168,,55,0.55,0,0
00000032_013.png,Infiltration,13,32,055Y,F,AP,2500,2048,0.168,0.168,,55,0.55,0,0
00000032_014.png,Infiltration,14,32,055Y,F,AP,2500,2048,0.168,0.168,,55,0.55,0,0
00000032_015.png,Infiltration,15,32,055Y,F,AP,2500,2048,0.168,0.168,,55,0.55,0,0
00000032_016.png,Consolidation,16,32,055Y,F,AP,2500,2048,0.168,0.168,,55,0.55,0,0
00000032_017.png,Infiltration,17,32,055Y,F,AP,2500,2048,0.168,0.168,,55,0.55,0,0
00000032_018.png,Infiltration,18,32,055Y,F,AP,2500,2048,0.168,0.168,,55,0.55,0,0
00000032_019.png,No Finding,19,32,055Y,F,AP,2500,2048,0.168,0.168,,55,0.55,0,0
00000032_020.png,No Finding,20,32,055Y,F,AP,2500,2048,0.168,0.168,,55,0.55,0,0
00000032_021.png,Cardiomegaly,21,32,055Y,F,AP,2500,2048,0.168,0.168,,55,0.55,0,0
00000032_022.png,No Finding,22,32,055Y,F,AP,2500,2048,0.168,0.168,,55,0.55,0,0
00000032_023.png,Edema|Infiltration,23,32,055Y,F,AP,2500,2048,0.168,0.168,,55,0.55,0,0
00000032_024.png,Edema,24,32,055Y,F,AP,2500,2048,0.168,0.168,,55,0.55,0,0
00000032_025.png,No Finding,25,32,055Y,F,AP,2500,2048,0.168,0.168,,55,0.55,0,0
00000032_026.png,Infiltration,26,32,055Y,F,AP,2500,2048,0.168,0.168,,55,0.55,0,0
00000032_027.png,Cardiomegaly|Consolidation,27,32,055Y,F,AP,2500,2048,0.168,0.168,,55,0.55,0,0
00000032_028.png,Cardiomegaly|Infiltration,28,32,055Y,F,AP,2500,2048,0.168,0.168,,55,0.55,0,0
00000032_029.png,Cardiomegaly,29,32,055Y,F,AP,2500,2048,0.168,0.168,,55,0.55,0,0
00000032_030.png,Cardiomegaly|Consolidation,30,32,055Y,F,AP,2500,2048,0.168,0.168,,55,0.55,0,0
00000032_031.png,Cardiomegaly|Infiltration,31,32,055Y,F,AP,2500,2048,0.168,0.168,,55,0.55,0,0
00000032_032.png,Cardiomegaly|Edema|Effusion|Infiltration,32,32,055Y,F,AP,2500,2048,0.168,0.168,,55,0.55,0,0
00000032_033.png,Infiltration,33,32,055Y,F,AP,2500,2048,0.168,0.168,,55,0.55,0,0
00000032_034.png,Atelectasis|Edema|Effusion|Infiltration,34,32,055Y,F,AP,2500,2048,0.168,0.168,,55,0.55,0,0
00000032_035.png,Atelectasis|Edema|Effusion|Infiltration,35,32,055Y,F,AP,2500,2048,0.168,0.168,,55,0.55,0,0
00000032_036.png,Atelectasis|Edema|Effusion|Infiltration,36,32,055Y,F,AP,2500,2048,0.168,0.168,,55,0.55,0,0
00000032_037.png,Cardiomegaly|Edema|Infiltration,37,32,055Y,F,AP,2500,2048,0.168,0.168,,55,0.55,0,0
00000032_038.png,Consolidation|Infiltration,38,32,055Y,F,AP,2500,2048,0.168,0.168,,55,0.55,0,0
00000032_039.png,Consolidation|Edema,39,32,055Y,F,AP,2500,2048,0.168,0.168,,55,0.55,0,0
00000032_040.png,Cardiomegaly|Edema,40,32,055Y,F,AP,2500,2048,0.168,0.168,,55,0.55,0,0
00000032_041.png,Edema|Effusion|Infiltration|Nodule,41,32,055Y,F,AP,2500,2048,0.168,0.168,,55,0.55,0,0
00000032_042.png,No Finding,42,32,055Y,F,AP,2500,2048,0.168,0.168,,55,0.55,0,0
00000032_043.png,Consolidation|Infiltration,43,32,055Y,F,AP,2500,2048,0.168,0.168,,55,0.55,0,0
00000032_044.png,Cardiomegaly|Edema,44,32,055Y,F,AP,2500,2048,0.168,0.168,,55,0.55,0,0
00000032_045.png,Cardiomegaly|Edema|Effusion|Infiltration,45,32,055Y,F,AP,2500,2048,0.168,0.168,,55,0.55,0,0
00000032_046.png,No Finding,46,32,055Y,F,AP,2500,2048,0.168,0.168,,55,0.55,0,0
00000032_047.png,Infiltration,47,32,055Y,F,AP,2500,2048,0.168,0.168,,55,0.55,0,0
00000032_048.png,No Finding,48,32,055Y,F,AP,2500,2048,0.168,0.168,,55,0.55,0,0
00000032_049.png,No Finding,49,32,055Y,F,AP,2500,2048,0.168,0.168,,55,0.55,0,0
00000032_050.png,Atelectasis|Edema|Infiltration,50,32,055Y,F,AP,2500,2048,0.168,0.168,,55,0.55,0,0
00000032_051.png,No Finding,51,32,055Y,F,AP,2500,2048,0.168,0.168,,55,0.55,0,0
00000032_052.png,Atelectasis|Edema|Infiltration,52,32,055Y,F,AP,2500,2048,0.168,0.168,,55,0.55,0,0
00000032_053.png,Cardiomegaly,53,32,055Y,F,AP,2500,2048,0.168,0.168,,55,0.55,0,0
00000032_054.png,Atelectasis,54,32,055Y,F,AP,2500,2048,0.168,0.168,,55,0.55,0,0
00000032_055.png,Cardiomegaly,55,32,055Y,F,AP,2500,2048,0.168,0.168,,55,0.55,0,0
00000032_056.png,Cardiomegaly,56,32,055Y,F,AP,2500,2048,0.168,0.168,,55,0.55,0,0
00000032_057.png,Edema|Effusion|Infiltration,57,32,055Y,F,AP,2500,2048,0.168,0.168,,55,0.55,0,0
00000032_058.png,Edema|Effusion|Infiltration,58,32,055Y,F,AP,2500,2048,0.168,0.168,,55,0.55,0,0
00000032_059.png,Cardiomegaly|Infiltration,59,32,055Y,F,AP,2500,2048,0.168,0.168,,55,0.55,0,0
00000032_060.png,Cardiomegaly|Edema,60,32,055Y,F,AP,2500,2048,0.168,0.168,,55,0.55,0,0
00000033_000.png,Atelectasis|Cardiomegaly|Fibrosis,0,33,072Y,F,PA,2992,2745,0.143,0.143,,72,0.72,0,1
00000037_000.png,No Finding,0,37,072Y,M,PA,2708,2638,0.143,0.143,,72,0.72,1,1
00000038_000.png,Cardiomegaly|Effusion,0,38,075Y,M,PA,2992,2991,0.143,0.143,,75,0.75,1,1
00000038_001.png,Atelectasis|Infiltration,1,38,075Y,M,PA,2992,2991,0.143,0.143,,75,0.75,1,1
00000038_002.png,No Finding,2,38,077Y,M,PA,2021,2020,0.194311,0.194311,,77,0.77,1,1
00000038_003.png,Cardiomegaly,3,38,076Y,M,AP,3056,2544,0.139,0.139,,76,0.76,1,0
00000038_004.png,No Finding,4,38,076Y,M,AP,3056,2544,0.139,0.139,,76,0.76,1,0
00000038_005.png,No Finding,5,38,077Y,M,PA,2021,2021,0.194311,0.194311,,77,0.77,1,1
00000038_006.png,Atelectasis|Infiltration,6,38,077Y,M,PA,2021,2021,0.194311,0.194311,,77,0.77,1,1
00000038_007.png,No Finding,7,38,077Y,M,PA,2021,2021,0.194311,0.194311,,77,0.77,1,1
00000039_000.png,No Finding,0,39,076Y,M,PA,2500,2048,0.168,0.168,,76,0.76,1,1
00000039_001.png,No Finding,1,39,075Y,M,PA,2992,2991,0.143,0.143,,75,0.75,1,1
00000039_002.png,No Finding,2,39,076Y,M,AP,2500,2048,0.168,0.168,,76,0.76,1,0
00000039_003.png,No Finding,3,39,075Y,M,PA,2464,2715,0.143,0.143,,75,0.75,1,1
00000039_004.png,Effusion,4,39,075Y,M,PA,2718,2991,0.143,0.143,,75,0.75,1,1
00000040_000.png,No Finding,0,40,067Y,M,PA,2500,2048,0.168,0.168,,67,0.67,1,1
00000040_001.png,Emphysema,1,40,067Y,M,AP,2500,2048,0.168,0.168,,67,0.67,1,0
00000040_002.png,No Finding,2,40,067Y,M,AP,2500,2048,0.168,0.168,,67,0.67,1,0
00000040_003.png,Consolidation|Mass,3,40,068Y,M,PA,2500,2048,0.168,0.168,,68,0.68,1,1
00000041_000.png,Emphysema|Infiltration,0,41,062Y,F,PA,2048,2500,0.168,0.168,,62,0.62,0,1
00000041_001.png,Emphysema,1,41,062Y,F,AP,2500,2048,0.168,0.168,,62,0.62,0,0
00000041_002.png,Emphysema|Pneumothorax,2,41,062Y,F,PA,2678,2991,0.143,0.143,,62,0.62,0,1
00000041_003.png,No Finding,3,41,062Y,F,PA,2992,2991,0.143,0.143,,62,0.62,0,1
00000041_004.png,No Finding,4,41,062Y,F,PA,2422,2991,0.143,0.143,,62,0.62,0,1
00000041_005.png,Emphysema,5,41,062Y,F,PA,2840,2894,0.143,0.143,,62,0.62,0,1
00000041_006.png,Effusion,6,41,062Y,F,PA,2276,2441,0.143,0.143,,62,0.62,0,1
00000042_000.png,No Finding,0,42,071Y,M,AP,3056,2544,0.139,0.139,,71,0.71,1,0
00000042_001.png,No Finding,1,42,071Y,M,AP,3056,2544,0.139,0.139,,71,0.71,1,0
00000042_002.png,No Finding,2,42,071Y,M,AP,3056,2544,0.139,0.139,,71,0.71,1,0
00000042_003.png,No Finding,3,42,071Y,M,AP,3056,2544,0.139,0.139,,71,0.71,1,0
00000042_004.png,No Finding,4,42,071Y,M,AP,2808,2544,0.139,0.139,,71,0.71,1,0
00000042_005.png,No Finding,5,42,071Y,M,PA,2992,2991,0.143,0.143,,71,0.71,1,1
00000042_006.png,Infiltration,6,42,071Y,M,AP,3056,2544,0.139,0.139,,71,0.71,1,0
00000042_007.png,No Finding,7,42,071Y,M,PA,2992,2991,0.143,0.143,,71,0.71,1,1
00000042_008.png,No Finding,8,42,071Y,M,AP,3056,2544,0.139,0.139,,71,0.71,1,0
00000043_000.png,Infiltration,0,43,066Y,M,PA,2794,2991,0.143,0.143,,66,0.66,1,1
00000045_000.png,Cardiomegaly,0,45,070Y,F,PA,2500,2048,0.168,0.168,,70,0.7,0,1
00000046_000.png,No Finding,0,46,057Y,M,PA,2500,2048,0.171,0.171,,57,0.57,1,1
00000048_000.png,No Finding,0,48,046Y,F,PA,2834,2641,0.143,0.143,,46,0.46,0,1
00000049_000.png,Nodule,0,49,091Y,F,PA,2650,2465,0.143,0.143,,91,0.91,0,1
00000049_001.png,No Finding,1,49,092Y,F,PA,2992,2991,0.143,0.143,,92,0.92,0,1
00000049_002.png,No Finding,2,49,087Y,F,PA,2686,2991,0.143,0.143,,87,0.87,0,1
00000050_000.png,No Finding,0,50,078Y,M,AP,3056,2544,0.139,0.139,,78,0.78,1,0
00000050_001.png,No Finding,1,50,079Y,M,PA,2021,2021,0.194311,0.194311,,79,0.79,1,1
00000050_002.png,No Finding,2,50,073Y,M,PA,2500,2048,0.168,0.168,,73,0.73,1,1
00000050_003.png,No Finding,3,50,073Y,M,PA,2992,2991,0.143,0.143,,73,0.73,1,1
00000051_000.png,Infiltration,0,51,055Y,M,PA,3056,2544,0.139,0.139,,55,0.55,1,1
00000052_000.png,No Finding,0,52,071Y,M,PA,2992,2991,0.143,0.143,,71,0.71,1,1
00000052_001.png,No Finding,1,52,064Y,M,PA,2992,2991,0.143,0.143,,64,0.64,1,1
00000054_000.png,Infiltration,0,54,071Y,F,PA,2910,2882,0.143,0.143,,71,0.71,0,1
00000054_001.png,No Finding,1,54,072Y,F,PA,2544,3056,0.139,0.139,,72,0.72,0,1
00000054_002.png,No Finding,2,54,074Y,F,PA,2021,2021,0.194311,0.194311,,74,0.74,0,1
00000054_003.png,No Finding,3,54,063Y,F,PA,2500,2048,0.168,0.168,,63,0.63,0,1
00000054_004.png,No Finding,4,54,064Y,F,PA,2048,2500,0.168,0.168,,64,0.64,0,1
00000054_005.png,No Finding,5,54,064Y,F,PA,2826,2991,0.143,0.143,,64,0.64,0,1
00000054_006.png,Infiltration,6,54,065Y,F,PA,2992,2991,0.143,0.143,,65,0.65,0,1
00000054_007.png,No Finding,7,54,067Y,F,PA,2992,2991,0.143,0.143,,67,0.67,0,1
00000054_008.png,No Finding,8,54,069Y,F,PA,2500,2048,0.168,0.168,,69,0.69,0,1
00000054_009.png,No Finding,9,54,069Y,F,PA,2798,2991,0.143,0.143,,69,0.69,0,1
00000055_000.png,No Finding,0,55,081Y,F,PA,2048,2500,0.171,0.171,,81,0.81,0,1
00000056_000.png,Nodule|Pneumonia,0,56,076Y,M,PA,2500,2048,0.168,0.168,,76,0.76,1,1
00000056_001.png,Effusion,1,56,076Y,M,PA,2992,2991,0.143,0.143,,76,0.76,1,1
00000057_000.png,No Finding,0,57,071Y,M,PA,3036,2492,0.139,0.139,,71,0.71,1,1
00000057_001.png,No Finding,1,57,071Y,M,AP,3056,2544,0.139,0.139,,71,0.71,1,0
00000057_002.png,Atelectasis|Infiltration,2,57,071Y,M,PA,2992,2977,0.143,0.143,,71,0.71,1,1
00000057_003.png,No Finding,3,57,062Y,M,PA,2500,2048,0.171,0.171,,62,0.62,1,1
00000057_004.png,Infiltration,4,57,070Y,M,PA,2734,2991,0.143,0.143,,70,0.7,1,1
00000058_000.png,Atelectasis|Infiltration,0,58,045Y,F,PA,2048,2500,0.171,0.171,,45,0.45,0,1
00000059_000.png,No Finding,0,59,053Y,F,PA,2048,2500,0.171,0.171,,53,0.53,0,1
00000059_001.png,No Finding,1,59,054Y,F,PA,2048,2500,0.171,0.171,,54,0.54,0,1
00000060_000.png,Atelectasis,0,60,075Y,M,PA,2682,2761,0.143,0.143,,75,0.75,1,1
00000061_000.png,Infiltration|Nodule,0,61,077Y,M,PA,3056,2500,0.139,0.139,,77,0.77,1,1
00000061_001.png,Mass,1,61,077Y,M,PA,2530,2717,0.143,0.143,,77,0.77,1,1
00000061_002.png,Effusion,2,61,077Y,M,PA,2992,2991,0.143,0.143,,77,0.77,1,1
00000061_003.png,Effusion|Pleural_Thickening,3,61,077Y,M,PA,3056,2472,0.139,0.139,,77,0.77,1,1
00000061_004.png,Atelectasis|Effusion,4,61,077Y,M,AP,3056,2544,0.139,0.139,,77,0.77,1,0
00000061_005.png,Effusion|Infiltration,5,61,077Y,M,AP,3056,2544,0.139,0.139,,77,0.77,1,0
00000061_006.png,Effusion,6,61,077Y,M,AP,3056,2544,0.139,0.139,,77,0.77,1,0
00000061_007.png,Effusion,7,61,078Y,M,AP,2500,2048,0.168,0.168,,78,0.78,1,0
00000061_008.png,Effusion,8,61,078Y,M,AP,2500,2048,0.168,0.168,,78,0.78,1,0
00000061_009.png,Effusion|Infiltration,9,61,077Y,M,AP,3056,2544,0.139,0.139,,77,0.77,1,0
00000061_010.png,Effusion|Infiltration,10,61,077Y,M,AP,3056,2544,0.139,0.139,,77,0.77,1,0
00000061_011.png,Effusion,11,61,077Y,M,AP,3056,2524,0.139,0.139,,77,0.77,1,0
00000061_012.png,Edema|Effusion|Infiltration|Pleural_Thickening|Pneumonia,12,61,077Y,M,AP,3056,2544,0.139,0.139,,77,0.77,1,0
00000061_013.png,Effusion|Fibrosis,13,61,077Y,M,AP,3056,2544,0.139,0.139,,77,0.77,1,0
00000061_014.png,Effusion|Fibrosis,14,61,077Y,M,AP,3056,2544,0.139,0.139,,77,0.77,1,0
00000061_015.png,Pneumonia,15,61,077Y,M,AP,3056,2544,0.139,0.139,,77,0.77,1,0
00000061_016.png,No Finding,16,61,077Y,M,AP,3056,2544,0.139,0.139,,77,0.77,1,0
00000061_017.png,Edema|Effusion|Infiltration,17,61,077Y,M,AP,3056,2544,0.139,0.139,,77,0.77,1,0
00000061_018.png,Infiltration,18,61,077Y,M,AP,3056,2544,0.139,0.139,,77,0.77,1,0
00000061_019.png,No Finding,19,61,077Y,M,AP,3056,2544,0.139,0.139,,77,0.77,1,0
00000061_020.png,Edema|Effusion,20,61,077Y,M,AP,3056,2544,0.139,0.139,,77,0.77,1,0
00000061_021.png,No Finding,21,61,077Y,M,AP,3056,2544,0.139,0.139,,77,0.77,1,0
00000061_022.png,No Finding,22,61,077Y,M,AP,3056,2544,0.139,0.139,,77,0.77,1,0
00000061_023.png,Consolidation|Effusion|Infiltration|Mass,23,61,077Y,M,AP,3056,2544,0.139,0.139,,77,0.77,1,0
00000061_024.png,Infiltration,24,61,077Y,M,AP,3056,2544,0.139,0.139,,77,0.77,1,0
00000061_025.png,Consolidation|Effusion|Infiltration|Nodule,25,61,077Y,M,AP,3056,2544,0.139,0.139,,77,0.77,1,0
00000062_000.png,Infiltration,0,62,068Y,F,PA,2992,2991,0.143,0.143,,68,0.68,0,1
00000063_000.png,Infiltration,0,63,063Y,M,PA,2021,2021,0.194311,0.194311,,63,0.63,1,1
00000064_000.png,No Finding,0,64,057Y,M,PA,2758,2741,0.143,0.143,,57,0.57,1,1
00000065_000.png,No Finding,0,65,046Y,M,PA,2500,2048,0.168,0.168,,46,0.46,1,1
00000066_000.png,Atelectasis,0,66,056Y,F,PA,2910,2429,0.143,0.143,,56,0.56,0,1
00000067_000.png,Fibrosis,0,67,062Y,F,PA,2992,2991,0.143,0.143,,62,0.62,0,1
00000067_001.png,Atelectasis,1,67,065Y,F,PA,2992,2991,0.143,0.143,,65,0.65,0,1
00000067_002.png,No Finding,2,67,066Y,F,PA,2992,2991,0.143,0.143,,66,0.66,0,1
00000068_000.png,No Finding,0,68,065Y,F,PA,2992,2991,0.143,0.143,,65,0.65,0,1
00000069_000.png,Cardiomegaly,0,69,077Y,F,PA,2578,2991,0.143,0.143,,77,0.77,0,1
00000070_000.png,No Finding,0,70,050Y,F,PA,2048,2500,0.171,0.171,,50,0.5,0,1
00000071_000.png,Nodule,0,71,069Y,F,PA,2992,2991,0.143,0.143,,69,0.69,0,1
00000071_001.png,Pneumothorax,1,71,069Y,F,AP,2500,2048,0.168,0.168,,69,0.69,0,0
00000071_002.png,Effusion,2,71,069Y,F,PA,2992,2991,0.143,0.143,,69,0.69,0,1
00000071_003.png,No Finding,3,71,069Y,F,PA,2048,2500,0.168,0.168,,69,0.69,0,1
00000071_004.png,Nodule,4,71,069Y,F,PA,2048,2500,0.168,0.168,,69,0.69,0,1
00000071_005.png,Effusion|Infiltration,5,71,069Y,F,AP,2500,2048,0.168,0.168,,69,0.69,0,0
00000071_006.png,Effusion|Infiltration,6,71,069Y,F,PA,2602,2357,0.143,0.143,,69,0.69,0,1
00000071_007.png,Effusion,7,71,069Y,F,AP,2500,2048,0.168,0.168,,69,0.69,0,0
00000071_008.png,Mass,8,71,069Y,F,PA,2048,2500,0.168,0.168,,69,0.69,0,1
00000072_000.png,Atelectasis,0,72,067Y,F,PA,2450,2839,0.143,0.143,,67,0.67,0,1
00000073_000.png,No Finding,0,73,061Y,F,PA,2048,2500,0.171,0.171,,61,0.61,0,1
00000073_001.png,No Finding,1,73,062Y,F,PA,2048,2500,0.168,0.168,,62,0.62,0,1
00000073_002.png,Emphysema,2,73,063Y,F,AP,2048,2500,0.168,0.168,,63,0.63,0,0
00000073_003.png,No Finding,3,73,064Y,F,PA,2048,2500,0.168,0.168,,64,0.64,0,1
00000073_004.png,No Finding,4,73,064Y,F,PA,2992,2991,0.143,0.143,,64,0.64,0,1
00000073_005.png,No Finding,5,73,065Y,F,PA,2992,2991,0.143,0.143,,65,0.65,0,1
00000073_006.png,No Finding,6,73,066Y,F,PA,2946,2597,0.143,0.143,,66,0.66,0,1
00000073_007.png,No Finding,7,73,066Y,F,PA,2992,2991,0.143,0.143,,66,0.66,0,1
00000073_008.png,No Finding,8,73,067Y,F,PA,2618,2725,0.143,0.143,,67,0.67,0,1
00000073_009.png,No Finding,9,73,068Y,F,PA,2480,3056,0.139,0.139,,68,0.68,0,1
00000074_000.png,Effusion,0,74,076Y,M,PA,2992,2991,0.143,0.143,,76,0.76,1,1
00000075_000.png,Cardiomegaly,0,75,062Y,F,PA,2482,2991,0.143,0.143,,62,0.62,0,1
00000075_001.png,Cardiomegaly,1,75,061Y,F,PA,2742,2889,0.143,0.143,,61,0.61,0,1
00000077_000.png,Cardiomegaly,0,77,061Y,M,PA,2500,2048,0.171,0.171,,61,0.61,1,1
00000078_000.png,No Finding,0,78,073Y,F,PA,2992,2991,0.143,0.143,,73,0.73,0,1
00000078_001.png,Atelectasis|Effusion,1,78,073Y,F,PA,2992,2991,0.143,0.143,,73,0.73,0,1
00000078_002.png,Atelectasis|Effusion|Infiltration,2,78,073Y,F,AP,3056,2544,0.139,0.139,,73,0.73,0,0
00000079_000.png,Mass,0,79,063Y,M,PA,2500,2048,0.168,0.168,,63,0.63,1,1
00000080_000.png,No Finding,0,80,064Y,F,PA,2992,2991,0.143,0.143,,64,0.64,0,1
00000080_001.png,Atelectasis,1,80,066Y,F,PA,2544,3056,0.139,0.139,,66,0.66,0,1
00000080_002.png,No Finding,2,80,067Y,F,PA,1835,2021,0.194311,0.194311,,67,0.67,0,1
00000080_003.png,No Finding,3,80,067Y,F,AP,3056,2544,0.139,0.139,,67,0.67,0,0
00000080_004.png,Atelectasis,4,80,067Y,F,PA,2021,2021,0.194311,0.194311,,67,0.67,0,1
00000080_005.png,No Finding,5,80,067Y,F,PA,1884,2021,0.194311,0.194311,,67,0.67,0,1
00000081_000.png,No Finding,0,81,067Y,M,PA,2898,2777,0.143,0.143,,67,0.67,1,1
00000082_000.png,No Finding,0,82,051Y,M,PA,2992,2991,0.143,0.143,,51,0.51,1,1
00000083_000.png,No Finding,0,83,056Y,F,PA,2048,2500,0.171,0.171,,56,0.56,0,1
00000085_000.png,No Finding,0,85,062Y,M,PA,2686,2725,0.143,0.143,,62,0.62,1,1
00000086_000.png,No Finding,0,86,076Y,M,PA,2021,2021,0.194311,0.194311,,76,0.76,1,1
00000086_001.png,Emphysema,1,86,063Y,M,PA,2500,2048,0.171,0.171,,63,0.63,1,1
00000086_002.png,Atelectasis,2,86,063Y,M,PA,2500,2048,0.171,0.171,,63,0.63,1,1
00000087_000.png,No Finding,0,87,071Y,F,AP,3056,2544,0.139,0.139,,71,0.71,0,0
00000087_001.png,No Finding,1,87,071Y,F,PA,2992,2991,0.143,0.143,,71,0.71,0,1
00000088_000.png,Cardiomegaly|Effusion,0,88,044Y,F,PA,2048,2500,0.171,0.171,,44,0.44,0,1
00000089_000.png,Infiltration,0,89,061Y,F,PA,2434,2484,0.143,0.143,,61,0.61,0,1
00000090_000.png,No Finding,0,90,067Y,F,PA,2310,2991,0.143,0.143,,67,0.67,0,1
00000090_001.png,No Finding,1,90,068Y,F,AP,2500,2048,0.168,0.168,,68,0.68,0,0
00000090_002.png,No Finding,2,90,068Y,F,AP,2500,2048,0.168,0.168,,68,0.68,0,0
00000090_003.png,Effusion,3,90,068Y,F,AP,2500,2048,0.168,0.168,,68,0.68,0,0
00000090_004.png,Atelectasis|Effusion,4,90,068Y,F,AP,2500,2048,0.168,0.168,,68,0.68,0,0
00000090_005.png,Effusion|Emphysema|Infiltration,5,90,068Y,F,AP,2500,2048,0.168,0.168,,68,0.68,0,0
00000090_006.png,No Finding,6,90,067Y,F,PA,2992,2991,0.143,0.143,,67,0.67,0,1
00000090_007.png,No Finding,7,90,068Y,F,AP,2500,2048,0.168,0.168,,68,0.68,0,0
00000090_008.png,Effusion,8,90,067Y,F,PA,2514,2625,0.143,0.143,,67,0.67,0,1
00000090_009.png,Pneumothorax,9,90,067Y,F,PA,2992,2991,0.143,0.143,,67,0.67,0,1
00000090_010.png,No Finding,10,90,068Y,F,PA,2598,2885,0.143,0.143,,68,0.68,0,1
00000091_000.png,No Finding,0,91,069Y,M,PA,2834,2849,0.143,0.143,,69,0.69,1,1
00000091_001.png,Nodule,1,91,070Y,M,AP,2500,2048,0.168,0.168,,70,0.7,1,0
00000091_002.png,Infiltration|Mass,2,91,069Y,M,PA,2992,2991,0.143,0.143,,69,0.69,1,1
00000091_003.png,Mass,3,91,069Y,M,PA,2910,2991,0.143,0.143,,69,0.69,1,1
00000091_004.png,Infiltration,4,91,069Y,M,PA,2992,2991,0.143,0.143,,69,0.69,1,1
00000091_005.png,Effusion|Infiltration,5,91,070Y,M,PA,2500,2048,0.168,0.168,,70,0.7,1,1
00000091_006.png,No Finding,6,91,070Y,M,PA,2992,2991,0.143,0.143,,70,0.7,1,1
00000091_007.png,No Finding,7,91,070Y,M,AP,2500,2048,0.168,0.168,,70,0.7,1,0
00000091_008.png,Atelectasis,8,91,070Y,M,AP,2500,2048,0.168,0.168,,70,0.7,1,0
00000091_009.png,Effusion,9,91,070Y,M,AP,2500,2048,0.168,0.168,,70,0.7,1,0
00000091_010.png,Atelectasis|Infiltration,10,91,070Y,M,AP,2500,2048,0.168,0.168,,70,0.7,1,0
00000094_000.png,No Finding,0,94,063Y,M,PA,2992,2991,0.143,0.143,,63,0.63,1,1
00000095_000.png,No Finding,0,95,050Y,F,PA,2048,2500,0.171,0.171,,50,0.5,0,1
00000096_000.png,Cardiomegaly,0,96,067Y,F,PA,2646,2829,0.143,0.143,,67,0.67,0,1
00000096_001.png,Atelectasis|Cardiomegaly|Fibrosis,1,96,067Y,F,AP,2500,2048,0.168,0.168,,67,0.67,0,0
00000096_002.png,Effusion,2,96,067Y,F,PA,2992,2991,0.143,0.143,,67,0.67,0,1
00000096_003.png,Atelectasis|Effusion|Infiltration,3,96,067Y,F,PA,2646,2709,0.143,0.143,,67,0.67,0,1
00000096_004.png,Atelectasis|Effusion|Infiltration,4,96,067Y,F,PA,2048,2500,0.168,0.168,,67,0.67,0,1
00000096_005.png,Atelectasis|Cardiomegaly|Consolidation|Effusion,5,96,067Y,F,PA,2992,2991,0.143,0.143,,67,0.67,0,1
00000096_006.png,Effusion,6,96,067Y,F,PA,2242,2546,0.143,0.143,,67,0.67,0,1
00000096_007.png,Consolidation|Effusion,7,96,067Y,F,PA,2992,2991,0.143,0.143,,67,0.67,0,1
00000096_008.png,No Finding,8,96,067Y,F,PA,2562,2965,0.143,0.143,,67,0.67,0,1
00000098_000.png,No Finding,0,98,063Y,F,PA,2021,2021,0.194311,0.194311,,63,0.63,0,1
00000099_000.png,Atelectasis|Effusion,0,99,055Y,F,PA,2048,2500,0.168,0.168,,55,0.55,0,1
00000099_001.png,Atelectasis|Effusion,1,99,055Y,F,PA,2048,2500,0.168,0.168,,55,0.55,0,1
00000099_002.png,Effusion,2,99,056Y,F,PA,2048,2500,0.168,0.168,,56,0.56,0,1
00000099_003.png,Effusion,3,99,056Y,F,PA,2830,2801,0.143,0.143,,56,0.56,0,1
00000099_004.png,Infiltration,4,99,056Y,F,PA,2272,2526,0.143,0.143,,56,0.56,0,1
00000099_005.png,Atelectasis|Effusion|Infiltration,5,99,058Y,F,AP,2048,2500,0.168,0.168,,58,0.58,0,0
00000099_006.png,No Finding,6,99,058Y,F,AP,2048,2500,0.168,0.168,,58,0.58,0,0
00000099_007.png,Consolidation|Effusion,7,99,058Y,F,AP,2500,2048,0.168,0.168,,58,0.58,0,0
00000099_008.png,Effusion,8,99,058Y,F,AP,2500,2048,0.168,0.168,,58,0.58,0,0
00000099_009.png,Effusion,9,99,057Y,F,PA,2822,2829,0.143,0.143,,57,0.57,0,1
00000099_010.png,Atelectasis|Effusion,10,99,057Y,F,PA,2646,1831,0.143,0.143,,57,0.57,0,1
00000099_011.png,Atelectasis|Consolidation,11,99,057Y,F,PA,2674,2991,0.143,0.143,,57,0.57,0,1
00000099_012.png,Effusion,12,99,058Y,F,PA,2624,2430,0.143,0.143,,58,0.58,0,1
00000099_013.png,Effusion|Fibrosis,13,99,059Y,F,PA,2454,2645,0.143,0.143,,59,0.59,0,1
00000101_000.png,Nodule,0,101,033Y,M,PA,2500,2048,0.171,0.171,,33,0.33,1,1
00000102_000.png,Infiltration,0,102,061Y,F,PA,2021,2021,0.194311,0.194311,,61,0.61,0,1
00000103_000.png,Mass,0,103,060Y,M,PA,2992,2991,0.143,0.143,,60,0.6,1,1
00000103_001.png,Mass|Pneumothorax,1,103,060Y,M,PA,2500,2048,0.168,0.168,,60,0.6,1,1
00000103_002.png,Mass|Pneumothorax,2,103,060Y,M,PA,2500,2048,0.168,0.168,,60,0.6,1,1
00000103_003.png,Pneumothorax,3,103,060Y,M,PA,2500,2048,0.168,0.168,,60,0.6,1,1
00000103_004.png,Mass|Pneumothorax,4,103,060Y,M,PA,2992,2991,0.143,0.143,,60,0.6,1,1
00000103_005.png,Mass|Pneumothorax,5,103,060Y,M,PA,2992,2991,0.143,0.143,,60,0.6,1,1
00000103_006.png,Pneumothorax,6,103,060Y,M,PA,2992,2991,0.143,0.143,,60,0.6,1,1
00000103_007.png,Mass|Pneumothorax,7,103,060Y,M,PA,2890,2991,0.143,0.143,,60,0.6,1,1
00000103_008.png,Mass,8,103,060Y,M,PA,2634,2649,0.143,0.143,,60,0.6,1,1
00000103_009.png,Mass|Pneumothorax,9,103,060Y,M,PA,2806,2905,0.143,0.143,,60,0.6,1,1
00000103_010.png,Atelectasis|Mass,10,103,060Y,M,PA,2992,2991,0.143,0.143,,60,0.6,1,1
00000103_011.png,Atelectasis|Mass,11,103,059Y,M,PA,2574,2991,0.143,0.143,,59,0.59,1,1
00000105_000.png,No Finding,0,105,064Y,M,PA,2021,2021,0.194311,0.194311,,64,0.64,1,1
00000105_001.png,No Finding,1,105,052Y,M,PA,2500,2048,0.171,0.171,,52,0.52,1,1
00000105_002.png,Infiltration,2,105,052Y,M,AP,2500,2048,0.171,0.171,,52,0.52,1,0
00000105_003.png,No Finding,3,105,052Y,M,PA,2500,2048,0.171,0.171,,52,0.52,1,1
00000105_004.png,Nodule,4,105,053Y,M,PA,2500,2048,0.171,0.171,,53,0.53,1,1
00000105_005.png,Nodule,5,105,055Y,M,PA,2500,2048,0.168,0.168,,55,0.55,1,1
00000106_000.png,No Finding,0,106,060Y,F,PA,2500,2048,0.171,0.171,,60,0.6,0,1
00000107_000.png,No Finding,0,107,061Y,F,PA,2048,2500,0.171,0.171,,61,0.61,0,1
00000107_001.png,Pleural_Thickening,1,107,063Y,F,PA,2048,2500,0.168,0.168,,63,0.63,0,1
00000108_000.png,No Finding,0,108,042Y,F,PA,2048,2500,0.171,0.171,,42,0.42,0,1
00000108_001.png,No Finding,1,108,042Y,F,AP,2500,2048,0.171,0.171,,42,0.42,0,0
00000109_000.png,Atelectasis,0,109,054Y,M,AP,3056,2544,0.139,0.139,,54,0.54,1,0
00000109_001.png,Atelectasis|Effusion,1,109,054Y,M,PA,2992,2991,0.143,0.143,,54,0.54,1,1
00000109_002.png,No Finding,2,109,055Y,M,PA,3020,2528,0.139,0.139,,55,0.55,1,1
00000109_003.png,Atelectasis,3,109,055Y,M,PA,2992,2991,0.143,0.143,,55,0.55,1,1
00000109_004.png,No Finding,4,109,056Y,M,PA,2021,2021,0.194311,0.194311,,56,0.56,1,1
00000109_005.png,No Finding,5,109,057Y,M,PA,2021,2021,0.194311,0.194311,,57,0.57,1,1
00000109_006.png,No Finding,6,109,058Y,M,PA,2021,2021,0.194311,0.194311,,58,0.58,1,1
00000110_000.png,No Finding,0,110,048Y,F,PA,2048,2500,0.171,0.171,,48,0.48,0,1
00000111_000.png,Hernia,0,111,087Y,F,PA,2048,2500,0.168,0.168,,87,0.87,0,1
00000112_000.png,Atelectasis|Effusion|Mass,0,112,049Y,M,PA,2500,2048,0.171,0.171,,49,0.49,1,1
00000112_001.png,No Finding,1,112,049Y,M,AP,2500,2048,0.171,0.171,,49,0.49,1,0
00000112_002.png,Consolidation,2,112,050Y,M,PA,2500,2048,0.171,0.171,,50,0.5,1,1
00000113_000.png,No Finding,0,113,073Y,M,PA,2992,2991,0.143,0.143,,73,0.73,1,1
00000113_001.png,Atelectasis|Cardiomegaly|Effusion,1,113,073Y,M,PA,2992,2991,0.143,0.143,,73,0.73,1,1
00000114_000.png,Infiltration,0,114,065Y,M,PA,2992,2991,0.143,0.143,,65,0.65,1,1
00000115_000.png,No Finding,0,115,049Y,F,PA,2048,2500,0.171,0.171,,49,0.49,0,1
00000115_001.png,Infiltration,1,115,056Y,F,PA,2634,2461,0.143,0.143,,56,0.56,0,1
00000116_000.png,Cardiomegaly,0,116,074Y,F,PA,2048,2500,0.168,0.168,,74,0.74,0,1
00000116_001.png,Effusion,1,116,075Y,F,AP,2500,2048,0.168,0.168,,75,0.75,0,0
00000116_002.png,Effusion,2,116,075Y,F,AP,2500,2048,0.168,0.168,,75,0.75,0,0
00000116_003.png,Effusion,3,116,075Y,F,AP,2500,2048,0.168,0.168,,75,0.75,0,0
00000116_004.png,Effusion,4,116,075Y,F,AP,2500,2048,0.168,0.168,,75,0.75,0,0
00000116_005.png,Effusion,5,116,075Y,F,AP,2500,2048,0.168,0.168,,75,0.75,0,0
00000116_006.png,Effusion,6,116,075Y,F,AP,2500,2048,0.168,0.168,,75,0.75,0,0
00000116_007.png,Consolidation|Effusion|Infiltration,7,116,075Y,F,AP,2500,2048,0.168,0.168,,75,0.75,0,0
00000116_008.png,Effusion,8,116,075Y,F,AP,2500,2048,0.168,0.168,,75,0.75,0,0
00000116_009.png,Effusion,9,116,075Y,F,AP,2500,2048,0.168,0.168,,75,0.75,0,0
00000116_010.png,Cardiomegaly|Effusion,10,116,075Y,F,AP,2500,2048,0.168,0.168,,75,0.75,0,0
00000116_011.png,Effusion,11,116,075Y,F,AP,2500,2048,0.168,0.168,,75,0.75,0,0
00000116_012.png,Pneumothorax,12,116,075Y,F,AP,2500,2048,0.168,0.168,,75,0.75,0,0
00000116_013.png,Cardiomegaly|Consolidation,13,116,075Y,F,AP,2500,2048,0.168,0.168,,75,0.75,0,0
00000116_014.png,Consolidation,14,116,075Y,F,AP,2500,2048,0.168,0.168,,75,0.75,0,0
00000116_015.png,Consolidation,15,116,075Y,F,AP,2500,2048,0.168,0.168,,75,0.75,0,0
00000116_016.png,Cardiomegaly,16,116,075Y,F,AP,2500,2048,0.168,0.168,,75,0.75,0,0
00000116_017.png,Consolidation|Effusion,17,116,075Y,F,AP,2500,2048,0.168,0.168,,75,0.75,0,0
00000116_018.png,Consolidation|Effusion,18,116,075Y,F,AP,2500,2048,0.168,0.168,,75,0.75,0,0
00000116_019.png,Consolidation,19,116,075Y,F,AP,2500,2048,0.168,0.168,,75,0.75,0,0
00000116_020.png,Effusion,20,116,075Y,F,AP,2500,2048,0.168,0.168,,75,0.75,0,0
00000116_021.png,Effusion|Pneumothorax,21,116,075Y,F,AP,2500,2048,0.168,0.168,,75,0.75,0,0
00000116_022.png,Effusion,22,116,075Y,F,AP,2500,2048,0.168,0.168,,75,0.75,0,0
00000116_023.png,Effusion|Infiltration,23,116,075Y,F,AP,2500,2048,0.168,0.168,,75,0.75,0,0
00000116_024.png,Effusion|Infiltration,24,116,075Y,F,AP,2500,2048,0.168,0.168,,75,0.75,0,0
00000116_025.png,Effusion|Infiltration,25,116,075Y,F,AP,2500,2048,0.168,0.168,,75,0.75,0,0
00000116_026.png,Infiltration,26,116,075Y,F,AP,2500,2048,0.168,0.168,,75,0.75,0,0
00000116_027.png,No Finding,27,116,075Y,F,AP,2500,2048,0.168,0.168,,75,0.75,0,0
00000116_028.png,Effusion,28,116,075Y,F,AP,2500,2048,0.168,0.168,,75,0.75,0,0
00000116_029.png,Atelectasis|Effusion,29,116,075Y,F,AP,2500,2048,0.168,0.168,,75,0.75,0,0
00000116_030.png,No Finding,30,116,075Y,F,AP,2500,2048,0.168,0.168,,75,0.75,0,0
00000116_031.png,Cardiomegaly|Consolidation,31,116,075Y,F,AP,2500,2048,0.168,0.168,,75,0.75,0,0
00000116_032.png,Cardiomegaly|Consolidation,32,116,075Y,F,AP,2500,2048,0.168,0.168,,75,0.75,0,0
00000116_033.png,Effusion,33,116,075Y,F,AP,2500,2048,0.168,0.168,,75,0.75,0,0
00000116_034.png,Cardiomegaly|Effusion|Pleural_Thickening,34,116,075Y,F,AP,2500,2048,0.168,0.168,,75,0.75,0,0
00000116_035.png,Atelectasis|Effusion,35,116,075Y,F,AP,2500,2048,0.168,0.168,,75,0.75,0,0
00000116_036.png,Effusion,36,116,075Y,F,AP,2500,2048,0.168,0.168,,75,0.75,0,0
00000116_037.png,Cardiomegaly|Effusion,37,116,075Y,F,AP,2500,2048,0.168,0.168,,75,0.75,0,0
00000116_038.png,No Finding,38,116,075Y,F,AP,2500,2048,0.168,0.168,,75,0.75,0,0
00000116_039.png,No Finding,39,116,075Y,F,AP,2500,2048,0.168,0.168,,75,0.75,0,0
00000116_040.png,Cardiomegaly|Consolidation,40,116,075Y,F,AP,2500,2048,0.168,0.168,,75,0.75,0,0
00000117_000.png,Effusion,0,117,079Y,F,PA,2048,2500,0.171,0.171,,79,0.79,0,1
00000117_001.png,Effusion,1,117,079Y,F,PA,2048,2500,0.171,0.171,,79,0.79,0,1
00000118_000.png,Emphysema,0,118,073Y,M,AP,3056,2544,0.139,0.139,,73,0.73,1,0
00000118_001.png,Atelectasis|Emphysema,1,118,073Y,M,PA,2990,2991,0.143,0.143,,73,0.73,1,1
00000118_002.png,Emphysema|Pneumothorax,2,118,073Y,M,PA,2992,2991,0.143,0.143,,73,0.73,1,1
00000118_003.png,Atelectasis|Emphysema|Pneumothorax,3,118,073Y,M,PA,2992,2991,0.143,0.143,,73,0.73,1,1
00000118_004.png,Emphysema|Pneumothorax,4,118,073Y,M,PA,2992,2991,0.143,0.143,,73,0.73,1,1
00000118_005.png,Pneumothorax,5,118,073Y,M,PA,2992,2991,0.143,0.143,,73,0.73,1,1
00000118_006.png,Atelectasis|Emphysema,6,118,073Y,M,PA,2992,2991,0.143,0.143,,73,0.73,1,1
00000118_007.png,Atelectasis,7,118,073Y,M,PA,2992,2991,0.143,0.143,,73,0.73,1,1
00000118_008.png,No Finding,8,118,073Y,M,PA,3056,2544,0.139,0.139,,73,0.73,1,1
00000118_009.png,Pneumothorax,9,118,073Y,M,AP,3056,2544,0.139,0.139,,73,0.73,1,0
00000118_010.png,Pneumothorax,10,118,073Y,M,PA,2992,2991,0.143,0.143,,73,0.73,1,1
00000118_011.png,Pneumothorax,11,118,073Y,M,PA,2774,2991,0.143,0.143,,73,0.73,1,1
00000118_012.png,No Finding,12,118,073Y,M,PA,2622,2991,0.143,0.143,,73,0.73,1,1
00000118_013.png,Infiltration,13,118,073Y,M,PA,2992,2991,0.143,0.143,,73,0.73,1,1
00000118_014.png,No Finding,14,118,073Y,M,PA,2992,2991,0.143,0.143,,73,0.73,1,1
00000118_015.png,Effusion,15,118,073Y,M,PA,2992,2991,0.143,0.143,,73,0.73,1,1
00000118_016.png,No Finding,16,118,073Y,M,PA,2992,2991,0.143,0.143,,73,0.73,1,1
00000119_000.png,Infiltration,0,119,060Y,M,PA,2992,2991,0.143,0.143,,60,0.6,1,1
00000119_001.png,Atelectasis,1,119,056Y,M,AP,2500,2048,0.168,0.168,,56,0.56,1,0
00000121_000.png,No Finding,0,121,046Y,M,PA,2500,2048,0.171,0.171,,46,0.46,1,1
00000121_001.png,No Finding,1,121,053Y,M,PA,2992,2991,0.143,0.143,,53,0.53,1,1
00000121_002.png,No Finding,2,121,053Y,M,PA,2886,2991,0.143,0.143,,53,0.53,1,1
00000121_003.png,No Finding,3,121,053Y,M,PA,2992,2991,0.143,0.143,,53,0.53,1,1
00000121_004.png,No Finding,4,121,054Y,M,AP,2500,2048,0.168,0.168,,54,0.54,1,0
00000121_005.png,No Finding,5,121,053Y,M,PA,2992,2991,0.143,0.143,,53,0.53,1,1
00000121_006.png,Effusion,6,121,053Y,M,PA,2844,2808,0.143,0.143,,53,0.53,1,1
00000121_007.png,Effusion,7,121,053Y,M,PA,2992,2991,0.143,0.143,,53,0.53,1,1
00000121_008.png,No Finding,8,121,053Y,M,PA,2992,2991,0.143,0.143,,53,0.53,1,1
00000121_009.png,No Finding,9,121,054Y,M,AP,2500,2048,0.168,0.168,,54,0.54,1,0
00000123_000.png,Cardiomegaly|Emphysema,0,123,050Y,M,PA,2048,2500,0.171,0.171,,50,0.5,1,1
00000124_000.png,Cardiomegaly|Infiltration,0,124,069Y,M,PA,2794,2745,0.143,0.143,,69,0.69,1,1
00000125_000.png,Infiltration,0,125,048Y,F,PA,2048,2500,0.171,0.171,,48,0.48,0,1
00000126_000.png,No Finding,0,126,050Y,M,PA,2500,2048,0.168,0.168,,50,0.5,1,1
00000127_000.png,No Finding,0,127,056Y,F,PA,2048,2500,0.168,0.168,,56,0.56,0,1
00000127_001.png,No Finding,1,127,056Y,F,PA,2398,2991,0.143,0.143,,56,0.56,0,1
00000127_002.png,Effusion,2,127,056Y,F,AP,2500,2048,0.168,0.168,,56,0.56,0,0
00000127_003.png,Effusion,3,127,056Y,F,AP,2500,2048,0.168,0.168,,56,0.56,0,0
00000127_004.png,Effusion,4,127,056Y,F,AP,2500,2048,0.168,0.168,,56,0.56,0,0
00000127_005.png,Effusion,5,127,056Y,F,AP,2500,2048,0.168,0.168,,56,0.56,0,0
00000127_006.png,No Finding,6,127,056Y,F,AP,2500,2048,0.168,0.168,,56,0.56,0,0
00000127_007.png,Effusion,7,127,056Y,F,AP,2500,2048,0.168,0.168,,56,0.56,0,0
00000127_008.png,No Finding,8,127,056Y,F,PA,2326,2460,0.143,0.143,,56,0.56,0,1
00000127_009.png,Atelectasis|Infiltration,9,127,056Y,F,AP,3056,2544,0.139,0.139,,56,0.56,0,0
00000127_010.png,Atelectasis|Infiltration,10,127,056Y,F,AP,3056,2544,0.139,0.139,,56,0.56,0,0
00000129_000.png,No Finding,0,129,066Y,F,PA,2462,2991,0.143,0.143,,66,0.66,0,1
00000129_001.png,No Finding,1,129,067Y,F,PA,2992,2991,0.143,0.143,,67,0.67,0,1
00000130_000.png,No Finding,0,130,052Y,F,PA,2048,2500,0.171,0.171,,52,0.52,0,1
00000131_000.png,Infiltration,0,131,063Y,M,PA,2682,2596,0.143,0.143,,63,0.63,1,1
00000131_001.png,Cardiomegaly,1,131,066Y,M,PA,2021,2021,0.194311,0.194311,,66,0.66,1,1
00000131_002.png,Cardiomegaly|Emphysema,2,131,055Y,M,PA,2500,2048,0.168,0.168,,55,0.55,1,1
00000132_000.png,No Finding,0,132,059Y,F,PA,2048,2500,0.168,0.168,,59,0.59,0,1
00000132_001.png,Consolidation|Edema,1,132,060Y,F,PA,2992,2991,0.143,0.143,,60,0.6,0,1
00000132_002.png,Consolidation|Pleural_Thickening,2,132,060Y,F,PA,2750,2991,0.143,0.143,,60,0.6,0,1
00000132_003.png,Effusion,3,132,062Y,F,PA,2048,2500,0.168,0.168,,62,0.62,0,1
00000132_004.png,Effusion|Fibrosis|Nodule|Pleural_Thickening,4,132,063Y,F,PA,2594,2991,0.143,0.143,,63,0.63,0,1
00000132_005.png,Effusion|Fibrosis|Mass|Nodule|Pleural_Thickening,5,132,064Y,F,PA,2670,2991,0.143,0.143,,64,0.64,0,1
00000132_006.png,Infiltration,6,132,064Y,F,PA,2638,2991,0.143,0.143,,64,0.64,0,1
00000133_000.png,Effusion|Nodule,0,133,067Y,M,PA,2992,2991,0.143,0.143,,67,0.67,1,1
00000133_001.png,No Finding,1,133,068Y,M,PA,2986,2991,0.143,0.143,,68,0.68,1,1
00000133_002.png,No Finding,2,133,068Y,M,AP,3056,2544,0.139,0.139,,68,0.68,1,0
00000135_000.png,No Finding,0,135,070Y,M,PA,2500,2048,0.168,0.168,,70,0.7,1,1
00000135_001.png,No Finding,1,135,070Y,M,AP,2500,2048,0.168,0.168,,70,0.7,1,0
00000136_000.png,No Finding,0,136,058Y,F,PA,2750,2657,0.143,0.143,,58,0.58,0,1
00000137_000.png,No Finding,0,137,052Y,M,PA,2992,2991,0.143,0.143,,52,0.52,1,1
00000137_001.png,No Finding,1,137,052Y,M,AP,3056,2544,0.139,0.139,,52,0.52,1,0
00000138_000.png,No Finding,0,138,061Y,F,PA,2048,2500,0.171,0.171,,61,0.61,0,1
00000138_001.png,No Finding,1,138,062Y,F,PA,2048,2500,0.168,0.168,,62,0.62,0,1
00000138_002.png,Atelectasis|Fibrosis,2,138,063Y,F,PA,2048,2500,0.168,0.168,,63,0.63,0,1
00000138_003.png,No Finding,3,138,064Y,F,PA,2992,2991,0.143,0.143,,64,0.64,0,1
00000138_004.png,Nodule,4,138,065Y,F,PA,2822,2541,0.143,0.143,,65,0.65,0,1
00000138_005.png,Effusion|Nodule|Pleural_Thickening,5,138,066Y,F,PA,2642,2991,0.143,0.143,,66,0.66,0,1
00000138_006.png,Pleural_Thickening,6,138,068Y,F,PA,2350,2705,0.143,0.143,,68,0.68,0,1
00000139_000.png,No Finding,0,139,058Y,F,PA,2048,2500,0.171,0.171,,58,0.58,0,1
00000139_001.png,No Finding,1,139,058Y,F,PA,2048,2500,0.171,0.171,,58,0.58,0,1
00000139_002.png,No Finding,2,139,058Y,F,PA,2048,2500,0.171,0.171,,58,0.58,0,1
00000140_000.png,No Finding,0,140,025Y,F,PA,2048,2500,0.168,0.168,,25,0.25,0,1
00000141_000.png,No Finding,0,141,031Y,M,PA,2500,2048,0.171,0.171,,31,0.31,1,1
00000142_000.png,No Finding,0,142,047Y,M,PA,2048,2500,0.171,0.171,,47,0.47,1,1
00000143_000.png,No Finding,0,143,094Y,M,AP,3056,2544,0.139,0.139,,94,0.94,1,0
00000143_001.png,No Finding,1,143,094Y,M,PA,2892,2894,0.143,0.143,,94,0.94,1,1
00000143_002.png,Effusion|Infiltration,2,143,094Y,M,PA,2926,2322,0.143,0.143,,94,0.94,1,1
00000143_003.png,No Finding,3,143,089Y,M,PA,2302,2991,0.143,0.143,,89,0.89,1,1
00000143_004.png,No Finding,4,143,090Y,M,PA,2558,2991,0.143,0.143,,90,0.9,1,1
00000143_005.png,No Finding,5,143,091Y,M,PA,2500,2048,0.168,0.168,,91,0.91,1,1
00000143_006.png,Infiltration,6,143,090Y,M,PA,2466,2758,0.143,0.143,,90,0.9,1,1
00000143_007.png,No Finding,7,143,092Y,M,AP,2500,2048,0.168,0.168,,92,0.92,1,0
00000143_008.png,Atelectasis,8,143,092Y,M,AP,2500,2048,0.168,0.168,,92,0.92,1,0
00000143_009.png,Atelectasis,9,143,091Y,M,PA,2992,2991,0.143,0.143,,91,0.91,1,1
00000143_010.png,No Finding,10,143,092Y,M,PA,2048,2500,0.168,0.168,,92,0.92,1,1
00000143_011.png,Atelectasis,11,143,091Y,M,PA,2992,2991,0.143,0.143,,91,0.91,1,1
00000143_012.png,Atelectasis|Effusion|Infiltration,12,143,092Y,M,AP,3056,2544,0.139,0.139,,92,0.92,1,0
00000144_000.png,No Finding,0,144,083Y,M,PA,2500,2048,0.168,0.168,,83,0.83,1,1
00000144_001.png,Pneumonia,1,144,083Y,M,AP,2500,2048,0.168,0.168,,83,0.83,1,0
00000144_002.png,No Finding,2,144,083Y,M,AP,2500,2048,0.168,0.168,,83,0.83,1,0
00000144_003.png,Effusion,3,144,083Y,M,PA,2500,2048,0.168,0.168,,83,0.83,1,1
00000146_000.png,No Finding,0,146,055Y,F,PA,2048,2500,0.168,0.168,,55,0.55,0,1
00000147_000.png,Infiltration,0,147,066Y,F,PA,2898,2991,0.143,0.143,,66,0.66,0,1
00000147_001.png,Atelectasis,1,147,066Y,F,PA,2742,2948,0.143,0.143,,66,0.66,0,1
00000147_002.png,Atelectasis|Effusion|Pleural_Thickening,2,147,067Y,F,AP,2500,2048,0.168,0.168,,67,0.67,0,0
00000149_000.png,No Finding,0,149,068Y,M,PA,2992,2991,0.143,0.143,,68,0.68,1,1
00000149_001.png,No Finding,1,149,070Y,M,PA,2650,2781,0.143,0.143,,70,0.7,1,1
00000149_002.png,Atelectasis,2,149,070Y,M,PA,2770,2849,0.143,0.143,,70,0.7,1,1
00000149_003.png,No Finding,3,149,070Y,M,PA,2892,2898,0.143,0.143,,70,0.7,1,1
00000149_004.png,No Finding,4,149,070Y,M,PA,2678,2991,0.143,0.143,,70,0.7,1,1
00000149_005.png,Atelectasis,5,149,071Y,M,AP,2500,2048,0.168,0.168,,71,0.71,1,0
00000149_006.png,Atelectasis,6,149,071Y,M,AP,2500,2048,0.168,0.168,,71,0.71,1,0
00000149_007.png,Fibrosis|Infiltration,7,149,071Y,M,PA,2500,2048,0.168,0.168,,71,0.71,1,1
00000149_008.png,No Finding,8,149,070Y,M,PA,2682,2689,0.143,0.143,,70,0.7,1,1
00000149_009.png,No Finding,9,149,070Y,M,PA,2838,2991,0.143,0.143,,70,0.7,1,1
00000150_000.png,Effusion,0,150,054Y,F,PA,1803,2022,0.194311,0.194311,,54,0.54,0,1
00000150_001.png,No Finding,1,150,054Y,F,AP,3056,2544,0.139,0.139,,54,0.54,0,0
00000150_002.png,Atelectasis|Infiltration,2,150,055Y,F,AP,3056,2544,0.139,0.139,,55,0.55,0,0
00000150_003.png,Atelectasis,3,150,055Y,F,AP,3056,2544,0.139,0.139,,55,0.55,0,0
00000150_004.png,Atelectasis|Effusion,4,150,055Y,F,PA,2544,3056,0.139,0.139,,55,0.55,0,1
00000150_005.png,No Finding,5,150,055Y,F,AP,3056,2544,0.139,0.139,,55,0.55,0,0
00000152_000.png,No Finding,0,152,065Y,M,PA,3056,2544,0.139,0.139,,65,0.65,1,1
00000153_000.png,No Finding,0,153,055Y,M,PA,2544,3056,0.139,0.139,,55,0.55,1,1
00000153_001.png,Atelectasis,1,153,057Y,M,PA,2021,2021,0.194311,0.194311,,57,0.57,1,1
00000154_000.png,Infiltration,0,154,054Y,F,PA,2992,2991,0.143,0.143,,54,0.54,0,1
00000154_001.png,Infiltration|Nodule,1,154,056Y,F,PA,2048,2500,0.168,0.168,,56,0.56,0,1
00000155_000.png,Cardiomegaly,0,155,058Y,F,PA,2822,2991,0.143,0.143,,58,0.58,0,1
00000155_001.png,No Finding,1,155,052Y,F,PA,2936,2948,0.143,0.143,,52,0.52,0,1
00000156_000.png,Cardiomegaly|Infiltration,0,156,081Y,M,AP,2500,2048,0.171,0.171,,81,0.81,1,0
00000156_001.png,Cardiomegaly|Effusion,1,156,081Y,M,AP,2500,2048,0.171,0.171,,81,0.81,1,0
00000157_000.png,Nodule,0,157,040Y,F,PA,2048,2500,0.171,0.171,,40,0.4,0,1
00000158_000.png,No Finding,0,158,058Y,F,PA,2992,2991,0.143,0.143,,58,0.58,0,1
00000159_000.png,Fibrosis,0,159,051Y,M,PA,2992,2991,0.143,0.143,,51,0.51,1,1
00000160_000.png,No Finding,0,160,069Y,F,PA,2992,2991,0.143,0.143,,69,0.69,0,1
00000161_000.png,No Finding,0,161,067Y,F,PA,2048,2500,0.168,0.168,,67,0.67,0,1
00000162_000.png,No Finding,0,162,070Y,F,PA,2048,2500,0.171,0.171,,70,0.7,0,1
00000163_000.png,No Finding,0,163,070Y,M,PA,2992,2991,0.143,0.143,,70,0.7,1,1
00000163_001.png,No Finding,1,163,070Y,M,PA,2992,2991,0.143,0.143,,70,0.7,1,1
00000164_000.png,Nodule,0,164,069Y,M,PA,2992,2981,0.143,0.143,,69,0.69,1,1
00000165_000.png,No Finding,0,165,076Y,M,PA,2992,2991,0.143,0.143,,76,0.76,1,1
00000165_001.png,Pneumonia,1,165,076Y,M,PA,2992,2991,0.143,0.143,,76,0.76,1,1
00000165_002.png,No Finding,2,165,077Y,M,AP,2500,2048,0.168,0.168,,77,0.77,1,0
00000165_003.png,Emphysema,3,165,077Y,M,PA,2992,2991,0.143,0.143,,77,0.77,1,1
00000165_004.png,Pleural_Thickening,4,165,077Y,M,PA,2992,2991,0.143,0.143,,77,0.77,1,1
00000165_005.png,Pleural_Thickening,5,165,077Y,M,PA,2992,2991,0.143,0.143,,77,0.77,1,1
00000165_006.png,Pleural_Thickening,6,165,077Y,M,PA,2500,2048,0.168,0.168,,77,0.77,1,1
00000165_007.png,Nodule,7,165,077Y,M,PA,2992,2991,0.143,0.143,,77,0.77,1,1
00000165_008.png,No Finding,8,165,078Y,M,PA,2940,2900,0.143,0.143,,78,0.78,1,1
00000166_000.png,No Finding,0,166,070Y,M,PA,3056,2544,0.139,0.139,,70,0.7,1,1
00000167_000.png,No Finding,0,167,069Y,F,PA,2992,2991,0.143,0.143,,69,0.69,0,1
00000167_001.png,No Finding,1,167,069Y,F,PA,2544,3056,0.139,0.139,,69,0.69,0,1
00000170_000.png,No Finding,0,170,052Y,F,PA,2510,2991,0.143,0.143,,52,0.52,0,1
00000171_000.png,No Finding,0,171,060Y,F,PA,2048,2500,0.168,0.168,,60,0.6,0,1
00000172_000.png,No Finding,0,172,078Y,F,PA,2048,2500,0.171,0.171,,78,0.78,0,1
00000172_001.png,No Finding,1,172,081Y,F,PA,2500,2048,0.168,0.168,,81,0.81,0,1
00000172_002.png,No Finding,2,172,082Y,F,PA,2992,2991,0.143,0.143,,82,0.82,0,1
00000172_003.png,No Finding,3,172,083Y,F,PA,2048,2500,0.168,0.168,,83,0.83,0,1
00000172_004.png,No Finding,4,172,085Y,F,PA,2588,2496,0.143,0.143,,85,0.85,0,1
00000172_005.png,No Finding,5,172,085Y,F,PA,2774,2991,0.143,0.143,,85,0.85,0,1
00000172_006.png,No Finding,6,172,087Y,F,PA,2992,2991,0.143,0.143,,87,0.87,0,1
00000173_000.png,Infiltration,0,173,067Y,F,PA,2048,2500,0.168,0.168,,67,0.67,0,1
00000173_001.png,No Finding,1,173,068Y,F,PA,2992,2991,0.143,0.143,,68,0.68,0,1
00000175_000.png,No Finding,0,175,060Y,M,PA,2992,2991,0.143,0.143,,60,0.6,1,1
00000175_001.png,Atelectasis,1,175,060Y,M,AP,3056,2544,0.139,0.139,,60,0.6,1,0
00000175_002.png,Atelectasis,2,175,060Y,M,AP,3056,2544,0.139,0.139,,60,0.6,1,0
00000176_000.png,No Finding,0,176,073Y,F,PA,2048,2500,0.171,0.171,,73,0.73,0,1
00000176_001.png,Cardiomegaly,1,176,074Y,F,PA,2048,2500,0.171,0.171,,74,0.74,0,1
00000176_002.png,Atelectasis|Cardiomegaly|Fibrosis,2,176,077Y,F,PA,2334,2457,0.143,0.143,,77,0.77,0,1
00000177_000.png,No Finding,0,177,064Y,M,PA,2992,2991,0.143,0.143,,64,0.64,1,1
00000177_001.png,No Finding,1,177,065Y,M,PA,2992,2991,0.143,0.143,,65,0.65,1,1
00000177_002.png,No Finding,2,177,066Y,M,PA,2021,2021,0.194311,0.194311,,66,0.66,1,1
00000177_003.png,No Finding,3,177,055Y,M,PA,2500,2048,0.171,0.171,,55,0.55,1,1
00000177_004.png,No Finding,4,177,059Y,M,PA,2500,2048,0.168,0.168,,59,0.59,1,1
00000177_005.png,No Finding,5,177,060Y,M,PA,2706,2991,0.143,0.143,,60,0.6,1,1
00000178_000.png,Infiltration,0,178,047Y,M,PA,3056,2544,0.139,0.139,,47,0.47,1,1
00000179_000.png,No Finding,0,179,063Y,M,AP,2500,2048,0.168,0.168,,63,0.63,1,0
00000179_001.png,Infiltration,1,179,063Y,M,AP,2500,2048,0.168,0.168,,63,0.63,1,0
00000179_002.png,Atelectasis|Infiltration,2,179,063Y,M,AP,2500,2048,0.168,0.168,,63,0.63,1,0
00000179_003.png,Infiltration,3,179,063Y,M,AP,2500,2048,0.168,0.168,,63,0.63,1,0
00000179_004.png,Consolidation|Infiltration,4,179,063Y,M,AP,2500,2048,0.168,0.168,,63,0.63,1,0
00000179_005.png,Consolidation|Infiltration,5,179,063Y,M,AP,2500,2048,0.168,0.168,,63,0.63,1,0
00000179_006.png,Atelectasis|Effusion,6,179,063Y,M,AP,2500,2048,0.168,0.168,,63,0.63,1,0
00000179_007.png,Consolidation|Effusion,7,179,063Y,M,AP,2500,2048,0.168,0.168,,63,0.63,1,0
00000180_000.png,Effusion|Pleural_Thickening,0,180,062Y,M,PA,3056,2544,0.139,0.139,,62,0.62,1,1
00000180_001.png,No Finding,1,180,062Y,M,PA,3056,2544,0.139,0.139,,62,0.62,1,1
00000180_002.png,Effusion,2,180,065Y,M,PA,2021,2021,0.194311,0.194311,,65,0.65,1,1
00000180_003.png,Effusion,3,180,065Y,M,PA,3056,2544,0.139,0.139,,65,0.65,1,1
00000181_000.png,No Finding,0,181,046Y,F,PA,2048,2500,0.171,0.171,,46,0.46,0,1
00000181_001.png,Fibrosis,1,181,047Y,F,PA,2500,2048,0.171,0.171,,47,0.47,0,1
00000181_002.png,No Finding,2,181,050Y,F,AP,2500,2048,0.168,0.168,,50,0.5,0,0
00000181_003.png,Effusion,3,181,050Y,F,AP,2500,2048,0.168,0.168,,50,0.5,0,0
00000181_004.png,No Finding,4,181,050Y,F,AP,2500,2048,0.168,0.168,,50,0.5,0,0
00000181_005.png,Effusion,5,181,050Y,F,AP,2500,2048,0.168,0.168,,50,0.5,0,0
00000181_006.png,Infiltration,6,181,050Y,F,AP,2500,2048,0.168,0.168,,50,0.5,0,0
00000181_007.png,Infiltration,7,181,050Y,F,AP,2500,2048,0.168,0.168,,50,0.5,0,0
00000181_008.png,Infiltration,8,181,050Y,F,AP,2500,2048,0.168,0.168,,50,0.5,0,0
00000181_009.png,Infiltration,9,181,050Y,F,AP,2500,2048,0.168,0.168,,50,0.5,0,0
00000181_010.png,Infiltration,10,181,050Y,F,AP,2500,2048,0.168,0.168,,50,0.5,0,0
00000181_011.png,Atelectasis|Infiltration|Pleural_Thickening,11,181,050Y,F,AP,2500,2048,0.168,0.168,,50,0.5,0,0
00000181_012.png,No Finding,12,181,050Y,F,AP,2500,2048,0.168,0.168,,50,0.5,0,0
00000181_013.png,Consolidation|Infiltration|Mass,13,181,050Y,F,AP,2500,2048,0.168,0.168,,50,0.5,0,0
00000181_014.png,No Finding,14,181,050Y,F,AP,2500,2048,0.168,0.168,,50,0.5,0,0
00000181_015.png,Consolidation|Infiltration,15,181,050Y,F,AP,2500,2048,0.168,0.168,,50,0.5,0,0
00000181_016.png,Infiltration,16,181,050Y,F,AP,2500,2048,0.168,0.168,,50,0.5,0,0
00000181_017.png,Infiltration,17,181,050Y,F,AP,2500,2048,0.168,0.168,,50,0.5,0,0
00000181_018.png,Consolidation|Infiltration,18,181,050Y,F,AP,2500,2048,0.168,0.168,,50,0.5,0,0
00000181_019.png,Effusion,19,181,050Y,F,AP,2500,2048,0.168,0.168,,50,0.5,0,0
00000181_020.png,No Finding,20,181,050Y,F,AP,2500,2048,0.168,0.168,,50,0.5,0,0
00000181_021.png,Infiltration,21,181,050Y,F,AP,2500,2048,0.168,0.168,,50,0.5,0,0
00000181_022.png,No Finding,22,181,050Y,F,AP,2500,2048,0.168,0.168,,50,0.5,0,0
00000181_023.png,No Finding,23,181,050Y,F,AP,2500,2048,0.168,0.168,,50,0.5,0,0
00000181_024.png,No Finding,24,181,050Y,F,AP,2500,2048,0.168,0.168,,50,0.5,0,0
00000181_025.png,No Finding,25,181,050Y,F,AP,2500,2048,0.168,0.168,,50,0.5,0,0
00000181_026.png,No Finding,26,181,050Y,F,AP,2500,2048,0.168,0.168,,50,0.5,0,0
00000181_027.png,No Finding,27,181,050Y,F,AP,2500,2048,0.168,0.168,,50,0.5,0,0
00000181_028.png,Consolidation|Infiltration,28,181,050Y,F,AP,2500,2048,0.168,0.168,,50,0.5,0,0
00000181_029.png,Consolidation|Infiltration,29,181,050Y,F,AP,2500,2048,0.168,0.168,,50,0.5,0,0
00000181_030.png,Infiltration,30,181,050Y,F,AP,2500,2048,0.168,0.168,,50,0.5,0,0
00000181_031.png,No Finding,31,181,050Y,F,AP,2500,2048,0.168,0.168,,50,0.5,0,0
00000181_032.png,Infiltration,32,181,050Y,F,AP,2048,2500,0.168,0.168,,50,0.5,0,0
00000181_033.png,Consolidation,33,181,050Y,F,AP,2500,2048,0.168,0.168,,50,0.5,0,0
00000181_034.png,No Finding,34,181,050Y,F,AP,2500,2048,0.168,0.168,,50,0.5,0,0
00000181_035.png,Infiltration,35,181,050Y,F,AP,2500,2048,0.168,0.168,,50,0.5,0,0
00000181_036.png,Infiltration,36,181,050Y,F,AP,2500,2048,0.168,0.168,,50,0.5,0,0
00000181_037.png,Consolidation,37,181,050Y,F,AP,2500,2048,0.168,0.168,,50,0.5,0,0
00000181_038.png,Consolidation,38,181,050Y,F,AP,2500,2048,0.168,0.168,,50,0.5,0,0
00000181_039.png,No Finding,39,181,050Y,F,AP,2500,2048,0.168,0.168,,50,0.5,0,0
00000181_040.png,Atelectasis,40,181,050Y,F,AP,2500,2048,0.168,0.168,,50,0.5,0,0
00000181_041.png,No Finding,41,181,050Y,F,AP,2500,2048,0.168,0.168,,50,0.5,0,0
00000181_042.png,Effusion,42,181,050Y,F,AP,2500,2048,0.168,0.168,,50,0.5,0,0
00000181_043.png,Consolidation|Infiltration,43,181,050Y,F,AP,2500,2048,0.168,0.168,,50,0.5,0,0
00000181_044.png,Atelectasis|Infiltration,44,181,050Y,F,AP,2500,2048,0.168,0.168,,50,0.5,0,0
00000181_045.png,Atelectasis|Infiltration,45,181,050Y,F,AP,2500,2048,0.168,0.168,,50,0.5,0,0
00000181_046.png,Infiltration,46,181,050Y,F,AP,2500,2048,0.168,0.168,,50,0.5,0,0
00000181_047.png,Consolidation,47,181,050Y,F,AP,2500,2048,0.168,0.168,,50,0.5,0,0
00000181_048.png,Atelectasis|Effusion,48,181,050Y,F,AP,2500,2048,0.168,0.168,,50,0.5,0,0
00000181_049.png,No Finding,49,181,050Y,F,AP,2500,2048,0.168,0.168,,50,0.5,0,0
00000181_050.png,Atelectasis,50,181,050Y,F,AP,2500,2048,0.168,0.168,,50,0.5,0,0
00000181_051.png,No Finding,51,181,050Y,F,AP,2500,2048,0.168,0.168,,50,0.5,0,0
00000181_052.png,Fibrosis,52,181,050Y,F,PA,2992,2991,0.143,0.143,,50,0.5,0,1
00000181_053.png,No Finding,53,181,051Y,F,AP,2500,2048,0.168,0.168,,51,0.51,0,0
00000181_054.png,Atelectasis|Effusion,54,181,050Y,F,PA,2992,2991,0.143,0.143,,50,0.5,0,1
00000181_055.png,Edema|Effusion,55,181,050Y,F,PA,2992,2991,0.143,0.143,,50,0.5,0,1
00000181_056.png,No Finding,56,181,050Y,F,PA,2986,2991,0.143,0.143,,50,0.5,0,1
00000181_057.png,No Finding,57,181,050Y,F,PA,2992,2991,0.143,0.143,,50,0.5,0,1
00000181_058.png,Effusion,58,181,052Y,F,AP,2500,2048,0.168,0.168,,52,0.52,0,0
00000181_059.png,Effusion,59,181,052Y,F,AP,2500,2048,0.168,0.168,,52,0.52,0,0
00000181_060.png,Effusion,60,181,052Y,F,AP,2500,2048,0.168,0.168,,52,0.52,0,0
00000181_061.png,Atelectasis|Effusion|Infiltration,61,181,052Y,F,AP,2500,2048,0.168,0.168,,52,0.52,0,0
00000181_062.png,Effusion|Infiltration,62,181,052Y,F,PA,2992,2989,0.143,0.143,,52,0.52,0,1
00000181_063.png,No Finding,63,181,055Y,F,AP,3028,2544,0.139,0.139,,55,0.55,0,0
00000181_064.png,No Finding,64,181,055Y,F,AP,3056,2544,0.139,0.139,,55,0.55,0,0
00000181_065.png,No Finding,65,181,055Y,F,AP,3056,2544,0.139,0.139,,55,0.55,0,0
00000182_000.png,No Finding,0,182,074Y,M,PA,3056,2544,0.139,0.139,,74,0.74,1,1
00000183_000.png,Infiltration,0,183,080Y,F,PA,2488,3020,0.139,0.139,,80,0.8,0,1
00000183_001.png,No Finding,1,183,081Y,F,PA,2696,2851,0.143,0.143,,81,0.81,0,1
00000183_002.png,Infiltration,2,183,081Y,F,PA,2992,2991,0.143,0.143,,81,0.81,0,1
00000184_000.png,No Finding,0,184,060Y,M,PA,2048,2500,0.171,0.171,,60,0.6,1,1
00000184_001.png,No Finding,1,184,065Y,M,PA,2500,2048,0.168,0.168,,65,0.65,1,1
00000185_000.png,No Finding,0,185,060Y,M,AP,2816,2544,0.139,0.139,,60,0.6,1,0
00000186_000.png,No Finding,0,186,064Y,M,PA,2992,2991,0.143,0.143,,64,0.64,1,1
00000187_000.png,Pleural_Thickening,0,187,049Y,M,PA,2968,2456,0.139,0.139,,49,0.49,1,1
00000187_001.png,No Finding,1,187,050Y,M,PA,2048,2500,0.171,0.171,,50,0.5,1,1
00000187_002.png,No Finding,2,187,051Y,M,PA,2500,2048,0.168,0.168,,51,0.51,1,1
00000188_000.png,No Finding,0,188,053Y,M,PA,2544,3056,0.139,0.139,,53,0.53,1,1
00000188_001.png,No Finding,1,188,045Y,M,PA,2698,2991,0.143,0.143,,45,0.45,1,1
00000190_000.png,No Finding,0,190,030Y,M,PA,2500,2048,0.168,0.168,,30,0.3,1,1
00000190_001.png,No Finding,1,190,031Y,M,PA,2500,2048,0.168,0.168,,31,0.31,1,1
00000190_002.png,No Finding,2,190,033Y,M,PA,2630,2737,0.143,0.143,,33,0.33,1,1
00000190_003.png,No Finding,3,190,032Y,M,PA,2774,2991,0.143,0.143,,32,0.32,1,1
00000190_004.png,No Finding,4,190,032Y,M,PA,2992,2991,0.143,0.143,,32,0.32,1,1
00000190_005.png,No Finding,5,190,034Y,M,PA,2500,2048,0.168,0.168,,34,0.34,1,1
00000191_000.png,No Finding,0,191,084Y,M,PA,2726,2633,0.143,0.143,,84,0.84,1,1
00000192_000.png,No Finding,0,192,087Y,M,PA,2598,2813,0.143,0.143,,87,0.87,1,1
00000193_000.png,No Finding,0,193,054Y,M,AP,2500,2048,0.171,0.171,,54,0.54,1,0
00000193_001.png,No Finding,1,193,054Y,M,AP,2500,2048,0.171,0.171,,54,0.54,1,0
00000193_002.png,No Finding,2,193,055Y,M,AP,2500,2048,0.171,0.171,,55,0.55,1,0
00000193_003.png,No Finding,3,193,055Y,M,AP,2500,2048,0.171,0.171,,55,0.55,1,0
00000193_004.png,No Finding,4,193,055Y,M,AP,2500,2048,0.171,0.171,,55,0.55,1,0
00000193_005.png,No Finding,5,193,055Y,M,AP,2500,2048,0.171,0.171,,55,0.55,1,0
00000193_006.png,Atelectasis|Infiltration,6,193,055Y,M,AP,2500,2048,0.171,0.171,,55,0.55,1,0
00000193_007.png,No Finding,7,193,055Y,M,AP,2500,2048,0.171,0.171,,55,0.55,1,0
00000193_008.png,No Finding,8,193,055Y,M,AP,2500,2048,0.171,0.171,,55,0.55,1,0
00000193_009.png,No Finding,9,193,055Y,M,AP,2500,2048,0.171,0.171,,55,0.55,1,0
00000193_010.png,No Finding,10,193,055Y,M,AP,2048,2500,0.168,0.168,,55,0.55,1,0
00000193_011.png,No Finding,11,193,055Y,M,AP,2500,2048,0.168,0.168,,55,0.55,1,0
00000193_012.png,No Finding,12,193,055Y,M,AP,2500,2048,0.168,0.168,,55,0.55,1,0
00000193_013.png,No Finding,13,193,055Y,M,AP,2048,2500,0.168,0.168,,55,0.55,1,0
00000193_014.png,No Finding,14,193,055Y,M,AP,2500,2048,0.168,0.168,,55,0.55,1,0
00000193_015.png,No Finding,15,193,055Y,M,AP,2500,2048,0.171,0.171,,55,0.55,1,0
00000193_016.png,No Finding,16,193,055Y,M,AP,2500,2048,0.171,0.171,,55,0.55,1,0
00000193_017.png,No Finding,17,193,055Y,M,AP,2500,2048,0.171,0.171,,55,0.55,1,0
00000193_018.png,No Finding,18,193,055Y,M,AP,2500,2048,0.171,0.171,,55,0.55,1,0
00000193_019.png,No Finding,19,193,055Y,M,AP,2500,2048,0.168,0.168,,55,0.55,1,0
00000194_000.png,No Finding,0,194,081Y,F,PA,2500,2048,0.168,0.168,,81,0.81,0,1
00000194_001.png,No Finding,1,194,082Y,F,PA,2500,2048,0.168,0.168,,82,0.82,0,1
00000194_002.png,No Finding,2,194,083Y,F,PA,2048,2500,0.168,0.168,,83,0.83,0,1
00000194_003.png,No Finding,3,194,084Y,F,PA,2726,2991,0.143,0.143,,84,0.84,0,1
00000194_004.png,No Finding,4,194,084Y,F,PA,2614,2991,0.143,0.143,,84,0.84,0,1
00000194_005.png,No Finding,5,194,086Y,F,PA,2608,2352,0.143,0.143,,86,0.86,0,1
00000196_000.png,No Finding,0,196,033Y,M,PA,2910,2991,0.143,0.143,,33,0.33,1,1
00000198_000.png,No Finding,0,198,070Y,M,PA,2021,2021,0.194311,0.194311,,70,0.7,1,1
00000199_000.png,No Finding,0,199,055Y,F,PA,2578,2991,0.143,0.143,,55,0.55,0,1
00000199_001.png,Fibrosis,1,199,056Y,F,PA,2992,2991,0.143,0.143,,56,0.56,0,1
00000199_002.png,Fibrosis|Nodule,2,199,046Y,F,PA,2048,2500,0.171,0.171,,46,0.46,0,1
00000199_003.png,No Finding,3,199,047Y,F,PA,2048,2500,0.168,0.168,,47,0.47,0,1
00000199_004.png,Fibrosis,4,199,048Y,F,PA,2678,2537,0.143,0.143,,48,0.48,0,1
00000199_005.png,Nodule,5,199,050Y,F,PA,2442,2465,0.143,0.143,,50,0.5,0,1
00000201_000.png,No Finding,0,201,070Y,M,PA,2500,2048,0.171,0.171,,70,0.7,1,1
00000201_001.png,No Finding,1,201,072Y,M,AP,2500,2048,0.171,0.171,,72,0.72,1,0
00000202_000.png,No Finding,0,202,066Y,M,AP,3056,2544,0.139,0.139,,66,0.66,1,0
00000202_001.png,No Finding,1,202,066Y,M,AP,3056,2544,0.139,0.139,,66,0.66,1,0
00000203_000.png,Atelectasis,0,203,057Y,M,PA,3056,2488,0.139,0.139,,57,0.57,1,1
00000204_000.png,Fibrosis,0,204,037Y,M,PA,2674,2878,0.143,0.143,,37,0.37,1,1
00000204_001.png,Fibrosis|Nodule,1,204,027Y,M,PA,2500,2048,0.171,0.171,,27,0.27,1,1
00000204_002.png,Nodule|Pleural_Thickening,2,204,029Y,M,PA,2048,2500,0.168,0.168,,29,0.29,1,1
00000204_003.png,No Finding,3,204,032Y,M,PA,2738,2991,0.143,0.143,,32,0.32,1,1
00000204_004.png,Fibrosis,4,204,033Y,M,PA,2500,2048,0.168,0.168,,33,0.33,1,1
00000204_005.png,Fibrosis|Nodule,5,204,033Y,M,PA,2602,2991,0.143,0.143,,33,0.33,1,1
00000205_000.png,No Finding,0,205,065Y,F,PA,2992,2991,0.143,0.143,,65,0.65,0,1
00000205_001.png,Infiltration,1,205,070Y,F,PA,2992,2991,0.143,0.143,,70,0.7,0,1
00000206_000.png,No Finding,0,206,030Y,M,PA,2048,2500,0.171,0.171,,30,0.3,1,1
00000206_001.png,No Finding,1,206,030Y,M,PA,2500,2048,0.171,0.171,,30,0.3,1,1
00000207_000.png,No Finding,0,207,083Y,F,PA,2990,2853,0.143,0.143,,83,0.83,0,1
00000208_000.png,Atelectasis|Effusion|Pleural_Thickening,0,208,040Y,M,PA,2048,2500,0.171,0.171,,40,0.4,1,1
00000209_000.png,No Finding,0,209,047Y,M,PA,2500,2048,0.168,0.168,,47,0.47,1,1
00000210_000.png,No Finding,0,210,067Y,F,AP,2500,2048,0.171,0.171,,67,0.67,0,0
00000210_001.png,No Finding,1,210,067Y,F,AP,2500,2048,0.171,0.171,,67,0.67,0,0
00000212_000.png,Edema|Effusion,0,212,031Y,M,PA,2992,2991,0.143,0.143,,31,0.31,1,1
00000213_000.png,No Finding,0,213,036Y,M,PA,2500,2048,0.168,0.168,,36,0.36,1,1
00000213_001.png,No Finding,1,213,038Y,M,PA,2500,2048,0.168,0.168,,38,0.38,1,1
00000213_002.png,Infiltration,2,213,039Y,M,PA,2992,2991,0.143,0.143,,39,0.39,1,1
00000213_003.png,Atelectasis,3,213,039Y,M,AP,2500,2048,0.168,0.168,,39,0.39,1,0
00000213_004.png,Infiltration,4,213,039Y,M,PA,2992,2991,0.143,0.143,,39,0.39,1,1
00000213_005.png,No Finding,5,213,039Y,M,PA,2992,2991,0.143,0.143,,39,0.39,1,1
00000214_000.png,No Finding,0,214,079Y,M,PA,2048,2500,0.171,0.171,,79,0.79,1,1
00000216_000.png,Pleural_Thickening,0,216,070Y,M,PA,2992,2991,0.143,0.143,,70,0.7,1,1
00000219_000.png,Atelectasis,0,219,078Y,M,PA,2500,2048,0.171,0.171,,78,0.78,1,1
00000219_001.png,Atelectasis,1,219,079Y,M,PA,2500,2048,0.168,0.168,,79,0.79,1,1
00000219_002.png,No Finding,2,219,079Y,M,PA,2500,2048,0.168,0.168,,79,0.79,1,1
00000219_003.png,No Finding,3,219,080Y,M,PA,2500,2048,0.168,0.168,,80,0.8,1,1
00000220_000.png,No Finding,0,220,066Y,M,PA,2544,3056,0.139,0.139,,66,0.66,1,1
00000221_000.png,Cardiomegaly|Infiltration,0,221,073Y,M,PA,2048,2500,0.171,0.171,,73,0.73,1,1
00000223_000.png,No Finding,0,223,053Y,M,PA,2906,2925,0.143,0.143,,53,0.53,1,1
00000224_000.png,Fibrosis,0,224,031Y,F,PA,2426,2965,0.143,0.143,,31,0.31,0,1
00000224_001.png,Infiltration|Nodule|Pleural_Thickening,1,224,033Y,F,PA,2992,2991,0.143,0.143,,33,0.33,0,1
00000225_000.png,No Finding,0,225,063Y,F,PA,2750,2821,0.143,0.143,,63,0.63,0,1
00000225_001.png,No Finding,1,225,064Y,F,PA,2842,2841,0.143,0.143,,64,0.64,0,1
00000226_000.png,No Finding,0,226,056Y,F,PA,2722,2948,0.143,0.143,,56,0.56,0,1
00000227_000.png,No Finding,0,227,043Y,M,PA,2500,2048,0.171,0.171,,43,0.43,1,1
00000227_001.png,No Finding,1,227,046Y,M,PA,2742,2817,0.143,0.143,,46,0.46,1,1
00000228_000.png,No Finding,0,228,043Y,M,PA,2500,2048,0.168,0.168,,43,0.43,1,1
00000229_000.png,No Finding,0,229,028Y,M,PA,2992,2991,0.143,0.143,,28,0.28,1,1
00000230_000.png,No Finding,0,230,059Y,M,PA,2842,2991,0.143,0.143,,59,0.59,1,1
00000230_001.png,Infiltration,1,230,060Y,M,AP,2500,2048,0.168,0.168,,60,0.6,1,0
00000230_002.png,Atelectasis|Infiltration,2,230,060Y,M,AP,2500,2048,0.168,0.168,,60,0.6,1,0
00000230_003.png,Infiltration,3,230,060Y,M,AP,2500,2048,0.168,0.168,,60,0.6,1,0
00000230_004.png,Infiltration|Mass,4,230,060Y,M,AP,2500,2048,0.168,0.168,,60,0.6,1,0
00000230_005.png,Infiltration,5,230,060Y,M,AP,2500,2048,0.168,0.168,,60,0.6,1,0
00000230_006.png,No Finding,6,230,060Y,M,AP,3056,2544,0.139,0.139,,60,0.6,1,0
00000230_007.png,No Finding,7,230,060Y,M,AP,3056,2544,0.139,0.139,,60,0.6,1,0
00000233_000.png,Cardiomegaly,0,233,066Y,F,PA,2048,2500,0.171,0.171,,66,0.66,0,1
00000234_000.png,No Finding,0,234,030Y,M,PA,2048,2500,0.171,0.171,,30,0.3,1,1
00000235_000.png,No Finding,0,235,076Y,F,AP,2048,2500,0.168,0.168,,76,0.76,0,0
00000236_000.png,Atelectasis,0,236,030Y,M,PA,2048,2500,0.168,0.168,,30,0.3,1,1
00000237_000.png,No Finding,0,237,031Y,M,PA,2500,2048,0.168,0.168,,31,0.31,1,1
00000238_000.png,Atelectasis,0,238,049Y,M,PA,2500,2048,0.171,0.171,,49,0.49,1,1
00000238_001.png,No Finding,1,238,049Y,M,PA,2500,2048,0.171,0.171,,49,0.49,1,1
00000238_002.png,Consolidation,2,238,049Y,M,PA,2500,2048,0.168,0.168,,49,0.49,1,1
00000239_000.png,No Finding,0,239,042Y,F,PA,2048,2500,0.171,0.171,,42,0.42,0,1
00000239_001.png,No Finding,1,239,047Y,F,PA,2590,2769,0.143,0.143,,47,0.47,0,1
00000239_002.png,Infiltration,2,239,049Y,F,PA,2992,2991,0.143,0.143,,49,0.49,0,1
00000239_003.png,No Finding,3,239,049Y,F,PA,2654,2453,0.143,0.143,,49,0.49,0,1
00000239_004.png,No Finding,4,239,051Y,F,PA,2990,2689,0.143,0.143,,51,0.51,0,1
00000239_005.png,No Finding,5,239,052Y,F,PA,2524,2860,0.139,0.139,,52,0.52,0,1
00000240_000.png,Cardiomegaly,0,240,062Y,F,PA,2048,2500,0.171,0.171,,62,0.62,0,1
00000241_000.png,No Finding,0,241,052Y,F,PA,2338,2866,0.143,0.143,,52,0.52,0,1
00000241_001.png,No Finding,1,241,053Y,F,PA,2992,2991,0.143,0.143,,53,0.53,0,1
00000242_000.png,Consolidation,0,242,061Y,F,PA,2544,3056,0.139,0.139,,61,0.61,0,1
00000242_001.png,No Finding,1,242,064Y,F,PA,2021,2021,0.194311,0.194311,,64,0.64,0,1
00000242_002.png,No Finding,2,242,052Y,F,PA,2500,2048,0.171,0.171,,52,0.52,0,1
00000242_003.png,No Finding,3,242,053Y,F,PA,2500,2048,0.168,0.168,,53,0.53,0,1
00000242_004.png,No Finding,4,242,057Y,F,PA,2992,2991,0.143,0.143,,57,0.57,0,1
00000242_005.png,Infiltration,5,242,059Y,F,PA,2910,2991,0.143,0.143,,59,0.59,0,1
00000243_000.png,No Finding,0,243,067Y,M,PA,2500,2048,0.171,0.171,,67,0.67,1,1
00000243_001.png,Emphysema,1,243,069Y,M,PA,2500,2048,0.168,0.168,,69,0.69,1,1
00000245_000.png,No Finding,0,245,025Y,M,AP,2500,2048,0.171,0.171,,25,0.25,1,0
00000245_001.png,Fibrosis|Pleural_Thickening,1,245,029Y,M,PA,2818,2873,0.143,0.143,,29,0.29,1,1
00000245_002.png,Infiltration,2,245,032Y,M,AP,2048,2500,0.168,0.168,,32,0.32,1,0
00000246_000.png,No Finding,0,246,050Y,M,PA,3056,2544,0.139,0.139,,50,0.5,1,1
00000246_001.png,Infiltration,1,246,051Y,M,PA,2992,2991,0.143,0.143,,51,0.51,1,1
00000246_002.png,No Finding,2,246,051Y,M,PA,3056,2480,0.139,0.139,,51,0.51,1,1
00000246_003.png,No Finding,3,246,051Y,M,AP,3056,2544,0.139,0.139,,51,0.51,1,0
00000246_004.png,No Finding,4,246,051Y,M,AP,3056,2544,0.139,0.139,,51,0.51,1,0
00000246_005.png,Emphysema,5,246,051Y,M,AP,3056,2544,0.139,0.139,,51,0.51,1,0
00000246_006.png,Emphysema,6,246,051Y,M,AP,3056,2544,0.139,0.139,,51,0.51,1,0
00000246_007.png,No Finding,7,246,051Y,M,AP,3056,2544,0.139,0.139,,51,0.51,1,0
00000246_008.png,Pneumothorax,8,246,051Y,M,PA,2544,3056,0.139,0.139,,51,0.51,1,1
00000246_009.png,No Finding,9,246,051Y,M,PA,3056,2544,0.139,0.139,,51,0.51,1,1
00000246_010.png,Pleural_Thickening,10,246,051Y,M,PA,3056,2544,0.139,0.139,,51,0.51,1,1
00000246_011.png,Infiltration,11,246,051Y,M,PA,3056,2544,0.139,0.139,,51,0.51,1,1
00000246_012.png,Consolidation|Pneumothorax,12,246,051Y,M,PA,3056,2544,0.139,0.139,,51,0.51,1,1
00000246_013.png,Effusion|Infiltration|Pneumothorax,13,246,051Y,M,PA,2544,3056,0.139,0.139,,51,0.51,1,1
00000246_014.png,Consolidation,14,246,051Y,M,PA,3056,2544,0.139,0.139,,51,0.51,1,1
00000246_015.png,Consolidation,15,246,051Y,M,PA,3056,2544,0.139,0.139,,51,0.51,1,1
00000246_016.png,Consolidation|Mass,16,246,051Y,M,PA,3056,2544,0.139,0.139,,51,0.51,1,1
00000246_017.png,Infiltration,17,246,051Y,M,PA,3056,2544,0.139,0.139,,51,0.51,1,1
00000246_018.png,No Finding,18,246,044Y,M,PA,2992,2991,0.143,0.143,,44,0.44,1,1
00000246_019.png,No Finding,19,246,045Y,M,PA,2500,2048,0.168,0.168,,45,0.45,1,1
00000247_000.png,Pleural_Thickening,0,247,043Y,M,PA,2500,2048,0.171,0.171,,43,0.43,1,1
00000249_000.png,No Finding,0,249,040Y,M,PA,2992,2991,0.143,0.143,,40,0.4,1,1
00000250_000.png,No Finding,0,250,049Y,M,PA,2992,2991,0.143,0.143,,49,0.49,1,1
00000250_001.png,Atelectasis|Nodule,1,250,049Y,M,AP,2500,2048,0.168,0.168,,49,0.49,1,0
00000250_002.png,No Finding,2,250,049Y,M,PA,2810,2805,0.143,0.143,,49,0.49,1,1
00000250_003.png,Nodule,3,250,050Y,M,AP,2500,2048,0.168,0.168,,50,0.5,1,0
00000250_004.png,Mass,4,250,049Y,M,PA,2742,2761,0.143,0.143,,49,0.49,1,1
00000250_005.png,Infiltration,5,250,050Y,M,AP,2500,2048,0.168,0.168,,50,0.5,1,0
00000250_006.png,No Finding,6,250,050Y,M,AP,2500,2048,0.168,0.168,,50,0.5,1,0
00000250_007.png,Infiltration,7,250,050Y,M,AP,2500,2048,0.168,0.168,,50,0.5,1,0
00000250_008.png,Effusion,8,250,050Y,M,AP,2500,2048,0.168,0.168,,50,0.5,1,0
00000250_009.png,No Finding,9,250,050Y,M,AP,2500,2048,0.168,0.168,,50,0.5,1,0
00000250_010.png,Consolidation|Effusion,10,250,049Y,M,PA,2992,2991,0.143,0.143,,49,0.49,1,1
00000250_011.png,No Finding,11,250,049Y,M,PA,2922,2991,0.143,0.143,,49,0.49,1,1
00000250_012.png,No Finding,12,250,050Y,M,AP,2500,2048,0.168,0.168,,50,0.5,1,0
00000250_013.png,No Finding,13,250,050Y,M,AP,2500,2048,0.168,0.168,,50,0.5,1,0
00000250_014.png,Infiltration|Mass,14,250,052Y,M,PA,2992,2991,0.143,0.143,,52,0.52,1,1
00000250_015.png,Mass,15,250,052Y,M,PA,2992,2885,0.143,0.143,,52,0.52,1,1
00000250_016.png,Atelectasis|Infiltration|Mass,16,250,052Y,M,PA,2500,2048,0.168,0.168,,52,0.52,1,1
00000252_000.png,No Finding,0,252,054Y,M,PA,2544,3056,0.139,0.139,,54,0.54,1,1
00000252_001.png,No Finding,1,252,046Y,M,PA,2910,2991,0.143,0.143,,46,0.46,1,1
00000253_000.png,No Finding,0,253,037Y,M,PA,2500,2048,0.168,0.168,,37,0.37,1,1
00000254_000.png,Emphysema,0,254,064Y,M,PA,2500,2048,0.168,0.168,,64,0.64,1,1
00000254_001.png,No Finding,1,254,065Y,M,AP,2500,2048,0.168,0.168,,65,0.65,1,0
00000254_002.png,Emphysema,2,254,065Y,M,AP,2500,2048,0.168,0.168,,65,0.65,1,0
00000255_000.png,No Finding,0,255,052Y,F,PA,2048,2500,0.168,0.168,,52,0.52,0,1
00000255_001.png,No Finding,1,255,052Y,F,AP,2500,2048,0.168,0.168,,52,0.52,0,0
00000255_002.png,No Finding,2,255,053Y,F,AP,2500,2048,0.168,0.168,,53,0.53,0,0
00000255_003.png,No Finding,3,255,053Y,F,AP,2500,2048,0.168,0.168,,53,0.53,0,0
00000255_004.png,Effusion|Infiltration,4,255,056Y,F,AP,3056,2544,0.139,0.139,,56,0.56,0,0
00000255_005.png,No Finding,5,255,056Y,F,AP,3056,2544,0.139,0.139,,56,0.56,0,0
00000256_000.png,Infiltration,0,256,046Y,F,PA,2806,2991,0.143,0.143,,46,0.46,0,1
00000257_000.png,No Finding,0,257,061Y,M,PA,2622,2757,0.143,0.143,,61,0.61,1,1
00000258_000.png,Infiltration,0,258,039Y,F,PA,2992,2991,0.143,0.143,,39,0.39,0,1
00000259_000.png,No Finding,0,259,042Y,F,PA,2048,2500,0.168,0.168,,42,0.42,0,1
00000261_000.png,Effusion|Infiltration,0,261,039Y,F,PA,2992,2991,0.143,0.143,,39,0.39,0,1
00000261_001.png,Consolidation|Effusion,1,261,040Y,F,PA,2048,2500,0.168,0.168,,40,0.4,0,1
00000261_002.png,Pneumonia,2,261,040Y,F,AP,2500,2048,0.168,0.168,,40,0.4,0,0
00000261_003.png,Effusion|Infiltration,3,261,039Y,F,PA,2694,2991,0.143,0.143,,39,0.39,0,1
00000261_004.png,Pneumothorax,4,261,040Y,F,AP,2500,2048,0.168,0.168,,40,0.4,0,0
00000261_005.png,Effusion|Infiltration,5,261,041Y,F,PA,2992,2991,0.143,0.143,,41,0.41,0,1
00000261_006.png,Consolidation|Infiltration|Nodule,6,261,042Y,F,PA,2048,2500,0.168,0.168,,42,0.42,0,1
00000261_007.png,Infiltration|Pneumonia,7,261,041Y,F,PA,2992,2991,0.143,0.143,,41,0.41,0,1
00000263_000.png,No Finding,0,263,068Y,M,PA,2970,2991,0.143,0.143,,68,0.68,1,1
00000265_000.png,No Finding,0,265,054Y,M,PA,2500,2048,0.171,0.171,,54,0.54,1,1
00000265_001.png,No Finding,1,265,055Y,M,PA,2500,2048,0.168,0.168,,55,0.55,1,1
00000265_002.png,No Finding,2,265,058Y,M,PA,2048,2500,0.168,0.168,,58,0.58,1,1
00000265_003.png,No Finding,3,265,058Y,M,PA,2992,2991,0.143,0.143,,58,0.58,1,1
00000265_004.png,No Finding,4,265,059Y,M,PA,2842,2991,0.143,0.143,,59,0.59,1,1
00000265_005.png,No Finding,5,265,060Y,M,PA,2992,2991,0.143,0.143,,60,0.6,1,1
00000268_000.png,No Finding,0,268,049Y,M,AP,2500,2048,0.168,0.168,,49,0.49,1,0
00000268_001.png,Infiltration,1,268,049Y,M,AP,2500,2048,0.168,0.168,,49,0.49,1,0
00000268_002.png,No Finding,2,268,049Y,M,AP,2500,2048,0.168,0.168,,49,0.49,1,0
00000269_000.png,Fibrosis,0,269,044Y,M,PA,2500,2048,0.171,0.171,,44,0.44,1,1
00000269_001.png,No Finding,1,269,045Y,M,PA,2500,2048,0.171,0.171,,45,0.45,1,1
00000270_000.png,Atelectasis,0,270,050Y,F,PA,2048,2500,0.171,0.171,,50,0.5,0,1
00000270_001.png,Atelectasis,1,270,051Y,F,PA,2048,2500,0.168,0.168,,51,0.51,0,1
00000270_002.png,Atelectasis,2,270,052Y,F,PA,2500,2048,0.168,0.168,,52,0.52,0,1
00000271_000.png,No Finding,0,271,042Y,F,PA,2048,2500,0.168,0.168,,42,0.42,0,1
00000271_001.png,No Finding,1,271,042Y,F,PA,2048,2500,0.168,0.168,,42,0.42,0,1
00000271_002.png,No Finding,2,271,042Y,F,AP,2500,2048,0.171,0.171,,42,0.42,0,0
00000271_003.png,No Finding,3,271,043Y,F,PA,2494,2589,0.143,0.143,,43,0.43,0,1
00000271_004.png,Cardiomegaly,4,271,045Y,F,PA,2526,2513,0.143,0.143,,45,0.45,0,1
00000272_000.png,Cardiomegaly,0,272,028Y,F,PA,2048,2500,0.171,0.171,,28,0.28,0,1
00000272_001.png,No Finding,1,272,029Y,F,PA,2048,2500,0.168,0.168,,29,0.29,0,1
00000272_002.png,No Finding,2,272,030Y,F,PA,2048,2500,0.168,0.168,,30,0.3,0,1
00000272_003.png,No Finding,3,272,031Y,F,PA,2370,2641,0.143,0.143,,31,0.31,0,1
00000272_004.png,No Finding,4,272,032Y,F,PA,2606,2991,0.143,0.143,,32,0.32,0,1
00000272_005.png,No Finding,5,272,035Y,F,PA,2048,2500,0.168,0.168,,35,0.35,0,1
00000272_006.png,No Finding,6,272,036Y,F,PA,2508,2868,0.139,0.139,,36,0.36,0,1
00000273_000.png,Atelectasis|Infiltration,0,273,063Y,F,PA,2992,2991,0.143,0.143,,63,0.63,0,1
00000273_001.png,No Finding,1,273,064Y,F,PA,2992,2991,0.143,0.143,,64,0.64,0,1
00000273_002.png,Infiltration,2,273,065Y,F,PA,2021,2021,0.194311,0.194311,,65,0.65,0,1
00000273_003.png,Infiltration,3,273,066Y,F,PA,2021,2011,0.194311,0.194311,,66,0.66,0,1
00000273_004.png,No Finding,4,273,053Y,F,PA,2048,2500,0.171,0.171,,53,0.53,0,1
00000273_005.png,No Finding,5,273,054Y,F,PA,2500,2048,0.171,0.171,,54,0.54,0,1
00000273_006.png,No Finding,6,273,057Y,F,PA,2990,2991,0.143,0.143,,57,0.57,0,1
00000273_007.png,No Finding,7,273,058Y,F,PA,2992,2991,0.143,0.143,,58,0.58,0,1
00000273_008.png,No Finding,8,273,059Y,F,PA,2694,2991,0.143,0.143,,59,0.59,0,1
00000273_009.png,No Finding,9,273,062Y,F,PA,2992,2991,0.143,0.143,,62,0.62,0,1
00000276_000.png,No Finding,0,276,064Y,M,PA,2500,2048,0.168,0.168,,64,0.64,1,1
00000277_000.png,No Finding,0,277,065Y,F,PA,2021,2021,0.194311,0.194311,,65,0.65,0,1
00000277_001.png,Infiltration,1,277,055Y,F,PA,2048,2500,0.168,0.168,,55,0.55,0,1
00000277_002.png,No Finding,2,277,057Y,F,PA,2892,2957,0.143,0.143,,57,0.57,0,1
00000278_000.png,No Finding,0,278,053Y,M,PA,2500,2048,0.171,0.171,,53,0.53,1,1
00000278_001.png,Pleural_Thickening,1,278,053Y,M,PA,2500,2048,0.171,0.171,,53,0.53,1,1
00000278_002.png,No Finding,2,278,053Y,M,PA,2500,2048,0.171,0.171,,53,0.53,1,1
00000278_003.png,No Finding,3,278,053Y,M,PA,2500,2048,0.171,0.171,,53,0.53,1,1
00000278_004.png,No Finding,4,278,053Y,M,PA,2500,2048,0.168,0.168,,53,0.53,1,1
00000278_005.png,No Finding,5,278,054Y,M,PA,2500,2048,0.168,0.168,,54,0.54,1,1
00000278_006.png,No Finding,6,278,054Y,M,PA,2500,2048,0.168,0.168,,54,0.54,1,1
00000278_007.png,No Finding,7,278,054Y,M,PA,2500,2048,0.168,0.168,,54,0.54,1,1
00000278_008.png,Fibrosis|Mass,8,278,054Y,M,PA,2500,2048,0.168,0.168,,54,0.54,1,1
00000278_009.png,No Finding,9,278,054Y,M,PA,2500,2048,0.168,0.168,,54,0.54,1,1
00000278_010.png,Pleural_Thickening,10,278,055Y,M,PA,2500,2048,0.168,0.168,,55,0.55,1,1
00000282_000.png,Consolidation|Effusion|Infiltration|Nodule,0,282,065Y,F,PA,2048,2500,0.171,0.171,,65,0.65,0,1
00000282_001.png,No Finding,1,282,065Y,F,PA,2048,2500,0.171,0.171,,65,0.65,0,1
00000283_000.png,No Finding,0,283,065Y,M,PA,2021,2021,0.194311,0.194311,,65,0.65,1,1
00000285_000.png,No Finding,0,285,049Y,M,PA,3056,2544,0.139,0.139,,49,0.49,1,1
00000285_001.png,Infiltration,1,285,049Y,M,PA,2992,2991,0.143,0.143,,49,0.49,1,1
00000285_002.png,No Finding,2,285,049Y,M,AP,3056,2544,0.139,0.139,,49,0.49,1,0
00000285_003.png,No Finding,3,285,049Y,M,PA,2946,2923,0.143,0.143,,49,0.49,1,1
00000285_004.png,No Finding,4,285,049Y,M,PA,2840,2724,0.143,0.143,,49,0.49,1,1
00000285_005.png,Pneumothorax,5,285,049Y,M,PA,2778,2991,0.143,0.143,,49,0.49,1,1
00000285_006.png,Pneumothorax,6,285,049Y,M,PA,3056,2544,0.139,0.139,,49,0.49,1,1
00000285_007.png,Infiltration|Pneumothorax,7,285,049Y,M,PA,2992,2991,0.143,0.143,,49,0.49,1,1
00000286_000.png,Fibrosis|Pleural_Thickening,0,286,064Y,F,PA,2698,2445,0.143,0.143,,64,0.64,0,1
00000287_000.png,Cardiomegaly,0,287,037Y,F,PA,2048,2500,0.171,0.171,,37,0.37,0,1
00000288_000.png,Infiltration,0,288,068Y,F,PA,2544,3056,0.139,0.139,,68,0.68,0,1
00000288_001.png,No Finding,1,288,062Y,F,PA,2048,2500,0.168,0.168,,62,0.62,0,1
00000288_002.png,No Finding,2,288,063Y,F,PA,2992,2991,0.143,0.143,,63,0.63,0,1
00000288_003.png,No Finding,3,288,065Y,F,PA,2506,2991,0.143,0.143,,65,0.65,0,1
00000288_004.png,Atelectasis|Infiltration,4,288,066Y,F,PA,2790,2376,0.143,0.143,,66,0.66,0,1
00000290_000.png,No Finding,0,290,064Y,F,PA,2048,2500,0.168,0.168,,64,0.64,0,1
00000290_001.png,No Finding,1,290,064Y,F,AP,2048,2500,0.168,0.168,,64,0.64,0,0
00000290_002.png,No Finding,2,290,064Y,F,AP,2500,2048,0.168,0.168,,64,0.64,0,0
00000290_003.png,No Finding,3,290,066Y,F,AP,2500,2048,0.168,0.168,,66,0.66,0,0
00000293_000.png,No Finding,0,293,082Y,F,PA,2682,2889,0.143,0.143,,82,0.82,0,1
00000294_000.png,Cardiomegaly,0,294,059Y,F,PA,2514,2533,0.143,0.143,,59,0.59,0,1
00000294_001.png,No Finding,1,294,062Y,F,PA,2346,2517,0.143,0.143,,62,0.62,0,1
00000295_000.png,No Finding,0,295,056Y,F,PA,2630,2617,0.143,0.143,,56,0.56,0,1
00000296_000.png,Pneumothorax,0,296,062Y,M,PA,2021,2010,0.194311,0.194311,,62,0.62,1,1
00000296_001.png,Emphysema,1,296,062Y,M,PA,1776,2021,0.194311,0.194311,,62,0.62,1,1
00000296_002.png,Pneumothorax,2,296,062Y,M,PA,2021,2021,0.194311,0.194311,,62,0.62,1,1
00000296_003.png,No Finding,3,296,052Y,M,PA,2048,2500,0.168,0.168,,52,0.52,1,1
00000297_000.png,Infiltration,0,297,049Y,M,PA,2786,2991,0.143,0.143,,49,0.49,1,1
00000298_000.png,No Finding,0,298,072Y,F,PA,2048,2500,0.171,0.171,,72,0.72,0,1
00000299_000.png,No Finding,0,299,065Y,F,PA,2048,2500,0.168,0.168,,65,0.65,0,1
00000300_000.png,No Finding,0,300,062Y,F,PA,2992,2991,0.143,0.143,,62,0.62,0,1
00000301_000.png,No Finding,0,301,054Y,F,PA,2526,2349,0.143,0.143,,54,0.54,0,1
00000301_001.png,No Finding,1,301,053Y,F,PA,2246,2569,0.143,0.143,,53,0.53,0,1
00000302_000.png,Atelectasis|Fibrosis,0,302,047Y,M,PA,2992,2991,0.143,0.143,,47,0.47,1,1
00000303_000.png,Atelectasis,0,303,081Y,M,PA,2500,2048,0.168,0.168,,81,0.81,1,1
00000304_000.png,No Finding,0,304,073Y,F,PA,2048,2500,0.171,0.171,,73,0.73,0,1
00000304_001.png,No Finding,1,304,076Y,F,PA,2048,2500,0.168,0.168,,76,0.76,0,1
00000304_002.png,No Finding,2,304,077Y,F,PA,2762,2553,0.143,0.143,,77,0.77,0,1
00000305_000.png,No Finding,0,305,078Y,M,PA,2992,2991,0.143,0.143,,78,0.78,1,1
00000305_001.png,Atelectasis,1,305,079Y,M,AP,2500,2048,0.168,0.168,,79,0.79,1,0
00000305_002.png,No Finding,2,305,079Y,M,AP,2500,2048,0.168,0.168,,79,0.79,1,0
00000306_000.png,Fibrosis|Infiltration,0,306,065Y,F,PA,2048,2500,0.168,0.168,,65,0.65,0,1
00000307_000.png,Atelectasis,0,307,057Y,M,PA,2654,2777,0.143,0.143,,57,0.57,1,1
00000308_000.png,No Finding,0,308,063Y,F,PA,2048,2500,0.168,0.168,,63,0.63,0,1
00000309_000.png,No Finding,0,309,042Y,M,AP,2500,2048,0.168,0.168,,42,0.42,1,0
00000310_000.png,No Finding,0,310,060Y,M,AP,2500,2048,0.171,0.171,,60,0.6,1,0
00000310_001.png,Pneumonia,1,310,060Y,M,AP,2500,2048,0.171,0.171,,60,0.6,1,0
00000310_002.png,No Finding,2,310,060Y,M,PA,2048,2500,0.171,0.171,,60,0.6,1,1
00000310_003.png,No Finding,3,310,060Y,M,AP,2500,2048,0.171,0.171,,60,0.6,1,0
00000310_004.png,Atelectasis,4,310,060Y,M,PA,2500,2048,0.168,0.168,,60,0.6,1,1
00000310_005.png,No Finding,5,310,060Y,M,AP,2500,2048,0.168,0.168,,60,0.6,1,0
00000310_006.png,Infiltration,6,310,061Y,M,AP,2500,2048,0.168,0.168,,61,0.61,1,0
00000311_000.png,Fibrosis,0,311,046Y,M,PA,2500,2048,0.171,0.171,,46,0.46,1,1
00000311_001.png,No Finding,1,311,047Y,M,PA,2500,2048,0.168,0.168,,47,0.47,1,1
00000312_000.png,No Finding,0,312,086Y,M,PA,2992,2991,0.143,0.143,,86,0.86,1,1
00000312_001.png,Emphysema,1,312,086Y,M,PA,2992,2991,0.143,0.143,,86,0.86,1,1
00000312_002.png,No Finding,2,312,086Y,M,PA,2992,2991,0.143,0.143,,86,0.86,1,1
00000314_000.png,Atelectasis,0,314,063Y,M,PA,2500,2048,0.171,0.171,,63,0.63,1,1
00000315_000.png,No Finding,0,315,073Y,M,PA,2992,2991,0.143,0.143,,73,0.73,1,1
00000315_001.png,Atelectasis|Effusion|Pneumothorax,1,315,071Y,M,AP,3056,2544,0.139,0.139,,71,0.71,1,0
00000315_002.png,Effusion|Nodule|Pleural_Thickening,2,315,071Y,M,PA,3056,2476,0.139,0.139,,71,0.71,1,1
00000315_003.png,Nodule|Pleural_Thickening,3,315,071Y,M,PA,2992,2991,0.143,0.143,,71,0.71,1,1
00000315_004.png,No Finding,4,315,071Y,M,PA,2992,2991,0.143,0.143,,71,0.71,1,1
00000315_005.png,No Finding,5,315,071Y,M,PA,2992,2991,0.143,0.143,,71,0.71,1,1
00000317_000.png,No Finding,0,317,022Y,F,PA,2048,2500,0.171,0.171,,22,0.22,0,1
00000317_001.png,No Finding,1,317,023Y,F,PA,2048,2500,0.171,0.171,,23,0.23,0,1
00000317_002.png,No Finding,2,317,025Y,F,PA,2048,2500,0.168,0.168,,25,0.25,0,1
00000317_003.png,No Finding,3,317,027Y,F,PA,2048,2500,0.168,0.168,,27,0.27,0,1
00000317_004.png,No Finding,4,317,029Y,F,PA,2758,2644,0.143,0.143,,29,0.29,0,1
00000318_000.png,No Finding,0,318,063Y,F,PA,2544,3056,0.139,0.139,,63,0.63,0,1
00000318_001.png,No Finding,1,318,064Y,F,PA,2346,2991,0.143,0.143,,64,0.64,0,1
00000318_002.png,No Finding,2,318,066Y,F,PA,1694,2021,0.194311,0.194311,,66,0.66,0,1
00000318_003.png,No Finding,3,318,067Y,F,PA,1864,1950,0.194311,0.194311,,67,0.67,0,1
00000318_004.png,No Finding,4,318,054Y,F,PA,2048,2500,0.171,0.171,,54,0.54,0,1
00000318_005.png,No Finding,5,318,056Y,F,PA,2048,2500,0.168,0.168,,56,0.56,0,1
00000318_006.png,No Finding,6,318,057Y,F,PA,2048,2500,0.168,0.168,,57,0.57,0,1
00000318_007.png,No Finding,7,318,057Y,F,PA,2542,2991,0.143,0.143,,57,0.57,0,1
00000318_008.png,No Finding,8,318,059Y,F,PA,2154,2989,0.143,0.143,,59,0.59,0,1
00000318_009.png,No Finding,9,318,060Y,F,PA,2426,2991,0.143,0.143,,60,0.6,0,1
00000318_010.png,Infiltration,10,318,062Y,F,PA,2630,2991,0.143,0.143,,62,0.62,0,1
00000319_000.png,No Finding,0,319,061Y,M,PA,2594,2991,0.143,0.143,,61,0.61,1,1
00000320_000.png,No Finding,0,320,064Y,M,PA,2500,2048,0.171,0.171,,64,0.64,1,1
00000321_000.png,No Finding,0,321,071Y,F,PA,2048,2500,0.171,0.171,,71,0.71,0,1
00000321_001.png,Infiltration,1,321,074Y,F,PA,2048,2500,0.168,0.168,,74,0.74,0,1
00000321_002.png,No Finding,2,321,075Y,F,PA,2666,2569,0.143,0.143,,75,0.75,0,1
00000321_003.png,No Finding,3,321,077Y,F,PA,2048,2500,0.168,0.168,,77,0.77,0,1
00000321_004.png,No Finding,4,321,078Y,F,PA,2048,2500,0.168,0.168,,78,0.78,0,1
00000321_005.png,No Finding,5,321,078Y,F,PA,2554,2511,0.143,0.143,,78,0.78,0,1
00000323_000.png,No Finding,0,323,057Y,F,PA,2048,2500,0.171,0.171,,57,0.57,0,1
00000325_000.png,No Finding,0,325,081Y,M,AP,2048,2500,0.171,0.171,,81,0.81,1,0
00000326_000.png,Mass,0,326,062Y,F,PA,2048,2500,0.171,0.171,,62,0.62,0,1
00000328_000.png,No Finding,0,328,040Y,M,PA,2500,2048,0.168,0.168,,40,0.4,1,1
00000329_000.png,No Finding,0,329,078Y,M,PA,2500,2048,0.171,0.171,,78,0.78,1,1
00000330_000.png,Cardiomegaly,0,330,057Y,F,PA,2614,2991,0.143,0.143,,57,0.57,0,1
00000332_000.png,No Finding,0,332,053Y,F,PA,2500,2048,0.168,0.168,,53,0.53,0,1
00000332_001.png,No Finding,1,332,054Y,F,AP,2500,2048,0.168,0.168,,54,0.54,0,0
00000333_000.png,Cardiomegaly|Consolidation,0,333,067Y,F,PA,2634,2558,0.143,0.143,,67,0.67,0,1
00000334_000.png,Fibrosis,0,334,062Y,F,PA,2048,2500,0.171,0.171,,62,0.62,0,1
00000334_001.png,No Finding,1,334,063Y,F,PA,2048,2500,0.171,0.171,,63,0.63,0,1
00000334_002.png,Emphysema,2,334,066Y,F,PA,2286,2685,0.143,0.143,,66,0.66,0,1
00000334_003.png,No Finding,3,334,067Y,F,PA,2500,2048,0.168,0.168,,67,0.67,0,1
00000334_004.png,Emphysema,4,334,068Y,F,PA,2458,2941,0.143,0.143,,68,0.68,0,1
00000334_005.png,No Finding,5,334,069Y,F,PA,2670,2991,0.143,0.143,,69,0.69,0,1
00000336_000.png,Nodule,0,336,075Y,F,PA,2892,2887,0.143,0.143,,75,0.75,0,1
00000337_000.png,Atelectasis|Effusion|Mass,0,337,075Y,M,PA,2500,2048,0.168,0.168,,75,0.75,1,1
00000338_000.png,Cardiomegaly,0,338,059Y,M,PA,2992,2991,0.143,0.143,,59,0.59,1,1
00000339_000.png,No Finding,0,339,057Y,F,PA,2992,2991,0.143,0.143,,57,0.57,0,1
00000339_001.png,Infiltration,1,339,063Y,F,PA,2992,2991,0.143,0.143,,63,0.63,0,1
00000340_000.png,No Finding,0,340,076Y,F,PA,2048,2500,0.171,0.171,,76,0.76,0,1
00000340_001.png,Infiltration|Nodule,1,340,077Y,F,PA,2500,2048,0.171,0.171,,77,0.77,0,1
00000340_002.png,No Finding,2,340,079Y,F,PA,2048,2500,0.168,0.168,,79,0.79,0,1
00000340_003.png,Emphysema,3,340,079Y,F,PA,2774,2521,0.143,0.143,,79,0.79,0,1
00000341_000.png,No Finding,0,341,052Y,M,PA,2500,2048,0.171,0.171,,52,0.52,1,1
00000343_000.png,Infiltration,0,343,058Y,F,PA,2992,2991,0.143,0.143,,58,0.58,0,1
00000344_000.png,Consolidation|Infiltration|Mass|Pleural_Thickening,0,344,033Y,M,AP,3056,2544,0.139,0.139,,33,0.33,1,0
00000344_001.png,Effusion|Infiltration,1,344,033Y,M,AP,3056,2544,0.139,0.139,,33,0.33,1,0
00000344_002.png,Effusion,2,344,033Y,M,AP,3056,2544,0.139,0.139,,33,0.33,1,0
00000344_003.png,Atelectasis|Effusion|Infiltration,3,344,033Y,M,PA,2021,2021,0.194311,0.194311,,33,0.33,1,1
00000344_004.png,Nodule,4,344,025Y,M,PA,2992,2991,0.143,0.143,,25,0.25,1,1
00000348_000.png,No Finding,0,348,069Y,F,PA,2750,2437,0.143,0.143,,69,0.69,0,1
00000348_001.png,No Finding,1,348,070Y,F,PA,2590,2553,0.143,0.143,,70,0.7,0,1
00000348_002.png,No Finding,2,348,060Y,F,PA,2048,2500,0.171,0.171,,60,0.6,0,1
00000348_003.png,No Finding,3,348,061Y,F,PA,2500,2048,0.168,0.168,,61,0.61,0,1
00000348_004.png,No Finding,4,348,062Y,F,PA,2992,2991,0.143,0.143,,62,0.62,0,1
00000348_005.png,No Finding,5,348,063Y,F,PA,2048,2500,0.168,0.168,,63,0.63,0,1
00000348_006.png,No Finding,6,348,064Y,F,PA,2610,2991,0.143,0.143,,64,0.64,0,1
00000348_007.png,Atelectasis,7,348,066Y,F,PA,2992,2991,0.143,0.143,,66,0.66,0,1
00000348_008.png,Infiltration,8,348,067Y,F,PA,2566,2685,0.143,0.143,,67,0.67,0,1
00000348_009.png,No Finding,9,348,068Y,F,PA,2992,2991,0.143,0.143,,68,0.68,0,1
00000349_000.png,No Finding,0,349,057Y,M,PA,2500,2048,0.171,0.171,,57,0.57,1,1
00000350_000.png,No Finding,0,350,058Y,M,PA,2500,2048,0.168,0.168,,58,0.58,1,1
00000351_000.png,Atelectasis,0,351,065Y,F,PA,2048,2500,0.168,0.168,,65,0.65,0,1
00000353_000.png,Emphysema,0,353,063Y,M,PA,2500,2048,0.168,0.168,,63,0.63,1,1
00000354_000.png,No Finding,0,354,026Y,M,AP,2500,2048,0.168,0.168,,26,0.26,1,0
00000355_000.png,No Finding,0,355,061Y,F,PA,2048,2500,0.168,0.168,,61,0.61,0,1
00000356_000.png,No Finding,0,356,030Y,F,AP,2500,2048,0.168,0.168,,30,0.3,0,0
00000356_001.png,No Finding,1,356,031Y,F,AP,2500,2048,0.168,0.168,,31,0.31,0,0
00000357_000.png,No Finding,0,357,073Y,F,PA,2762,2851,0.143,0.143,,73,0.73,0,1
00000358_000.png,No Finding,0,358,061Y,F,PA,2500,2048,0.171,0.171,,61,0.61,0,1
00000358_001.png,Infiltration|Pleural_Thickening,1,358,068Y,F,PA,2622,2991,0.143,0.143,,68,0.68,0,1
00000359_000.png,No Finding,0,359,080Y,F,PA,2544,3056,0.139,0.139,,80,0.8,0,1
00000359_001.png,No Finding,1,359,081Y,F,PA,2516,2846,0.143,0.143,,81,0.81,0,1
00000359_002.png,Emphysema,2,359,082Y,F,PA,2522,2991,0.143,0.143,,82,0.82,0,1
00000359_003.png,No Finding,3,359,083Y,F,PA,2020,2021,0.194311,0.194311,,83,0.83,0,1
00000359_004.png,No Finding,4,359,070Y,F,PA,2456,2968,0.139,0.139,,70,0.7,0,1
00000359_005.png,No Finding,5,359,071Y,F,PA,2048,2500,0.171,0.171,,71,0.71,0,1
00000359_006.png,No Finding,6,359,072Y,F,PA,2048,2500,0.168,0.168,,72,0.72,0,1
00000359_007.png,Fibrosis,7,359,074Y,F,PA,2048,2500,0.168,0.168,,74,0.74,0,1
00000359_008.png,Fibrosis,8,359,075Y,F,PA,2606,2805,0.143,0.143,,75,0.75,0,1
00000359_009.png,No Finding,9,359,076Y,F,PA,2546,2991,0.143,0.143,,76,0.76,0,1
00000359_010.png,No Finding,10,359,076Y,F,PA,2992,2991,0.143,0.143,,76,0.76,0,1
00000360_000.png,No Finding,0,360,044Y,M,PA,2500,2048,0.171,0.171,,44,0.44,1,1
00000360_001.png,No Finding,1,360,045Y,M,PA,2500,2048,0.168,0.168,,45,0.45,1,1
00000360_002.png,No Finding,2,360,045Y,M,PA,2048,2500,0.168,0.168,,45,0.45,1,1
00000360_003.png,Emphysema,3,360,046Y,M,AP,2500,2048,0.168,0.168,,46,0.46,1,0
00000360_004.png,Emphysema,4,360,046Y,M,AP,2500,2048,0.168,0.168,,46,0.46,1,0
00000360_005.png,Atelectasis|Pneumothorax,5,360,046Y,M,PA,2500,2048,0.168,0.168,,46,0.46,1,1
00000360_006.png,Atelectasis|Effusion|Emphysema|Pleural_Thickening,6,360,046Y,M,PA,2500,2048,0.168,0.168,,46,0.46,1,1
00000360_007.png,No Finding,7,360,046Y,M,PA,2500,2048,0.168,0.168,,46,0.46,1,1
00000360_008.png,Infiltration,8,360,046Y,M,PA,2992,2991,0.143,0.143,,46,0.46,1,1
00000361_000.png,Nodule,0,361,061Y,F,PA,2992,2991,0.143,0.143,,61,0.61,0,1
00000362_000.png,No Finding,0,362,063Y,M,PA,2992,2991,0.143,0.143,,63,0.63,1,1
00000362_001.png,No Finding,1,362,063Y,M,PA,2898,2959,0.143,0.143,,63,0.63,1,1
00000362_002.png,No Finding,2,362,063Y,M,PA,2992,2991,0.143,0.143,,63,0.63,1,1
00000362_003.png,No Finding,3,362,063Y,M,PA,2992,2991,0.143,0.143,,63,0.63,1,1
00000362_004.png,No Finding,4,362,063Y,M,PA,2500,2048,0.168,0.168,,63,0.63,1,1
00000362_005.png,No Finding,5,362,063Y,M,PA,2992,2991,0.143,0.143,,63,0.63,1,1
00000363_000.png,Fibrosis|Infiltration,0,363,083Y,M,PA,2992,2991,0.143,0.143,,83,0.83,1,1
00000363_001.png,Consolidation,1,363,083Y,M,PA,2992,2991,0.143,0.143,,83,0.83,1,1
00000363_002.png,Effusion|Pleural_Thickening,2,363,083Y,M,PA,2992,2991,0.143,0.143,,83,0.83,1,1
00000364_000.png,No Finding,0,364,029Y,F,AP,2500,2048,0.171,0.171,,29,0.29,0,0
00000364_001.png,No Finding,1,364,030Y,F,PA,2048,2500,0.168,0.168,,30,0.3,0,1
00000365_000.png,No Finding,0,365,052Y,F,PA,2522,2991,0.143,0.143,,52,0.52,0,1
00000366_000.png,No Finding,0,366,076Y,F,PA,2670,2991,0.143,0.143,,76,0.76,0,1
00000366_001.png,No Finding,1,366,078Y,F,PA,2048,2500,0.168,0.168,,78,0.78,0,1
00000367_000.png,Infiltration,0,367,067Y,F,PA,2682,2597,0.143,0.143,,67,0.67,0,1
00000369_000.png,No Finding,0,369,067Y,F,PA,2866,2793,0.143,0.143,,67,0.67,0,1
00000370_000.png,Nodule,0,370,065Y,F,PA,2992,2991,0.143,0.143,,65,0.65,0,1
00000370_001.png,No Finding,1,370,066Y,F,PA,2544,3056,0.139,0.139,,66,0.66,0,1
00000370_002.png,No Finding,2,370,068Y,F,PA,1842,2021,0.194311,0.194311,,68,0.68,0,1
00000370_003.png,No Finding,3,370,055Y,F,PA,2048,2500,0.171,0.171,,55,0.55,0,1
00000370_004.png,No Finding,4,370,058Y,F,PA,2506,2573,0.143,0.143,,58,0.58,0,1
00000370_005.png,No Finding,5,370,059Y,F,PA,2992,2991,0.143,0.143,,59,0.59,0,1
00000370_006.png,Atelectasis|Nodule,6,370,060Y,F,PA,2992,2991,0.143,0.143,,60,0.6,0,1
00000370_007.png,No Finding,7,370,060Y,F,PA,2678,2991,0.143,0.143,,60,0.6,0,1
00000370_008.png,Nodule,8,370,060Y,F,PA,2674,2991,0.143,0.143,,60,0.6,0,1
00000370_009.png,No Finding,9,370,061Y,F,PA,2992,2991,0.143,0.143,,61,0.61,0,1
00000370_010.png,Infiltration,10,370,062Y,F,PA,2378,2697,0.143,0.143,,62,0.62,0,1
00000370_011.png,Infiltration,11,370,064Y,F,PA,2632,2414,0.143,0.143,,64,0.64,0,1
00000371_000.png,No Finding,0,371,057Y,M,PA,2021,2021,0.194311,0.194311,,57,0.57,1,1
00000372_000.png,Nodule,0,372,079Y,M,AP,2500,2048,0.171,0.171,,79,0.79,1,0
00000372_001.png,Mass,1,372,080Y,M,AP,2500,2048,0.168,0.168,,80,0.8,1,0
00000372_002.png,Pneumothorax,2,372,080Y,M,AP,2500,2048,0.168,0.168,,80,0.8,1,0
00000372_003.png,Pneumothorax,3,372,080Y,M,PA,2500,2048,0.168,0.168,,80,0.8,1,1
00000372_004.png,Emphysema|Pneumothorax,4,372,080Y,M,AP,2500,2048,0.168,0.168,,80,0.8,1,0
00000372_005.png,Atelectasis|Effusion|Infiltration,5,372,080Y,M,PA,2048,2500,0.168,0.168,,80,0.8,1,1
00000372_006.png,No Finding,6,372,080Y,M,PA,2048,2500,0.168,0.168,,80,0.8,1,1
00000372_007.png,Nodule,7,372,080Y,M,PA,2500,2048,0.168,0.168,,80,0.8,1,1
00000372_008.png,Atelectasis|Effusion|Infiltration,8,372,080Y,M,AP,2500,2048,0.168,0.168,,80,0.8,1,0
00000372_009.png,No Finding,9,372,080Y,M,AP,2500,2048,0.168,0.168,,80,0.8,1,0
00000372_010.png,No Finding,10,372,080Y,M,PA,2500,2048,0.168,0.168,,80,0.8,1,1
00000372_011.png,No Finding,11,372,080Y,M,AP,2500,2048,0.168,0.168,,80,0.8,1,0
00000372_012.png,Effusion,12,372,080Y,M,PA,2048,2500,0.168,0.168,,80,0.8,1,1
00000372_013.png,Nodule,13,372,080Y,M,PA,2048,2500,0.168,0.168,,80,0.8,1,1
00000372_014.png,No Finding,14,372,080Y,M,PA,2500,2048,0.168,0.168,,80,0.8,1,1
00000372_015.png,Effusion|Nodule,15,372,082Y,M,PA,2578,2845,0.143,0.143,,82,0.82,1,1
00000372_016.png,Effusion|Nodule,16,372,082Y,M,PA,2992,2991,0.143,0.143,,82,0.82,1,1
00000373_000.png,No Finding,0,373,022Y,F,PA,2048,2500,0.171,0.171,,22,0.22,0,1
00000373_001.png,No Finding,1,373,027Y,F,PA,2048,2500,0.168,0.168,,27,0.27,0,1
00000374_000.png,Cardiomegaly,0,374,075Y,M,PA,2500,2048,0.171,0.171,,75,0.75,1,1
00000375_000.png,No Finding,0,375,063Y,F,PA,2992,2991,0.143,0.143,,63,0.63,0,1
00000376_000.png,Pleural_Thickening,0,376,042Y,M,PA,2500,2048,0.171,0.171,,42,0.42,1,1
00000376_001.png,No Finding,1,376,045Y,M,PA,2500,2048,0.168,0.168,,45,0.45,1,1
00000376_002.png,Emphysema,2,376,046Y,M,PA,2992,2991,0.143,0.143,,46,0.46,1,1
00000376_003.png,No Finding,3,376,047Y,M,PA,2500,2048,0.168,0.168,,47,0.47,1,1
00000376_004.png,No Finding,4,376,048Y,M,PA,2992,2991,0.143,0.143,,48,0.48,1,1
00000376_005.png,Emphysema|Pneumothorax,5,376,048Y,M,AP,2500,2048,0.168,0.168,,48,0.48,1,0
00000376_006.png,Infiltration,6,376,048Y,M,PA,2992,2991,0.143,0.143,,48,0.48,1,1
00000376_007.png,Emphysema|Mass,7,376,048Y,M,PA,2500,2048,0.168,0.168,,48,0.48,1,1
00000376_008.png,Atelectasis|Edema|Mass,8,376,049Y,M,AP,2500,2048,0.168,0.168,,49,0.49,1,0
00000376_009.png,Infiltration,9,376,049Y,M,AP,2500,2048,0.168,0.168,,49,0.49,1,0
00000376_010.png,Infiltration,10,376,049Y,M,AP,2500,2048,0.168,0.168,,49,0.49,1,0
00000376_011.png,No Finding,11,376,049Y,M,PA,2500,2048,0.168,0.168,,49,0.49,1,1
00000376_012.png,No Finding,12,376,049Y,M,PA,2992,2991,0.143,0.143,,49,0.49,1,1
00000376_013.png,No Finding,13,376,049Y,M,PA,2992,2991,0.143,0.143,,49,0.49,1,1
00000376_014.png,Pleural_Thickening,14,376,050Y,M,AP,2500,2048,0.168,0.168,,50,0.5,1,0
00000377_000.png,Cardiomegaly,0,377,054Y,F,PA,2690,2965,0.143,0.143,,54,0.54,0,1
00000377_001.png,Atelectasis|Cardiomegaly|Effusion|Infiltration,1,377,055Y,F,AP,2500,2048,0.168,0.168,,55,0.55,0,0
00000377_002.png,No Finding,2,377,055Y,F,AP,2500,2048,0.168,0.168,,55,0.55,0,0
00000377_003.png,Cardiomegaly|Infiltration,3,377,054Y,F,PA,2992,2821,0.143,0.143,,54,0.54,0,1
00000377_004.png,Cardiomegaly,4,377,057Y,F,PA,2048,2500,0.168,0.168,,57,0.57,0,1
00000378_000.png,No Finding,0,378,061Y,M,PA,2048,2500,0.171,0.171,,61,0.61,1,1
00000379_000.png,No Finding,0,379,080Y,F,PA,2546,2696,0.143,0.143,,80,0.8,0,1
00000379_001.png,No Finding,1,379,080Y,F,AP,3056,2544,0.139,0.139,,80,0.8,0,0
00000380_000.png,No Finding,0,380,034Y,F,PA,2544,3056,0.139,0.139,,34,0.34,0,1
00000382_000.png,No Finding,0,382,068Y,F,PA,2500,2048,0.168,0.168,,68,0.68,0,1
00000382_001.png,No Finding,1,382,071Y,F,PA,2710,2991,0.143,0.143,,71,0.71,0,1
00000382_002.png,Fibrosis,2,382,073Y,F,PA,2992,2991,0.143,0.143,,73,0.73,0,1
00000384_000.png,No Finding,0,384,051Y,M,PA,2992,2991,0.143,0.143,,51,0.51,1,1
00000385_000.png,Hernia|Infiltration,0,385,070Y,F,PA,2590,2991,0.143,0.143,,70,0.7,0,1
00000385_001.png,Hernia,1,385,071Y,F,PA,2658,2991,0.143,0.143,,71,0.71,0,1
00000385_002.png,No Finding,2,385,064Y,F,PA,2770,2991,0.143,0.143,,64,0.64,0,1
00000385_003.png,No Finding,3,385,066Y,F,PA,2500,2048,0.168,0.168,,66,0.66,0,1
00000385_004.png,No Finding,4,385,066Y,F,PA,2992,2991,0.143,0.143,,66,0.66,0,1
00000385_005.png,Infiltration,5,385,068Y,F,PA,2482,2991,0.143,0.143,,68,0.68,0,1
00000387_000.png,Fibrosis,0,387,067Y,F,PA,2992,2991,0.143,0.143,,67,0.67,0,1
00000387_001.png,Fibrosis,1,387,068Y,F,PA,2992,2991,0.143,0.143,,68,0.68,0,1
00000387_002.png,No Finding,2,387,069Y,F,PA,2992,2991,0.143,0.143,,69,0.69,0,1
00000388_000.png,Fibrosis,0,388,074Y,F,PA,2992,2991,0.143,0.143,,74,0.74,0,1
00000389_000.png,No Finding,0,389,065Y,M,PA,2992,2991,0.143,0.143,,65,0.65,1,1
00000390_000.png,No Finding,0,390,021Y,F,PA,2048,2500,0.171,0.171,,21,0.21,0,1
00000390_001.png,No Finding,1,390,030Y,F,PA,2694,2933,0.143,0.143,,30,0.3,0,1
00000391_000.png,No Finding,0,391,085Y,F,PA,2634,2991,0.143,0.143,,85,0.85,0,1
00000391_001.png,No Finding,1,391,076Y,F,PA,2048,2500,0.171,0.171,,76,0.76,0,1
00000391_002.png,No Finding,2,391,078Y,F,PA,2048,2500,0.168,0.168,,78,0.78,0,1
00000391_003.png,No Finding,3,391,079Y,F,PA,2386,2991,0.143,0.143,,79,0.79,0,1
00000391_004.png,No Finding,4,391,080Y,F,PA,2626,2673,0.143,0.143,,80,0.8,0,1
00000391_005.png,No Finding,5,391,081Y,F,PA,2694,2665,0.143,0.143,,81,0.81,0,1
00000391_006.png,Infiltration,6,391,082Y,F,PA,2486,2991,0.143,0.143,,82,0.82,0,1
00000391_007.png,No Finding,7,391,083Y,F,PA,2454,2991,0.143,0.143,,83,0.83,0,1
00000391_008.png,Infiltration,8,391,084Y,F,PA,2604,2939,0.143,0.143,,84,0.84,0,1
00000391_009.png,No Finding,9,391,084Y,F,PA,2822,2817,0.143,0.143,,84,0.84,0,1
00000392_000.png,No Finding,0,392,062Y,F,PA,2598,2991,0.143,0.143,,62,0.62,0,1
00000393_000.png,No Finding,0,393,033Y,M,PA,2500,2048,0.171,0.171,,33,0.33,1,1
00000394_000.png,No Finding,0,394,073Y,M,PA,2500,2048,0.171,0.171,,73,0.73,1,1
00000395_000.png,No Finding,0,395,073Y,M,PA,2500,2048,0.168,0.168,,73,0.73,1,1
00000396_000.png,No Finding,0,396,057Y,M,PA,2992,2657,0.143,0.143,,57,0.57,1,1
00000399_000.png,Nodule,0,399,034Y,F,PA,2048,2500,0.168,0.168,,34,0.34,0,1
00000399_001.png,No Finding,1,399,035Y,F,PA,2048,2500,0.168,0.168,,35,0.35,0,1
00000400_000.png,Mass,0,400,060Y,M,PA,2882,2808,0.143,0.143,,60,0.6,1,1
00000401_000.png,No Finding,0,401,062Y,F,PA,2048,2500,0.171,0.171,,62,0.62,0,1
00000403_000.png,Fibrosis,0,403,071Y,F,PA,2048,2500,0.171,0.171,,71,0.71,0,1
00000403_001.png,No Finding,1,403,072Y,F,PA,2048,2500,0.171,0.171,,72,0.72,0,1
00000404_000.png,Atelectasis|Consolidation|Effusion|Mass|Pleural_Thickening,0,404,072Y,M,AP,3056,2544,0.139,0.139,,72,0.72,1,0
00000404_001.png,Atelectasis|Consolidation|Effusion|Mass|Pleural_Thickening,1,404,072Y,M,AP,3056,2544,0.139,0.139,,72,0.72,1,0
00000404_002.png,Pneumothorax,2,404,073Y,M,PA,2021,2021,0.194311,0.194311,,73,0.73,1,1
00000405_000.png,No Finding,0,405,044Y,M,PA,2674,2913,0.143,0.143,,44,0.44,1,1
00000406_000.png,Cardiomegaly,0,406,051Y,M,PA,2500,2048,0.171,0.171,,51,0.51,1,1
00000406_001.png,No Finding,1,406,055Y,M,PA,2992,2991,0.143,0.143,,55,0.55,1,1
00000407_000.png,No Finding,0,407,070Y,F,PA,2048,2500,0.168,0.168,,70,0.7,0,1
00000407_001.png,Fibrosis,1,407,071Y,F,PA,2048,2500,0.168,0.168,,71,0.71,0,1
00000408_000.png,No Finding,0,408,075Y,F,PA,2048,2500,0.171,0.171,,75,0.75,0,1
00000411_000.png,Infiltration,0,411,078Y,F,PA,2658,2629,0.143,0.143,,78,0.78,0,1
00000412_000.png,No Finding,0,412,056Y,M,PA,2048,2500,0.171,0.171,,56,0.56,1,1
00000412_001.png,No Finding,1,412,058Y,M,PA,2500,2048,0.171,0.171,,58,0.58,1,1
00000412_002.png,No Finding,2,412,058Y,M,PA,2500,2048,0.171,0.171,,58,0.58,1,1
00000412_003.png,No Finding,3,412,059Y,M,PA,2500,2048,0.168,0.168,,59,0.59,1,1
00000413_000.png,No Finding,0,413,042Y,M,PA,2500,2048,0.171,0.171,,42,0.42,1,1
00000414_000.png,No Finding,0,414,046Y,M,PA,2500,2048,0.168,0.168,,46,0.46,1,1
00000415_000.png,Nodule,0,415,068Y,F,AP,2500,2048,0.168,0.168,,68,0.68,0,0
00000415_001.png,Fibrosis|Infiltration|Nodule|Pneumonia,1,415,068Y,F,AP,3056,2544,0.139,0.139,,68,0.68,0,0
00000415_002.png,No Finding,2,415,068Y,F,AP,3056,2500,0.139,0.139,,68,0.68,0,0
00000416_000.png,No Finding,0,416,067Y,F,PA,2048,2500,0.168,0.168,,67,0.67,0,1
00000416_001.png,Mass,1,416,067Y,F,PA,2500,2048,0.168,0.168,,67,0.67,0,1
00000416_002.png,No Finding,2,416,067Y,F,AP,2500,2048,0.168,0.168,,67,0.67,0,0
00000416_003.png,Pneumothorax,3,416,067Y,F,PA,2722,2991,0.143,0.143,,67,0.67,0,1
00000416_004.png,Pneumothorax,4,416,067Y,F,PA,2992,2991,0.143,0.143,,67,0.67,0,1
00000416_005.png,Pneumothorax,5,416,067Y,F,PA,2992,2991,0.143,0.143,,67,0.67,0,1
00000416_006.png,Pneumothorax,6,416,067Y,F,AP,2500,2048,0.168,0.168,,67,0.67,0,0
00000416_007.png,Pneumothorax,7,416,067Y,F,PA,2048,2500,0.168,0.168,,67,0.67,0,1
00000416_008.png,Mass,8,416,067Y,F,PA,2562,2685,0.143,0.143,,67,0.67,0,1
00000417_000.png,No Finding,0,417,038Y,M,AP,2500,2048,0.168,0.168,,38,0.38,1,0
00000417_001.png,No Finding,1,417,038Y,M,AP,2500,2048,0.168,0.168,,38,0.38,1,0
00000417_002.png,No Finding,2,417,038Y,M,PA,2992,2991,0.143,0.143,,38,0.38,1,1
00000417_003.png,No Finding,3,417,038Y,M,PA,2992,2991,0.143,0.143,,38,0.38,1,1
00000417_004.png,No Finding,4,417,038Y,M,PA,2992,2991,0.143,0.143,,38,0.38,1,1
00000417_005.png,Pneumothorax,5,417,038Y,M,AP,2500,2048,0.168,0.168,,38,0.38,1,0
00000418_000.png,Atelectasis|Mass,0,418,037Y,M,AP,2500,2048,0.168,0.168,,37,0.37,1,0
00000418_001.png,No Finding,1,418,039Y,M,AP,2500,2048,0.168,0.168,,39,0.39,1,0
00000418_002.png,No Finding,2,418,039Y,M,AP,2500,2048,0.168,0.168,,39,0.39,1,0
00000418_003.png,No Finding,3,418,038Y,M,PA,2746,2991,0.143,0.143,,38,0.38,1,1
00000419_000.png,No Finding,0,419,050Y,F,PA,2021,2021,0.194311,0.194311,,50,0.5,0,1
00000420_000.png,No Finding,0,420,063Y,F,PA,2544,3056,0.139,0.139,,63,0.63,0,1
00000420_001.png,No Finding,1,420,066Y,F,PA,2021,2021,0.194311,0.194311,,66,0.66,0,1
00000421_000.png,Atelectasis,0,421,071Y,M,AP,2500,2048,0.168,0.168,,71,0.71,1,0
00000421_001.png,Atelectasis|Emphysema,1,421,071Y,M,PA,2500,2048,0.168,0.168,,71,0.71,1,1
00000422_000.png,No Finding,0,422,080Y,F,PA,2544,3056,0.139,0.139,,80,0.8,0,1
00000422_001.png,No Finding,1,422,071Y,F,PA,2500,2048,0.171,0.171,,71,0.71,0,1
00000422_002.png,No Finding,2,422,072Y,F,PA,2048,2500,0.168,0.168,,72,0.72,0,1
00000422_003.png,No Finding,3,422,075Y,F,PA,2500,2048,0.168,0.168,,75,0.75,0,1
00000422_004.png,No Finding,4,422,075Y,F,PA,2992,2991,0.143,0.143,,75,0.75,0,1
00000422_005.png,No Finding,5,422,077Y,F,PA,2992,2991,0.143,0.143,,77,0.77,0,1
00000422_006.png,Infiltration,6,422,078Y,F,PA,2930,2991,0.143,0.143,,78,0.78,0,1
00000422_007.png,Infiltration,7,422,078Y,F,PA,2842,2991,0.143,0.143,,78,0.78,0,1
00000423_000.png,No Finding,0,423,030Y,M,PA,2602,2991,0.143,0.143,,30,0.3,1,1
00000425_000.png,No Finding,0,425,050Y,F,PA,3056,2544,0.139,0.139,,50,0.5,0,1
00000425_001.png,No Finding,1,425,043Y,F,PA,2622,2685,0.143,0.143,,43,0.43,0,1
00000426_000.png,No Finding,0,426,050Y,M,PA,2500,2048,0.168,0.168,,50,0.5,1,1
00000426_001.png,Fibrosis,1,426,052Y,M,PA,2950,2991,0.143,0.143,,52,0.52,1,1
00000426_002.png,No Finding,2,426,053Y,M,PA,2794,2991,0.143,0.143,,53,0.53,1,1
00000426_003.png,No Finding,3,426,054Y,M,PA,2992,2991,0.143,0.143,,54,0.54,1,1
00000427_000.png,No Finding,0,427,077Y,F,PA,2830,2889,0.143,0.143,,77,0.77,0,1
00000427_001.png,No Finding,1,427,081Y,F,PA,2736,2317,0.143,0.143,,81,0.81,0,1
00000428_000.png,No Finding,0,428,058Y,M,PA,2048,2500,0.171,0.171,,58,0.58,1,1
00000430_000.png,No Finding,0,430,065Y,F,PA,2048,2500,0.171,0.171,,65,0.65,0,1
00000430_001.png,No Finding,1,430,068Y,F,PA,2992,2991,0.143,0.143,,68,0.68,0,1
00000430_002.png,No Finding,2,430,071Y,F,PA,2802,2991,0.143,0.143,,71,0.71,0,1
00000432_000.png,Cardiomegaly|Emphysema,0,432,072Y,F,PA,2048,2500,0.171,0.171,,72,0.72,0,1
00000433_000.png,No Finding,0,433,050Y,F,PA,2500,2048,0.168,0.168,,50,0.5,0,1
00000434_000.png,No Finding,0,434,050Y,F,PA,2674,2991,0.143,0.143,,50,0.5,0,1
00000435_000.png,Cardiomegaly|Effusion|Mass,0,435,067Y,M,PA,2550,2991,0.143,0.143,,67,0.67,1,1
00000436_000.png,No Finding,0,436,080Y,F,PA,2048,2500,0.171,0.171,,80,0.8,0,1
00000437_000.png,No Finding,0,437,057Y,F,PA,2368,2600,0.143,0.143,,57,0.57,0,1
00000438_000.png,No Finding,0,438,064Y,M,PA,2500,2048,0.171,0.171,,64,0.64,1,1
00000440_000.png,No Finding,0,440,061Y,M,PA,2710,2991,0.143,0.143,,61,0.61,1,1
00000440_001.png,No Finding,1,440,062Y,M,PA,2992,2991,0.143,0.143,,62,0.62,1,1
00000441_000.png,Atelectasis,0,441,049Y,M,PA,2992,2991,0.143,0.143,,49,0.49,1,1
00000442_000.png,Cardiomegaly|Edema|Infiltration|Nodule,0,442,049Y,F,AP,3056,2544,0.139,0.139,,49,0.49,0,0
00000442_001.png,Cardiomegaly|Effusion|Infiltration,1,442,049Y,F,PA,2598,2991,0.143,0.143,,49,0.49,0,1
00000442_002.png,Cardiomegaly|Effusion,2,442,049Y,F,PA,2544,3056,0.139,0.139,,49,0.49,0,1
00000442_003.png,Cardiomegaly,3,442,045Y,F,PA,2992,2991,0.143,0.143,,45,0.45,0,1
00000443_000.png,No Finding,0,443,046Y,M,PA,2992,2991,0.143,0.143,,46,0.46,1,1
00000443_001.png,No Finding,1,443,046Y,M,AP,3056,2544,0.139,0.139,,46,0.46,1,0
00000443_002.png,No Finding,2,443,047Y,M,PA,2992,2991,0.143,0.143,,47,0.47,1,1
00000443_003.png,No Finding,3,443,043Y,M,PA,2992,2991,0.143,0.143,,43,0.43,1,1
00000443_004.png,No Finding,4,443,044Y,M,AP,2500,2048,0.168,0.168,,44,0.44,1,0
00000443_005.png,Mass,5,443,044Y,M,AP,2500,2048,0.168,0.168,,44,0.44,1,0
00000444_000.png,Infiltration,0,444,048Y,M,PA,3056,2544,0.139,0.139,,48,0.48,1,1
00000444_001.png,No Finding,1,444,045Y,M,AP,2500,2048,0.168,0.168,,45,0.45,1,0
00000444_002.png,No Finding,2,444,045Y,M,AP,2500,2048,0.168,0.168,,45,0.45,1,0
00000444_003.png,No Finding,3,444,044Y,M,PA,2992,2991,0.143,0.143,,44,0.44,1,1
00000445_000.png,No Finding,0,445,063Y,F,PA,2602,2573,0.143,0.143,,63,0.63,0,1
00000446_000.png,Infiltration,0,446,066Y,M,PA,2992,2991,0.143,0.143,,66,0.66,1,1
00000446_001.png,No Finding,1,446,066Y,M,PA,2992,2991,0.143,0.143,,66,0.66,1,1
00000447_000.png,No Finding,0,447,057Y,F,PA,2048,2500,0.171,0.171,,57,0.57,0,1
00000447_001.png,No Finding,1,447,062Y,F,PA,2422,2745,0.143,0.143,,62,0.62,0,1
00000447_002.png,No Finding,2,447,063Y,F,PA,2418,2991,0.143,0.143,,63,0.63,0,1
00000447_003.png,No Finding,3,447,064Y,F,PA,2992,2991,0.143,0.143,,64,0.64,0,1
00000447_004.png,No Finding,4,447,065Y,F,PA,2470,2991,0.143,0.143,,65,0.65,0,1
00000447_005.png,Infiltration,5,447,066Y,F,PA,2630,2991,0.143,0.143,,66,0.66,0,1
00000449_000.png,No Finding,0,449,057Y,M,PA,2021,2021,0.194311,0.194311,,57,0.57,1,1
00000449_001.png,No Finding,1,449,049Y,M,PA,2992,2845,0.143,0.143,,49,0.49,1,1
00000449_002.png,No Finding,2,449,050Y,M,PA,2992,2991,0.143,0.143,,50,0.5,1,1
00000449_003.png,No Finding,3,449,051Y,M,PA,2500,2048,0.168,0.168,,51,0.51,1,1
00000450_000.png,Infiltration,0,450,062Y,F,AP,2544,3056,0.139,0.139,,62,0.62,0,0
00000450_001.png,No Finding,1,450,062Y,F,AP,2544,3056,0.139,0.139,,62,0.62,0,0
00000450_002.png,No Finding,2,450,062Y,F,AP,3056,2544,0.139,0.139,,62,0.62,0,0
00000450_003.png,No Finding,3,450,062Y,F,AP,3056,2544,0.139,0.139,,62,0.62,0,0
00000450_004.png,No Finding,4,450,062Y,F,AP,3056,2544,0.139,0.139,,62,0.62,0,0
00000450_005.png,No Finding,5,450,062Y,F,AP,3056,2544,0.139,0.139,,62,0.62,0,0
00000450_006.png,No Finding,6,450,062Y,F,AP,3056,2544,0.139,0.139,,62,0.62,0,0
00000450_007.png,No Finding,7,450,061Y,F,PA,2544,3056,0.139,0.139,,61,0.61,0,1
00000450_008.png,No Finding,8,450,062Y,F,AP,3056,2544,0.139,0.139,,62,0.62,0,0
00000452_000.png,No Finding,0,452,042Y,F,PA,2992,2991,0.143,0.143,,42,0.42,0,1
00000453_000.png,No Finding,0,453,063Y,M,PA,2992,2991,0.143,0.143,,63,0.63,1,1
00000454_000.png,No Finding,0,454,028Y,M,PA,2992,2991,0.143,0.143,,28,0.28,1,1
00000455_000.png,No Finding,0,455,047Y,F,PA,2048,2500,0.168,0.168,,47,0.47,0,1
00000456_000.png,No Finding,0,456,055Y,M,PA,2992,2991,0.143,0.143,,55,0.55,1,1
00000456_001.png,No Finding,1,456,058Y,M,PA,2620,2786,0.143,0.143,,58,0.58,1,1
00000459_000.png,No Finding,0,459,055Y,F,PA,2674,2272,0.143,0.143,,55,0.55,0,1
00000459_001.png,No Finding,1,459,055Y,F,AP,3056,2544,0.139,0.139,,55,0.55,0,0
00000459_002.png,No Finding,2,459,055Y,F,PA,2992,2991,0.143,0.143,,55,0.55,0,1
00000459_003.png,Infiltration,3,459,056Y,F,PA,2992,2991,0.143,0.143,,56,0.56,0,1
00000459_004.png,No Finding,4,459,056Y,F,AP,3056,2544,0.139,0.139,,56,0.56,0,0
00000459_005.png,No Finding,5,459,056Y,F,AP,3056,2544,0.139,0.139,,56,0.56,0,0
00000459_006.png,No Finding,6,459,056Y,F,PA,2992,2969,0.143,0.143,,56,0.56,0,1
00000459_007.png,No Finding,7,459,056Y,F,AP,3056,2544,0.139,0.139,,56,0.56,0,0
00000459_008.png,No Finding,8,459,056Y,F,AP,3056,2544,0.139,0.139,,56,0.56,0,0
00000459_009.png,No Finding,9,459,056Y,F,PA,2992,2991,0.143,0.143,,56,0.56,0,1
00000459_010.png,Infiltration,10,459,056Y,F,AP,3016,2544,0.139,0.139,,56,0.56,0,0
00000459_011.png,No Finding,11,459,056Y,F,AP,3056,2544,0.139,0.139,,56,0.56,0,0
00000459_012.png,No Finding,12,459,056Y,F,PA,2992,2991,0.143,0.143,,56,0.56,0,1
00000459_013.png,No Finding,13,459,056Y,F,PA,2382,2777,0.143,0.143,,56,0.56,0,1
00000459_014.png,No Finding,14,459,056Y,F,PA,2992,2991,0.143,0.143,,56,0.56,0,1
00000459_015.png,No Finding,15,459,056Y,F,PA,2992,2991,0.143,0.143,,56,0.56,0,1
00000459_016.png,Infiltration,16,459,056Y,F,PA,2992,2991,0.143,0.143,,56,0.56,0,1
00000459_017.png,Nodule,17,459,057Y,F,AP,3056,2544,0.139,0.139,,57,0.57,0,0
00000459_018.png,Infiltration,18,459,057Y,F,PA,2866,2937,0.143,0.143,,57,0.57,0,1
00000459_019.png,No Finding,19,459,057Y,F,PA,2992,2991,0.143,0.143,,57,0.57,0,1
00000459_020.png,Atelectasis|Infiltration,20,459,057Y,F,PA,2992,2991,0.143,0.143,,57,0.57,0,1
00000459_021.png,No Finding,21,459,057Y,F,PA,2992,2991,0.143,0.143,,57,0.57,0,1
00000459_022.png,No Finding,22,459,057Y,F,AP,3056,2544,0.139,0.139,,57,0.57,0,0
00000459_023.png,No Finding,23,459,057Y,F,PA,2544,3056,0.139,0.139,,57,0.57,0,1
00000459_024.png,Consolidation,24,459,058Y,F,PA,2021,2020,0.194311,0.194311,,58,0.58,0,1
00000459_025.png,No Finding,25,459,059Y,F,PA,1773,1835,0.194311,0.194311,,59,0.59,0,1
00000459_026.png,No Finding,26,459,058Y,F,PA,2544,3056,0.139,0.139,,58,0.58,0,1
00000459_027.png,Infiltration,27,459,054Y,F,AP,2500,2048,0.168,0.168,,54,0.54,0,0
00000459_028.png,No Finding,28,459,054Y,F,PA,2048,2500,0.168,0.168,,54,0.54,0,1
00000459_029.png,Atelectasis|Cardiomegaly|Effusion|Infiltration,29,459,054Y,F,PA,2830,2991,0.143,0.143,,54,0.54,0,1
00000459_030.png,Fibrosis|Infiltration,30,459,054Y,F,AP,3056,2544,0.139,0.139,,54,0.54,0,0
00000459_031.png,Atelectasis,31,459,055Y,F,AP,2500,2048,0.168,0.168,,55,0.55,0,0
00000459_032.png,Cardiomegaly|Effusion,32,459,054Y,F,AP,3056,2544,0.139,0.139,,54,0.54,0,0
00000459_033.png,No Finding,33,459,054Y,F,AP,3056,2544,0.139,0.139,,54,0.54,0,0
00000459_034.png,Edema,34,459,055Y,F,AP,2500,2048,0.168,0.168,,55,0.55,0,0
00000459_035.png,Infiltration,35,459,054Y,F,AP,3056,2544,0.139,0.139,,54,0.54,0,0
00000459_036.png,No Finding,36,459,054Y,F,AP,3056,2544,0.139,0.139,,54,0.54,0,0
00000459_037.png,Infiltration,37,459,054Y,F,AP,3056,2544,0.139,0.139,,54,0.54,0,0
00000459_038.png,No Finding,38,459,054Y,F,AP,3056,2544,0.139,0.139,,54,0.54,0,0
00000459_039.png,Infiltration,39,459,054Y,F,AP,3056,2544,0.139,0.139,,54,0.54,0,0
00000459_040.png,No Finding,40,459,054Y,F,AP,3056,2496,0.139,0.139,,54,0.54,0,0
00000459_041.png,Edema|Infiltration|Pneumonia,41,459,054Y,F,AP,3056,2544,0.139,0.139,,54,0.54,0,0
00000459_042.png,Edema,42,459,054Y,F,AP,3056,2544,0.139,0.139,,54,0.54,0,0
00000459_043.png,Edema,43,459,054Y,F,AP,3056,2544,0.139,0.139,,54,0.54,0,0
00000459_044.png,Edema,44,459,054Y,F,AP,3056,2544,0.139,0.139,,54,0.54,0,0
00000459_045.png,Cardiomegaly|Effusion,45,459,054Y,F,AP,3056,2544,0.139,0.139,,54,0.54,0,0
00000459_046.png,No Finding,46,459,054Y,F,AP,3028,2544,0.139,0.139,,54,0.54,0,0
00000459_047.png,Consolidation|Infiltration,47,459,054Y,F,AP,3056,2544,0.139,0.139,,54,0.54,0,0
00000459_048.png,Infiltration,48,459,054Y,F,AP,3056,2540,0.139,0.139,,54,0.54,0,0
00000459_049.png,Infiltration,49,459,054Y,F,AP,3056,2484,0.139,0.139,,54,0.54,0,0
00000459_050.png,No Finding,50,459,055Y,F,AP,2500,2048,0.168,0.168,,55,0.55,0,0
00000459_051.png,Edema|Infiltration|Nodule,51,459,054Y,F,AP,3056,2544,0.139,0.139,,54,0.54,0,0
00000459_052.png,Infiltration,52,459,054Y,F,PA,2992,2991,0.143,0.143,,54,0.54,0,1
00000459_053.png,Edema,53,459,054Y,F,PA,2484,2434,0.143,0.143,,54,0.54,0,1
00000459_054.png,Infiltration,54,459,054Y,F,PA,2444,2924,0.139,0.139,,54,0.54,0,1
00000459_055.png,No Finding,55,459,055Y,F,AP,3056,2544,0.139,0.139,,55,0.55,0,0
00000459_056.png,Cardiomegaly|Effusion|Infiltration,56,459,055Y,F,AP,3056,2544,0.139,0.139,,55,0.55,0,0
00000459_057.png,No Finding,57,459,055Y,F,PA,2698,2845,0.143,0.143,,55,0.55,0,1
00000459_058.png,Edema|Infiltration,58,459,055Y,F,PA,2992,2991,0.143,0.143,,55,0.55,0,1
00000461_000.png,Fibrosis,0,461,081Y,F,PA,2048,2500,0.171,0.171,,81,0.81,0,1
00000461_001.png,No Finding,1,461,084Y,F,PA,2634,2649,0.143,0.143,,84,0.84,0,1
00000461_002.png,No Finding,2,461,087Y,F,PA,2048,2500,0.168,0.168,,87,0.87,0,1
00000462_000.png,No Finding,0,462,050Y,F,AP,2500,2048,0.168,0.168,,50,0.5,0,0
00000464_000.png,No Finding,0,464,073Y,F,PA,2048,2500,0.171,0.171,,73,0.73,0,1
00000466_000.png,No Finding,0,466,071Y,F,PA,2048,2500,0.168,0.168,,71,0.71,0,1
00000466_001.png,No Finding,1,466,073Y,F,PA,2482,2605,0.143,0.143,,73,0.73,0,1
00000466_002.png,No Finding,2,466,073Y,F,PA,2832,2761,0.143,0.143,,73,0.73,0,1
00000466_003.png,No Finding,3,466,075Y,F,PA,2048,2500,0.168,0.168,,75,0.75,0,1
00000466_004.png,No Finding,4,466,075Y,F,PA,2226,2585,0.143,0.143,,75,0.75,0,1
00000466_005.png,Emphysema|Infiltration,5,466,077Y,F,PA,2048,2500,0.168,0.168,,77,0.77,0,1
00000467_000.png,Atelectasis|Consolidation,0,467,052Y,M,PA,2992,2991,0.143,0.143,,52,0.52,1,1
00000467_001.png,No Finding,1,467,052Y,M,AP,3056,2544,0.139,0.139,,52,0.52,1,0
00000467_002.png,Consolidation,2,467,052Y,M,AP,3056,2544,0.139,0.139,,52,0.52,1,0
00000467_003.png,Consolidation,3,467,052Y,M,AP,3056,2544,0.139,0.139,,52,0.52,1,0
00000467_004.png,Infiltration|Nodule,4,467,052Y,M,AP,3056,2544,0.139,0.139,,52,0.52,1,0
00000467_005.png,Nodule,5,467,052Y,M,AP,3056,2544,0.139,0.139,,52,0.52,1,0
00000467_006.png,Consolidation|Infiltration|Nodule,6,467,052Y,M,AP,3056,2544,0.139,0.139,,52,0.52,1,0
00000467_007.png,Infiltration,7,467,052Y,M,AP,3056,2544,0.139,0.139,,52,0.52,1,0
00000467_008.png,No Finding,8,467,052Y,M,AP,3056,2544,0.139,0.139,,52,0.52,1,0
00000467_009.png,No Finding,9,467,052Y,M,AP,3056,2544,0.139,0.139,,52,0.52,1,0
00000467_010.png,No Finding,10,467,052Y,M,AP,3056,2544,0.139,0.139,,52,0.52,1,0
00000467_011.png,Emphysema|Pneumothorax,11,467,052Y,M,AP,3056,2544,0.139,0.139,,52,0.52,1,0
00000467_012.png,Consolidation|Infiltration,12,467,052Y,M,AP,3056,2544,0.139,0.139,,52,0.52,1,0
00000467_013.png,Pneumothorax,13,467,052Y,M,AP,3056,2544,0.139,0.139,,52,0.52,1,0
00000467_014.png,Pneumothorax,14,467,052Y,M,AP,3056,2544,0.139,0.139,,52,0.52,1,0
00000468_000.png,Infiltration,0,468,031Y,M,AP,3056,2544,0.139,0.139,,31,0.31,1,0
00000468_001.png,Infiltration,1,468,031Y,M,AP,3056,2544,0.139,0.139,,31,0.31,1,0
00000468_002.png,Atelectasis,2,468,031Y,M,PA,2330,2414,0.143,0.143,,31,0.31,1,1
00000468_003.png,Infiltration,3,468,031Y,M,AP,3056,2544,0.139,0.139,,31,0.31,1,0
00000468_004.png,Infiltration|Pneumothorax,4,468,031Y,M,PA,2992,2991,0.143,0.143,,31,0.31,1,1
00000468_005.png,Emphysema|Pneumothorax,5,468,031Y,M,PA,2992,2991,0.143,0.143,,31,0.31,1,1
00000468_006.png,Pneumothorax,6,468,031Y,M,AP,3056,2544,0.139,0.139,,31,0.31,1,0
00000468_007.png,Emphysema|Infiltration,7,468,031Y,M,AP,3056,2544,0.139,0.139,,31,0.31,1,0
00000468_008.png,Infiltration|Pneumothorax,8,468,031Y,M,AP,3056,2544,0.139,0.139,,31,0.31,1,0
00000468_009.png,Infiltration|Pneumothorax,9,468,031Y,M,AP,3056,2544,0.139,0.139,,31,0.31,1,0
00000468_010.png,Infiltration|Pneumothorax,10,468,031Y,M,AP,3056,2544,0.139,0.139,,31,0.31,1,0
00000468_011.png,Pneumothorax,11,468,031Y,M,AP,3056,2544,0.139,0.139,,31,0.31,1,0
00000468_012.png,Infiltration|Nodule,12,468,031Y,M,AP,3056,2544,0.139,0.139,,31,0.31,1,0
00000468_013.png,Atelectasis|Infiltration,13,468,031Y,M,AP,3056,2544,0.139,0.139,,31,0.31,1,0
00000468_014.png,Pneumothorax,14,468,031Y,M,AP,3056,2544,0.139,0.139,,31,0.31,1,0
00000468_015.png,No Finding,15,468,031Y,M,AP,3056,2544,0.139,0.139,,31,0.31,1,0
00000468_016.png,Pneumothorax,16,468,031Y,M,AP,3056,2544,0.139,0.139,,31,0.31,1,0
00000468_017.png,Atelectasis|Pneumothorax,17,468,031Y,M,AP,3056,2544,0.139,0.139,,31,0.31,1,0
00000468_018.png,Pneumothorax,18,468,031Y,M,AP,3056,2544,0.139,0.139,,31,0.31,1,0
00000468_019.png,Atelectasis|Pneumothorax,19,468,059Y,M,AP,3056,2544,0.139,0.139,,59,0.59,1,0
00000468_020.png,Atelectasis|Pneumothorax,20,468,031Y,M,AP,3056,2544,0.139,0.139,,31,0.31,1,0
00000468_021.png,No Finding,21,468,031Y,M,AP,3056,2544,0.139,0.139,,31,0.31,1,0
00000468_022.png,Atelectasis,22,468,031Y,M,AP,3056,2544,0.139,0.139,,31,0.31,1,0
00000468_023.png,Atelectasis,23,468,031Y,M,AP,3056,2544,0.139,0.139,,31,0.31,1,0
00000468_024.png,No Finding,24,468,031Y,M,AP,3056,2544,0.139,0.139,,31,0.31,1,0
00000468_025.png,No Finding,25,468,031Y,M,AP,3056,2544,0.139,0.139,,31,0.31,1,0
00000468_026.png,Atelectasis,26,468,031Y,M,AP,3056,2544,0.139,0.139,,31,0.31,1,0
00000468_027.png,No Finding,27,468,031Y,M,AP,3056,2544,0.139,0.139,,31,0.31,1,0
00000468_028.png,Atelectasis,28,468,031Y,M,AP,3056,2544,0.139,0.139,,31,0.31,1,0
00000468_029.png,Cardiomegaly|Infiltration|Nodule|Pneumonia,29,468,031Y,M,AP,3056,2544,0.139,0.139,,31,0.31,1,0
00000468_030.png,No Finding,30,468,031Y,M,AP,3056,2544,0.139,0.139,,31,0.31,1,0
00000468_031.png,Atelectasis,31,468,031Y,M,AP,3056,2544,0.139,0.139,,31,0.31,1,0
00000468_032.png,Atelectasis,32,468,031Y,M,AP,3056,2544,0.139,0.139,,31,0.31,1,0
00000468_033.png,Atelectasis,33,468,031Y,M,PA,2662,2225,0.143,0.143,,31,0.31,1,1
00000468_034.png,Consolidation,34,468,031Y,M,PA,2544,3056,0.139,0.139,,31,0.31,1,1
00000468_035.png,Pleural_Thickening,35,468,031Y,M,AP,3056,2544,0.139,0.139,,31,0.31,1,0
00000468_036.png,No Finding,36,468,031Y,M,AP,3056,2544,0.139,0.139,,31,0.31,1,0
00000468_037.png,Fibrosis,37,468,031Y,M,PA,2694,2991,0.143,0.143,,31,0.31,1,1
00000468_038.png,No Finding,38,468,031Y,M,PA,2992,2991,0.143,0.143,,31,0.31,1,1
00000468_039.png,No Finding,39,468,031Y,M,AP,2964,2544,0.139,0.139,,31,0.31,1,0
00000468_040.png,Infiltration|Pneumonia|Pneumothorax,40,468,031Y,M,PA,2992,2991,0.143,0.143,,31,0.31,1,1
00000468_041.png,Infiltration,41,468,031Y,M,PA,2992,2991,0.143,0.143,,31,0.31,1,1
00000468_042.png,No Finding,42,468,032Y,M,PA,3056,2544,0.139,0.139,,32,0.32,1,1
00000468_043.png,No Finding,43,468,023Y,M,AP,2500,2048,0.171,0.171,,23,0.23,1,0
00000468_044.png,No Finding,44,468,023Y,M,PA,2500,2048,0.171,0.171,,23,0.23,1,1
00000468_045.png,No Finding,45,468,023Y,M,AP,2048,2500,0.171,0.171,,23,0.23,1,0
00000468_046.png,No Finding,46,468,023Y,M,AP,2048,2500,0.171,0.171,,23,0.23,1,0
00000468_047.png,Infiltration,47,468,023Y,M,AP,2500,2048,0.171,0.171,,23,0.23,1,0
00000468_048.png,No Finding,48,468,024Y,M,PA,2048,2500,0.168,0.168,,24,0.24,1,1
00000468_049.png,No Finding,49,468,024Y,M,AP,2500,2048,0.168,0.168,,24,0.24,1,0
00000468_050.png,No Finding,50,468,024Y,M,AP,2500,2048,0.168,0.168,,24,0.24,1,0
00000468_051.png,No Finding,51,468,025Y,M,PA,2048,2500,0.168,0.168,,25,0.25,1,1
00000468_052.png,No Finding,52,468,026Y,M,AP,2048,2500,0.168,0.168,,26,0.26,1,0
00000468_053.png,No Finding,53,468,026Y,M,AP,2500,2048,0.168,0.168,,26,0.26,1,0
00000468_054.png,No Finding,54,468,026Y,M,AP,2500,2048,0.168,0.168,,26,0.26,1,0
00000468_055.png,Infiltration,55,468,027Y,M,AP,2500,2048,0.168,0.168,,27,0.27,1,0
00000468_056.png,No Finding,56,468,028Y,M,AP,2500,2048,0.168,0.168,,28,0.28,1,0
00000468_057.png,No Finding,57,468,028Y,M,PA,2500,2048,0.168,0.168,,28,0.28,1,1
00000468_058.png,No Finding,58,468,029Y,M,AP,2500,2048,0.168,0.168,,29,0.29,1,0
00000468_059.png,No Finding,59,468,028Y,M,PA,2600,2970,0.143,0.143,,28,0.28,1,1
00000468_060.png,Atelectasis|Pleural_Thickening,60,468,030Y,M,AP,2500,2048,0.168,0.168,,30,0.3,1,0
00000469_000.png,No Finding,0,469,065Y,M,PA,2992,2991,0.143,0.143,,65,0.65,1,1
00000469_001.png,No Finding,1,469,059Y,M,PA,2990,2948,0.143,0.143,,59,0.59,1,1
00000469_002.png,No Finding,2,469,060Y,M,PA,2992,2991,0.143,0.143,,60,0.6,1,1
00000470_000.png,No Finding,0,470,057Y,F,PA,2806,2991,0.143,0.143,,57,0.57,0,1
00000471_000.png,Pleural_Thickening,0,471,046Y,M,PA,2992,2991,0.143,0.143,,46,0.46,1,1
00000472_000.png,No Finding,0,472,042Y,F,PA,2048,2500,0.171,0.171,,42,0.42,0,1
00000473_000.png,No Finding,0,473,057Y,F,PA,2992,2991,0.143,0.143,,57,0.57,0,1
00000474_000.png,No Finding,0,474,083Y,M,PA,2500,2048,0.168,0.168,,83,0.83,1,1
00000476_000.png,No Finding,0,476,060Y,M,PA,2992,2991,0.143,0.143,,60,0.6,1,1
00000478_000.png,Infiltration,0,478,063Y,F,PA,2048,2500,0.171,0.171,,63,0.63,0,1
00000478_001.png,Pleural_Thickening,1,478,064Y,F,PA,2500,2048,0.171,0.171,,64,0.64,0,1
00000478_002.png,No Finding,2,478,070Y,F,PA,2610,2991,0.143,0.143,,70,0.7,0,1
00000480_000.png,No Finding,0,480,032Y,M,PA,2500,2048,0.171,0.171,,32,0.32,1,1
00000482_000.png,Infiltration,0,482,068Y,F,PA,2544,3056,0.139,0.139,,68,0.68,0,1
00000484_000.png,No Finding,0,484,068Y,M,PA,2992,2991,0.143,0.143,,68,0.68,1,1
00000484_001.png,No Finding,1,484,069Y,M,AP,2500,2048,0.168,0.168,,69,0.69,1,0
00000485_000.png,Infiltration,0,485,071Y,F,PA,2514,2991,0.143,0.143,,71,0.71,0,1
00000487_000.png,Infiltration,0,487,048Y,F,PA,2574,2991,0.143,0.143,,48,0.48,0,1
00000489_000.png,Infiltration,0,489,042Y,M,PA,2500,2048,0.168,0.168,,42,0.42,1,1
00000489_001.png,Infiltration,1,489,042Y,M,AP,2500,2048,0.168,0.168,,42,0.42,1,0
00000489_002.png,No Finding,2,489,043Y,M,AP,2500,2048,0.168,0.168,,43,0.43,1,0
00000489_003.png,Consolidation,3,489,043Y,M,AP,2500,2048,0.168,0.168,,43,0.43,1,0
00000489_004.png,Consolidation|Infiltration,4,489,043Y,M,AP,2500,2048,0.168,0.168,,43,0.43,1,0
00000489_005.png,No Finding,5,489,043Y,M,AP,2500,2048,0.168,0.168,,43,0.43,1,0
00000489_006.png,Atelectasis|Effusion,6,489,043Y,M,AP,2500,2048,0.168,0.168,,43,0.43,1,0
00000489_007.png,Pleural_Thickening,7,489,042Y,M,PA,2992,2991,0.143,0.143,,42,0.42,1,1
00000489_008.png,Effusion|Fibrosis|Infiltration,8,489,042Y,M,PA,2992,2991,0.143,0.143,,42,0.42,1,1
00000490_000.png,Infiltration,0,490,058Y,M,PA,2898,2851,0.143,0.143,,58,0.58,1,1
00000490_001.png,No Finding,1,490,054Y,M,AP,2500,2048,0.168,0.168,,54,0.54,1,0
00000490_002.png,No Finding,2,490,054Y,M,AP,2500,2048,0.168,0.168,,54,0.54,1,0
00000490_003.png,No Finding,3,490,054Y,M,AP,2500,2048,0.168,0.168,,54,0.54,1,0
00000490_004.png,No Finding,4,490,054Y,M,AP,2500,2048,0.168,0.168,,54,0.54,1,0
00000490_005.png,No Finding,5,490,054Y,M,AP,2500,2048,0.168,0.168,,54,0.54,1,0
00000490_006.png,No Finding,6,490,054Y,M,AP,2500,2048,0.168,0.168,,54,0.54,1,0
00000491_000.png,Consolidation,0,491,034Y,M,AP,3056,2544,0.139,0.139,,34,0.34,1,0
00000491_001.png,No Finding,1,491,034Y,M,AP,3056,2544,0.139,0.139,,34,0.34,1,0
00000491_002.png,Consolidation,2,491,035Y,M,AP,3056,2544,0.139,0.139,,35,0.35,1,0
00000491_003.png,Consolidation,3,491,037Y,M,PA,2021,2021,0.194311,0.194311,,37,0.37,1,1
00000491_004.png,Consolidation|Effusion|Infiltration,4,491,037Y,M,AP,3056,2544,0.139,0.139,,37,0.37,1,0
00000491_005.png,No Finding,5,491,037Y,M,PA,2021,2021,0.194311,0.194311,,37,0.37,1,1
00000491_006.png,Consolidation|Pneumothorax,6,491,038Y,M,PA,2021,2021,0.194311,0.194311,,38,0.38,1,1
00000491_007.png,Consolidation|Edema|Effusion|Pneumothorax,7,491,038Y,M,PA,2021,2021,0.194311,0.194311,,38,0.38,1,1
00000491_008.png,Consolidation|Pneumothorax,8,491,038Y,M,PA,2021,2021,0.194311,0.194311,,38,0.38,1,1
00000491_009.png,Consolidation|Effusion|Infiltration|Nodule,9,491,038Y,M,PA,2021,2021,0.194311,0.194311,,38,0.38,1,1
00000491_010.png,Consolidation|Pneumothorax,10,491,038Y,M,PA,2021,2021,0.194311,0.194311,,38,0.38,1,1
00000491_011.png,Pneumothorax,11,491,038Y,M,PA,2021,2021,0.194311,0.194311,,38,0.38,1,1
00000491_012.png,Infiltration|Pneumothorax,12,491,037Y,M,AP,3056,2544,0.139,0.139,,37,0.37,1,0
00000491_013.png,Pneumothorax,13,491,037Y,M,AP,3056,2544,0.139,0.139,,37,0.37,1,0
00000491_014.png,Consolidation|Pneumothorax,14,491,037Y,M,AP,3056,2544,0.139,0.139,,37,0.37,1,0
00000491_015.png,Consolidation,15,491,037Y,M,AP,3056,2544,0.139,0.139,,37,0.37,1,0
00000491_016.png,No Finding,16,491,037Y,M,AP,3056,2544,0.139,0.139,,37,0.37,1,0
00000491_017.png,No Finding,17,491,037Y,M,AP,3056,2544,0.139,0.139,,37,0.37,1,0
00000491_018.png,Effusion,18,491,037Y,M,AP,3056,2544,0.139,0.139,,37,0.37,1,0
00000491_019.png,No Finding,19,491,026Y,M,AP,2500,2048,0.168,0.168,,26,0.26,1,0
00000491_020.png,Consolidation,20,491,027Y,M,PA,2048,2500,0.168,0.168,,27,0.27,1,1
00000491_021.png,Mass,21,491,027Y,M,AP,2500,2048,0.168,0.168,,27,0.27,1,0
00000491_022.png,Infiltration|Mass,22,491,028Y,M,PA,2306,2709,0.143,0.143,,28,0.28,1,1
00000491_023.png,Fibrosis,23,491,028Y,M,PA,2992,2991,0.143,0.143,,28,0.28,1,1
00000491_024.png,No Finding,24,491,029Y,M,AP,2500,2048,0.168,0.168,,29,0.29,1,0
00000491_025.png,Infiltration,25,491,029Y,M,AP,2500,2048,0.168,0.168,,29,0.29,1,0
00000493_000.png,Pneumothorax,0,493,035Y,F,AP,2500,2048,0.168,0.168,,35,0.35,0,0
00000494_000.png,Infiltration,0,494,069Y,F,PA,2990,2865,0.143,0.143,,69,0.69,0,1
00000494_001.png,No Finding,1,494,062Y,F,PA,2048,2500,0.168,0.168,,62,0.62,0,1
00000494_002.png,No Finding,2,494,063Y,F,PA,2514,2991,0.143,0.143,,63,0.63,0,1
00000494_003.png,No Finding,3,494,064Y,F,PA,2048,2500,0.168,0.168,,64,0.64,0,1
00000494_004.png,No Finding,4,494,064Y,F,PA,2742,2821,0.143,0.143,,64,0.64,0,1
00000494_005.png,No Finding,5,494,065Y,F,PA,2346,2991,0.143,0.143,,65,0.65,0,1
00000494_006.png,No Finding,6,494,067Y,F,PA,2614,2991,0.143,0.143,,67,0.67,0,1
00000494_007.png,No Finding,7,494,068Y,F,PA,2522,2361,0.143,0.143,,68,0.68,0,1
00000495_000.png,No Finding,0,495,069Y,M,PA,2500,2048,0.168,0.168,,69,0.69,1,1
00000496_000.png,No Finding,0,496,056Y,F,AP,2500,2048,0.168,0.168,,56,0.56,0,0
00000497_000.png,No Finding,0,497,022Y,M,PA,2048,2500,0.171,0.171,,22,0.22,1,1
00000498_000.png,No Finding,0,498,067Y,M,PA,2992,2991,0.143,0.143,,67,0.67,1,1
00000498_001.png,No Finding,1,498,070Y,M,PA,2021,2021,0.194311,0.194311,,70,0.7,1,1
00000498_002.png,No Finding,2,498,062Y,M,PA,2500,2048,0.168,0.168,,62,0.62,1,1
00000498_003.png,Cardiomegaly,3,498,065Y,M,PA,2992,2991,0.143,0.143,,65,0.65,1,1
00000499_000.png,No Finding,0,499,028Y,F,AP,2500,2048,0.171,0.171,,28,0.28,0,0
00000499_001.png,No Finding,1,499,029Y,F,AP,2500,2048,0.168,0.168,,29,0.29,0,0
00000499_002.png,Atelectasis|Effusion|Infiltration|Nodule,2,499,029Y,F,PA,2048,2500,0.168,0.168,,29,0.29,0,1
00000499_003.png,Effusion|Infiltration,3,499,029Y,F,PA,2048,2500,0.168,0.168,,29,0.29,0,1
00000499_004.png,Infiltration|Nodule,4,499,031Y,F,AP,2500,2048,0.168,0.168,,31,0.31,0,0
00000499_005.png,No Finding,5,499,032Y,F,AP,2500,2048,0.168,0.168,,32,0.32,0,0
00000499_006.png,Infiltration,6,499,034Y,F,AP,2500,2048,0.168,0.168,,34,0.34,0,0
00000499_007.png,Consolidation,7,499,035Y,F,AP,2500,2048,0.168,0.168,,35,0.35,0,0
00000499_008.png,Pneumonia,8,499,034Y,F,PA,2052,2271,0.143,0.143,,34,0.34,0,1
00000499_009.png,Consolidation|Mass,9,499,034Y,F,PA,2662,2387,0.143,0.143,,34,0.34,0,1
00000499_010.png,Nodule,10,499,034Y,F,PA,2992,2991,0.143,0.143,,34,0.34,0,1
00000499_011.png,Nodule,11,499,034Y,F,PA,2992,2991,0.143,0.143,,34,0.34,0,1
00000499_012.png,Consolidation,12,499,035Y,F,AP,2500,2048,0.168,0.168,,35,0.35,0,0
00000501_000.png,Infiltration,0,501,038Y,M,PA,2992,2991,0.143,0.143,,38,0.38,1,1
00000503_000.png,No Finding,0,503,023Y,F,PA,2500,2048,0.168,0.168,,23,0.23,0,1
00000505_000.png,No Finding,0,505,073Y,F,PA,2048,2500,0.171,0.171,,73,0.73,0,1
00000505_001.png,No Finding,1,505,074Y,F,PA,2048,2500,0.168,0.168,,74,0.74,0,1
00000508_000.png,Consolidation|Fibrosis,0,508,022Y,M,AP,2500,2048,0.168,0.168,,22,0.22,1,0
00000508_001.png,Infiltration,1,508,027Y,M,PA,2354,2302,0.143,0.143,,27,0.27,1,1
00000508_002.png,No Finding,2,508,028Y,M,AP,2500,2048,0.168,0.168,,28,0.28,1,0
00000509_000.png,No Finding,0,509,071Y,F,PA,2048,2500,0.168,0.168,,71,0.71,0,1
00000509_001.png,No Finding,1,509,075Y,F,PA,2534,2615,0.143,0.143,,75,0.75,0,1
00000510_000.png,No Finding,0,510,032Y,F,PA,2048,2500,0.168,0.168,,32,0.32,0,1
00000511_000.png,No Finding,0,511,057Y,M,PA,2466,2991,0.143,0.143,,57,0.57,1,1
00000511_001.png,No Finding,1,511,057Y,M,PA,2826,2781,0.143,0.143,,57,0.57,1,1
00000512_000.png,Effusion,0,512,031Y,M,PA,2500,2048,0.168,0.168,,31,0.31,1,1
00000512_001.png,Cardiomegaly|Effusion,1,512,031Y,M,AP,2500,2048,0.168,0.168,,31,0.31,1,0
00000512_002.png,Cardiomegaly,2,512,031Y,M,AP,2500,2048,0.168,0.168,,31,0.31,1,0
00000514_000.png,No Finding,0,514,052Y,F,PA,2048,2500,0.168,0.168,,52,0.52,0,1
00000514_001.png,No Finding,1,514,052Y,F,AP,2500,2048,0.168,0.168,,52,0.52,0,0
00000514_002.png,No Finding,2,514,052Y,F,AP,2500,2048,0.168,0.168,,52,0.52,0,0
00000514_003.png,No Finding,3,514,053Y,F,AP,2500,2048,0.168,0.168,,53,0.53,0,0
00000514_004.png,No Finding,4,514,054Y,F,PA,2442,2725,0.143,0.143,,54,0.54,0,1
00000514_005.png,No Finding,5,514,054Y,F,PA,2542,2991,0.143,0.143,,54,0.54,0,1
00000514_006.png,No Finding,6,514,058Y,F,PA,2992,2991,0.143,0.143,,58,0.58,0,1
00000515_000.png,Atelectasis|Fibrosis,0,515,073Y,M,PA,2992,2877,0.143,0.143,,73,0.73,1,1
00000516_000.png,No Finding,0,516,066Y,F,PA,2048,2500,0.168,0.168,,66,0.66,0,1
00000518_000.png,No Finding,0,518,041Y,M,PA,2500,2048,0.171,0.171,,41,0.41,1,1
00000519_000.png,No Finding,0,519,034Y,F,PA,2021,2021,0.194311,0.194311,,34,0.34,0,1
00000520_000.png,No Finding,0,520,063Y,M,PA,2992,2991,0.143,0.143,,63,0.63,1,1
00000522_000.png,Atelectasis|Infiltration,0,522,017Y,M,AP,2048,2500,0.171,0.171,,17,0.17,1,0
00000522_001.png,No Finding,1,522,018Y,M,AP,2500,2048,0.171,0.171,,18,0.18,1,0
00000522_002.png,No Finding,2,522,019Y,M,AP,2500,2048,0.171,0.171,,19,0.19,1,0
00000522_003.png,No Finding,3,522,019Y,M,AP,2500,2048,0.171,0.171,,19,0.19,1,0
00000522_004.png,No Finding,4,522,020Y,M,AP,2500,2048,0.171,0.171,,20,0.2,1,0
00000522_005.png,No Finding,5,522,021Y,M,AP,2500,2048,0.168,0.168,,21,0.21,1,0
00000523_000.png,No Finding,0,523,057Y,F,PA,2544,3056,0.139,0.139,,57,0.57,0,1
00000524_000.png,No Finding,0,524,048Y,M,PA,2500,2048,0.171,0.171,,48,0.48,1,1
00000524_001.png,Fibrosis|Pleural_Thickening,1,524,051Y,M,PA,2500,2048,0.168,0.168,,51,0.51,1,1
00000524_002.png,Fibrosis,2,524,052Y,M,PA,2500,2048,0.168,0.168,,52,0.52,1,1
00000524_003.png,Infiltration,3,524,056Y,M,PA,3056,2492,0.139,0.139,,56,0.56,1,1
00000525_000.png,No Finding,0,525,037Y,M,PA,2526,2801,0.143,0.143,,37,0.37,1,1
00000526_000.png,No Finding,0,526,053Y,M,PA,2686,2725,0.143,0.143,,53,0.53,1,1
00000526_001.png,No Finding,1,526,053Y,M,PA,2992,2991,0.143,0.143,,53,0.53,1,1
00000527_000.png,No Finding,0,527,056Y,M,PA,2500,2048,0.168,0.168,,56,0.56,1,1
00000528_000.png,Mass|Pleural_Thickening,0,528,051Y,F,PA,2992,2991,0.143,0.143,,51,0.51,0,1
00000528_001.png,Effusion|Infiltration|Mass,1,528,051Y,F,PA,2992,2991,0.143,0.143,,51,0.51,0,1
00000529_000.png,Fibrosis,0,529,069Y,F,PA,2048,2500,0.168,0.168,,69,0.69,0,1
00000529_001.png,Infiltration,1,529,074Y,F,PA,2992,2991,0.143,0.143,,74,0.74,0,1
00000530_000.png,No Finding,0,530,044Y,F,PA,2992,2991,0.143,0.143,,44,0.44,0,1
00000531_000.png,Infiltration,0,531,050Y,M,PA,2992,2991,0.143,0.143,,50,0.5,1,1
00000531_001.png,No Finding,1,531,051Y,M,PA,2992,2991,0.143,0.143,,51,0.51,1,1
00000531_002.png,Infiltration,2,531,047Y,M,PA,2992,2991,0.143,0.143,,47,0.47,1,1
00000531_003.png,No Finding,3,531,048Y,M,PA,2500,2048,0.168,0.168,,48,0.48,1,1
00000531_004.png,No Finding,4,531,048Y,M,PA,2810,2991,0.143,0.143,,48,0.48,1,1
00000531_005.png,No Finding,5,531,049Y,M,PA,2992,2991,0.143,0.143,,49,0.49,1,1
00000531_006.png,No Finding,6,531,049Y,M,PA,2992,2991,0.143,0.143,,49,0.49,1,1
00000532_000.png,No Finding,0,532,061Y,F,PA,2992,2991,0.143,0.143,,61,0.61,0,1
00000534_000.png,No Finding,0,534,063Y,F,AP,2500,2048,0.171,0.171,,63,0.63,0,0
00000534_001.png,No Finding,1,534,065Y,F,AP,2500,2048,0.171,0.171,,65,0.65,0,0
00000535_000.png,No Finding,0,535,033Y,F,AP,2500,2048,0.171,0.171,,33,0.33,0,0
00000536_000.png,Fibrosis,0,536,038Y,M,PA,2048,2500,0.171,0.171,,38,0.38,1,1
00000538_000.png,No Finding,0,538,072Y,F,PA,2992,2991,0.143,0.143,,72,0.72,0,1
00000538_001.png,No Finding,1,538,073Y,F,PA,2598,2541,0.143,0.143,,73,0.73,0,1
00000538_002.png,Infiltration,2,538,074Y,F,PA,2822,2761,0.143,0.143,,74,0.74,0,1
00000538_003.png,No Finding,3,538,075Y,F,PA,2506,2991,0.143,0.143,,75,0.75,0,1
00000538_004.png,No Finding,4,538,076Y,F,PA,2992,2991,0.143,0.143,,76,0.76,0,1
00000538_005.png,No Finding,5,538,076Y,F,PA,2442,2991,0.143,0.143,,76,0.76,0,1
00000540_000.png,No Finding,0,540,071Y,F,PA,2992,2991,0.143,0.143,,71,0.71,0,1
00000540_001.png,Atelectasis|Effusion|Infiltration,1,540,071Y,F,AP,2896,2544,0.139,0.139,,71,0.71,0,0
00000540_002.png,No Finding,2,540,071Y,F,AP,3056,2544,0.139,0.139,,71,0.71,0,0
00000541_000.png,No Finding,0,541,053Y,F,PA,2554,2835,0.143,0.143,,53,0.53,0,1
00000541_001.png,No Finding,1,541,054Y,F,PA,2346,2991,0.143,0.143,,54,0.54,0,1
00000541_002.png,No Finding,2,541,048Y,F,PA,2394,2457,0.143,0.143,,48,0.48,0,1
00000541_003.png,No Finding,3,541,048Y,F,PA,2992,2991,0.143,0.143,,48,0.48,0,1
00000541_004.png,No Finding,4,541,051Y,F,PA,2754,2633,0.143,0.143,,51,0.51,0,1
00000542_000.png,No Finding,0,542,050Y,F,PA,2798,2801,0.143,0.143,,50,0.5,0,1
00000542_001.png,No Finding,1,542,052Y,F,PA,2992,2991,0.143,0.143,,52,0.52,0,1
00000543_000.png,No Finding,0,543,020Y,M,PA,2048,2500,0.171,0.171,,20,0.2,1,1
00000544_000.png,No Finding,0,544,068Y,F,PA,2790,2633,0.143,0.143,,68,0.68,0,1
00000545_000.png,Effusion|Infiltration,0,545,046Y,M,PA,2992,2991,0.143,0.143,,46,0.46,1,1
00000545_001.png,Pleural_Thickening,1,545,048Y,M,PA,2021,2021,0.194311,0.194311,,48,0.48,1,1
00000545_002.png,No Finding,2,545,036Y,M,PA,2500,2048,0.171,0.171,,36,0.36,1,1
00000545_003.png,No Finding,3,545,037Y,M,PA,2500,2048,0.168,0.168,,37,0.37,1,1
00000545_004.png,Fibrosis,4,545,038Y,M,PA,2500,2048,0.168,0.168,,38,0.38,1,1
00000545_005.png,No Finding,5,545,039Y,M,PA,2500,2048,0.168,0.168,,39,0.39,1,1
00000545_006.png,No Finding,6,545,039Y,M,PA,2992,2991,0.143,0.143,,39,0.39,1,1
00000545_007.png,No Finding,7,545,041Y,M,PA,2706,2991,0.143,0.143,,41,0.41,1,1
00000545_008.png,No Finding,8,545,042Y,M,PA,2500,2048,0.168,0.168,,42,0.42,1,1
00000545_009.png,Nodule,9,545,042Y,M,PA,2992,2991,0.143,0.143,,42,0.42,1,1
00000545_010.png,No Finding,10,545,044Y,M,PA,2992,2991,0.143,0.143,,44,0.44,1,1
00000546_000.png,No Finding,0,546,038Y,F,AP,2500,2048,0.171,0.171,,38,0.38,0,0
00000547_000.png,No Finding,0,547,058Y,F,PA,2534,2991,0.143,0.143,,58,0.58,0,1
00000547_001.png,No Finding,1,547,049Y,F,PA,2500,2048,0.171,0.171,,49,0.49,0,1
00000547_002.png,No Finding,2,547,049Y,F,PA,2048,2500,0.171,0.171,,49,0.49,0,1
00000547_003.png,No Finding,3,547,050Y,F,PA,2500,2048,0.168,0.168,,50,0.5,0,1
00000547_004.png,Infiltration,4,547,052Y,F,PA,2738,2501,0.143,0.143,,52,0.52,0,1
00000547_005.png,Cardiomegaly,5,547,052Y,F,PA,2878,2991,0.143,0.143,,52,0.52,0,1
00000547_006.png,Pneumothorax,6,547,053Y,F,PA,2886,2991,0.143,0.143,,53,0.53,0,1
00000547_007.png,No Finding,7,547,054Y,F,PA,2874,2833,0.143,0.143,,54,0.54,0,1
00000547_008.png,No Finding,8,547,056Y,F,PA,2992,2991,0.143,0.143,,56,0.56,0,1
00000547_009.png,No Finding,9,547,057Y,F,PA,2806,2991,0.143,0.143,,57,0.57,0,1
00000548_000.png,No Finding,0,548,024Y,M,PA,2992,2991,0.143,0.143,,24,0.24,1,1
00000548_001.png,Infiltration,1,548,027Y,M,PA,2048,2500,0.168,0.168,,27,0.27,1,1
00000548_002.png,Infiltration,2,548,028Y,M,PA,2624,2588,0.143,0.143,,28,0.28,1,1
00000548_003.png,Infiltration,3,548,029Y,M,PA,2710,2991,0.143,0.143,,29,0.29,1,1
00000549_000.png,No Finding,0,549,067Y,F,PA,2992,2991,0.143,0.143,,67,0.67,0,1
00000549_001.png,Infiltration,1,549,068Y,F,PA,3056,2544,0.139,0.139,,68,0.68,0,1
00000549_002.png,No Finding,2,549,064Y,F,PA,2500,2048,0.168,0.168,,64,0.64,0,1
00000549_003.png,No Finding,3,549,064Y,F,PA,2694,2991,0.143,0.143,,64,0.64,0,1
00000549_004.png,No Finding,4,549,066Y,F,PA,2854,2661,0.143,0.143,,66,0.66,0,1
00000550_000.png,No Finding,0,550,057Y,M,PA,2500,2048,0.168,0.168,,57,0.57,1,1
00000552_000.png,No Finding,0,552,072Y,F,PA,2500,2048,0.168,0.168,,72,0.72,0,1
00000552_001.png,Fibrosis,1,552,076Y,F,PA,2626,2769,0.143,0.143,,76,0.76,0,1
00000552_002.png,No Finding,2,552,078Y,F,PA,2992,2991,0.143,0.143,,78,0.78,0,1
00000552_003.png,No Finding,3,552,078Y,F,PA,2532,3004,0.139,0.139,,78,0.78,0,1
00000553_000.png,No Finding,0,553,041Y,M,PA,2992,2991,0.143,0.143,,41,0.41,1,1
00000554_000.png,No Finding,0,554,055Y,F,PA,2726,2669,0.143,0.143,,55,0.55,0,1
00000554_001.png,No Finding,1,554,056Y,F,PA,2418,2991,0.143,0.143,,56,0.56,0,1
00000555_000.png,No Finding,0,555,045Y,M,PA,2048,2500,0.171,0.171,,45,0.45,1,1
00000556_000.png,Nodule,0,556,063Y,F,PA,2048,2500,0.168,0.168,,63,0.63,0,1
00000556_001.png,No Finding,1,556,064Y,F,PA,2654,2991,0.143,0.143,,64,0.64,0,1
00000556_002.png,No Finding,2,556,065Y,F,PA,2518,2991,0.143,0.143,,65,0.65,0,1
00000556_003.png,No Finding,3,556,068Y,F,PA,2992,2991,0.143,0.143,,68,0.68,0,1
00000557_000.png,No Finding,0,557,059Y,F,PA,2048,2500,0.171,0.171,,59,0.59,0,1
00000558_000.png,No Finding,0,558,049Y,F,PA,2494,2991,0.143,0.143,,49,0.49,0,1
00000559_000.png,No Finding,0,559,061Y,M,PA,2992,2991,0.143,0.143,,61,0.61,1,1
00000560_000.png,No Finding,0,560,053Y,F,PA,2048,2500,0.168,0.168,,53,0.53,0,1
00000560_001.png,No Finding,1,560,053Y,F,AP,2500,2048,0.168,0.168,,53,0.53,0,0
00000560_002.png,Effusion|Infiltration,2,560,053Y,F,AP,2500,2048,0.168,0.168,,53,0.53,0,0
00000561_000.png,No Finding,0,561,064Y,M,PA,3056,2544,0.139,0.139,,64,0.64,1,1
00000561_001.png,No Finding,1,561,065Y,M,PA,3056,2544,0.139,0.139,,65,0.65,1,1
00000561_002.png,No Finding,2,561,058Y,M,PA,2962,2957,0.143,0.143,,58,0.58,1,1
00000561_003.png,No Finding,3,561,061Y,M,PA,3056,2484,0.139,0.139,,61,0.61,1,1
00000562_000.png,No Finding,0,562,046Y,M,PA,2992,2991,0.143,0.143,,46,0.46,1,1
00000563_000.png,No Finding,0,563,065Y,M,PA,2992,2991,0.143,0.143,,65,0.65,1,1
00000564_000.png,No Finding,0,564,017Y,M,PA,2048,2500,0.171,0.171,,17,0.17,1,1
00000565_000.png,No Finding,0,565,018Y,F,PA,2048,2500,0.171,0.171,,18,0.18,0,1
00000566_000.png,No Finding,0,566,037Y,F,PA,2500,2048,0.171,0.171,,37,0.37,0,1
00000566_001.png,Consolidation,1,566,037Y,F,PA,2500,2048,0.168,0.168,,37,0.37,0,1
00000566_002.png,Infiltration|Nodule,2,566,037Y,F,PA,2048,2500,0.168,0.168,,37,0.37,0,1
00000566_003.png,No Finding,3,566,038Y,F,PA,2500,2048,0.168,0.168,,38,0.38,0,1
00000566_004.png,No Finding,4,566,038Y,F,PA,2500,2048,0.168,0.168,,38,0.38,0,1
00000566_005.png,No Finding,5,566,038Y,F,PA,2500,2048,0.168,0.168,,38,0.38,0,1
00000567_000.png,No Finding,0,567,053Y,M,PA,3056,2544,0.139,0.139,,53,0.53,1,1
00000568_000.png,No Finding,0,568,035Y,M,AP,2500,2048,0.168,0.168,,35,0.35,1,0
00000569_000.png,Infiltration,0,569,073Y,F,PA,2538,2785,0.143,0.143,,73,0.73,0,1
00000569_001.png,No Finding,1,569,066Y,F,PA,2992,2991,0.143,0.143,,66,0.66,0,1
00000569_002.png,No Finding,2,569,067Y,F,PA,2558,2991,0.143,0.143,,67,0.67,0,1
00000569_003.png,No Finding,3,569,068Y,F,PA,2502,2991,0.143,0.143,,68,0.68,0,1
00000569_004.png,Fibrosis,4,569,069Y,F,PA,2982,2893,0.143,0.143,,69,0.69,0,1
00000569_005.png,Nodule,5,569,070Y,F,PA,2438,2615,0.143,0.143,,70,0.7,0,1
00000569_006.png,No Finding,6,569,071Y,F,PA,2790,2569,0.143,0.143,,71,0.71,0,1
00000570_000.png,No Finding,0,570,053Y,M,PA,2500,2048,0.171,0.171,,53,0.53,1,1
00000570_001.png,No Finding,1,570,059Y,M,PA,2992,2991,0.143,0.143,,59,0.59,1,1
00000571_000.png,Effusion|Infiltration,0,571,054Y,M,PA,2992,2991,0.143,0.143,,54,0.54,1,1
00000571_001.png,Effusion|Infiltration|Pleural_Thickening,1,571,056Y,M,PA,2021,2021,0.194311,0.194311,,56,0.56,1,1
00000571_002.png,No Finding,2,571,047Y,M,PA,2992,2813,0.143,0.143,,47,0.47,1,1
00000571_003.png,No Finding,3,571,048Y,M,PA,2986,2837,0.143,0.143,,48,0.48,1,1
00000571_004.png,Infiltration,4,571,049Y,M,PA,2844,2457,0.143,0.143,,49,0.49,1,1
00000571_005.png,Fibrosis,5,571,052Y,M,PA,2746,2869,0.143,0.143,,52,0.52,1,1
00000572_000.png,No Finding,0,572,058Y,M,PA,2500,2048,0.168,0.168,,58,0.58,1,1
00000572_001.png,Effusion,1,572,058Y,M,PA,2992,2991,0.143,0.143,,58,0.58,1,1
00000572_002.png,Effusion,2,572,058Y,M,AP,2500,2048,0.168,0.168,,58,0.58,1,0
00000573_000.png,Fibrosis,0,573,054Y,M,PA,2890,2991,0.143,0.143,,54,0.54,1,1
00000573_001.png,No Finding,1,573,054Y,M,PA,2992,2991,0.143,0.143,,54,0.54,1,1
00000573_002.png,Fibrosis|Infiltration,2,573,054Y,M,PA,3056,2544,0.139,0.139,,54,0.54,1,1
00000573_003.png,Fibrosis,3,573,054Y,M,PA,2992,2991,0.143,0.143,,54,0.54,1,1
00000573_004.png,Fibrosis,4,573,055Y,M,AP,3056,2544,0.139,0.139,,55,0.55,1,0
00000573_005.png,No Finding,5,573,055Y,M,AP,3056,2544,0.139,0.139,,55,0.55,1,0
00000573_006.png,No Finding,6,573,055Y,M,AP,3056,2544,0.139,0.139,,55,0.55,1,0
00000573_007.png,Consolidation,7,573,055Y,M,PA,2946,2948,0.143,0.143,,55,0.55,1,1
00000573_008.png,Fibrosis|Infiltration|Pneumonia,8,573,045Y,M,PA,2048,2500,0.168,0.168,,45,0.45,1,1
00000573_009.png,No Finding,9,573,045Y,M,PA,2500,2048,0.168,0.168,,45,0.45,1,1
00000573_010.png,Consolidation|Pleural_Thickening,10,573,047Y,M,PA,2978,2991,0.143,0.143,,47,0.47,1,1
00000573_011.png,No Finding,11,573,047Y,M,PA,2992,2991,0.143,0.143,,47,0.47,1,1
00000573_012.png,Nodule,12,573,052Y,M,PA,2992,2991,0.143,0.143,,52,0.52,1,1
00000575_000.png,No Finding,0,575,042Y,F,PA,2048,2500,0.168,0.168,,42,0.42,0,1
00000576_000.png,No Finding,0,576,043Y,M,PA,2048,2500,0.171,0.171,,43,0.43,1,1
00000576_001.png,No Finding,1,576,044Y,M,PA,2048,2500,0.171,0.171,,44,0.44,1,1
00000576_002.png,No Finding,2,576,046Y,M,PA,2750,2737,0.143,0.143,,46,0.46,1,1
00000577_000.png,No Finding,0,577,069Y,M,PA,2500,2048,0.171,0.171,,69,0.69,1,1
00000577_001.png,No Finding,1,577,073Y,M,PA,2992,2991,0.143,0.143,,73,0.73,1,1
00000577_002.png,No Finding,2,577,075Y,M,PA,2758,2991,0.143,0.143,,75,0.75,1,1
00000577_003.png,Atelectasis|Infiltration,3,577,075Y,M,AP,2500,2048,0.168,0.168,,75,0.75,1,0
00000578_000.png,Cardiomegaly,0,578,042Y,M,PA,2500,2048,0.171,0.171,,42,0.42,1,1
00000579_000.png,No Finding,0,579,051Y,F,AP,2500,2048,0.171,0.171,,51,0.51,0,0
00000579_001.png,Cardiomegaly|Pleural_Thickening,1,579,060Y,F,PA,2554,2499,0.143,0.143,,60,0.6,0,1
00000581_000.png,No Finding,0,581,050Y,F,PA,2048,2500,0.168,0.168,,50,0.5,0,1
00000582_000.png,No Finding,0,582,052Y,M,PA,2738,2991,0.143,0.143,,52,0.52,1,1
00000583_000.png,Effusion,0,583,045Y,F,PA,2992,2991,0.143,0.143,,45,0.45,0,1
00000583_001.png,No Finding,1,583,038Y,F,PA,2500,2048,0.168,0.168,,38,0.38,0,1
00000583_002.png,No Finding,2,583,038Y,F,AP,2500,2048,0.171,0.171,,38,0.38,0,0
00000583_003.png,Atelectasis,3,583,038Y,F,AP,2500,2048,0.168,0.168,,38,0.38,0,0
00000583_004.png,No Finding,4,583,040Y,F,PA,2992,2991,0.143,0.143,,40,0.4,0,1
00000583_005.png,No Finding,5,583,040Y,F,AP,2048,2500,0.168,0.168,,40,0.4,0,0
00000583_006.png,No Finding,6,583,040Y,F,AP,2500,2048,0.168,0.168,,40,0.4,0,0
00000583_007.png,No Finding,7,583,040Y,F,AP,2500,2048,0.168,0.168,,40,0.4,0,0
00000583_008.png,Atelectasis,8,583,040Y,F,AP,2500,2048,0.168,0.168,,40,0.4,0,0
00000583_009.png,Atelectasis,9,583,040Y,F,AP,2500,2048,0.168,0.168,,40,0.4,0,0
00000583_010.png,Atelectasis,10,583,040Y,F,AP,2500,2048,0.168,0.168,,40,0.4,0,0
00000583_011.png,Consolidation|Infiltration,11,583,040Y,F,AP,2500,2048,0.168,0.168,,40,0.4,0,0
00000583_012.png,Consolidation,12,583,040Y,F,AP,2500,2048,0.168,0.168,,40,0.4,0,0
00000583_013.png,No Finding,13,583,040Y,F,AP,2500,2048,0.168,0.168,,40,0.4,0,0
00000583_014.png,No Finding,14,583,040Y,F,AP,2500,2048,0.168,0.168,,40,0.4,0,0
00000583_015.png,No Finding,15,583,040Y,F,AP,2500,2048,0.168,0.168,,40,0.4,0,0
00000583_016.png,Effusion|Infiltration,16,583,040Y,F,AP,2500,2048,0.168,0.168,,40,0.4,0,0
00000583_017.png,No Finding,17,583,040Y,F,AP,2500,2048,0.168,0.168,,40,0.4,0,0
00000583_018.png,Consolidation|Effusion,18,583,040Y,F,AP,2500,2048,0.168,0.168,,40,0.4,0,0
00000583_019.png,No Finding,19,583,040Y,F,AP,2500,2048,0.168,0.168,,40,0.4,0,0
00000583_020.png,No Finding,20,583,040Y,F,AP,2500,2048,0.168,0.168,,40,0.4,0,0
00000583_021.png,No Finding,21,583,040Y,F,AP,2500,2048,0.168,0.168,,40,0.4,0,0
00000583_022.png,Infiltration,22,583,040Y,F,AP,2500,2048,0.168,0.168,,40,0.4,0,0
00000583_023.png,Atelectasis|Effusion,23,583,040Y,F,AP,2500,2048,0.168,0.168,,40,0.4,0,0
00000583_024.png,Infiltration,24,583,040Y,F,AP,2500,2048,0.168,0.168,,40,0.4,0,0
00000583_025.png,Infiltration,25,583,040Y,F,AP,2500,2048,0.168,0.168,,40,0.4,0,0
00000583_026.png,Infiltration,26,583,040Y,F,AP,2500,2048,0.168,0.168,,40,0.4,0,0
00000583_027.png,Atelectasis|Effusion|Infiltration,27,583,040Y,F,AP,2500,2048,0.168,0.168,,40,0.4,0,0
00000583_028.png,No Finding,28,583,040Y,F,AP,2500,2048,0.168,0.168,,40,0.4,0,0
00000583_029.png,Infiltration,29,583,040Y,F,AP,2500,2048,0.168,0.168,,40,0.4,0,0
00000583_030.png,No Finding,30,583,040Y,F,AP,2500,2048,0.168,0.168,,40,0.4,0,0
00000583_031.png,Atelectasis,31,583,040Y,F,AP,2500,2048,0.168,0.168,,40,0.4,0,0
00000583_032.png,Atelectasis|Consolidation,32,583,040Y,F,PA,2992,2329,0.143,0.143,,40,0.4,0,1
00000583_033.png,Atelectasis,33,583,040Y,F,AP,2500,2048,0.168,0.168,,40,0.4,0,0
00000583_034.png,Atelectasis|Infiltration|Pneumonia,34,583,040Y,F,AP,2500,2048,0.168,0.168,,40,0.4,0,0
00000583_035.png,Atelectasis,35,583,040Y,F,AP,2500,2048,0.168,0.168,,40,0.4,0,0
00000583_036.png,Atelectasis|Infiltration,36,583,040Y,F,AP,2500,2048,0.168,0.168,,40,0.4,0,0
00000583_037.png,No Finding,37,583,040Y,F,AP,2500,2048,0.168,0.168,,40,0.4,0,0
00000583_038.png,Atelectasis|Consolidation,38,583,040Y,F,AP,2500,2048,0.168,0.168,,40,0.4,0,0
00000583_039.png,No Finding,39,583,040Y,F,AP,2500,2048,0.168,0.168,,40,0.4,0,0
00000583_040.png,No Finding,40,583,040Y,F,AP,2500,2048,0.168,0.168,,40,0.4,0,0
00000583_041.png,Atelectasis|Infiltration,41,583,040Y,F,AP,2500,2048,0.168,0.168,,40,0.4,0,0
00000583_042.png,No Finding,42,583,040Y,F,AP,2500,2048,0.168,0.168,,40,0.4,0,0
00000583_043.png,Atelectasis,43,583,040Y,F,AP,2500,2048,0.168,0.168,,40,0.4,0,0
00000583_044.png,No Finding,44,583,040Y,F,AP,2500,2048,0.168,0.168,,40,0.4,0,0
00000583_045.png,Pneumonia,45,583,040Y,F,PA,2992,2991,0.143,0.143,,40,0.4,0,1
00000583_046.png,No Finding,46,583,040Y,F,AP,2500,2048,0.168,0.168,,40,0.4,0,0
00000583_047.png,No Finding,47,583,040Y,F,AP,2500,2048,0.168,0.168,,40,0.4,0,0
00000583_048.png,No Finding,48,583,040Y,F,AP,2500,2048,0.168,0.168,,40,0.4,0,0
00000583_049.png,Atelectasis,49,583,040Y,F,PA,2992,2991,0.143,0.143,,40,0.4,0,1
00000583_050.png,Infiltration,50,583,040Y,F,PA,2514,1982,0.143,0.143,,40,0.4,0,1
00000583_051.png,Atelectasis,51,583,040Y,F,PA,2992,2991,0.143,0.143,,40,0.4,0,1
00000583_052.png,Atelectasis|Consolidation,52,583,040Y,F,PA,2992,2991,0.143,0.143,,40,0.4,0,1
00000583_053.png,Consolidation,53,583,040Y,F,PA,2992,2991,0.143,0.143,,40,0.4,0,1
00000583_054.png,Atelectasis|Infiltration,54,583,040Y,F,PA,2642,2521,0.143,0.143,,40,0.4,0,1
00000583_055.png,No Finding,55,583,040Y,F,AP,2500,2048,0.168,0.168,,40,0.4,0,0
00000583_056.png,Atelectasis,56,583,040Y,F,AP,2500,2048,0.168,0.168,,40,0.4,0,0
00000583_057.png,Atelectasis|Infiltration,57,583,044Y,F,PA,2992,2605,0.143,0.143,,44,0.44,0,1
00000583_058.png,Hernia|Mass,58,583,044Y,F,PA,2406,2991,0.143,0.143,,44,0.44,0,1
00000583_059.png,No Finding,59,583,044Y,F,AP,3056,2544,0.139,0.139,,44,0.44,0,0
00000583_060.png,No Finding,60,583,044Y,F,AP,3052,2352,0.139,0.139,,44,0.44,0,0
00000583_061.png,Consolidation,61,583,044Y,F,AP,3056,2544,0.139,0.139,,44,0.44,0,0
00000583_062.png,Atelectasis|Effusion|Infiltration,62,583,045Y,F,PA,2048,2500,0.168,0.168,,45,0.45,0,1
00000583_063.png,No Finding,63,583,044Y,F,AP,3056,2156,0.139,0.139,,44,0.44,0,0
00000583_064.png,Atelectasis,64,583,045Y,F,PA,2992,2991,0.143,0.143,,45,0.45,0,1
00000583_065.png,Atelectasis|Effusion,65,583,045Y,F,AP,3056,2544,0.139,0.139,,45,0.45,0,0
00000583_066.png,Atelectasis|Consolidation,66,583,045Y,F,PA,3056,2540,0.139,0.139,,45,0.45,0,1
00000584_000.png,No Finding,0,584,055Y,M,PA,2738,2737,0.143,0.143,,55,0.55,1,1
00000585_000.png,Atelectasis,0,585,022Y,M,PA,2992,2991,0.143,0.143,,22,0.22,1,1
00000586_000.png,Fibrosis,0,586,063Y,F,PA,2992,2991,0.143,0.143,,63,0.63,0,1
00000586_001.png,Infiltration,1,586,065Y,F,PA,2992,2991,0.143,0.143,,65,0.65,0,1
00000587_000.png,No Finding,0,587,076Y,M,PA,2992,2991,0.143,0.143,,76,0.76,1,1
00000588_000.png,No Finding,0,588,019Y,M,PA,2048,2500,0.171,0.171,,19,0.19,1,1
00000588_001.png,No Finding,1,588,019Y,M,AP,2500,2048,0.171,0.171,,19,0.19,1,0
00000588_002.png,No Finding,2,588,019Y,M,AP,2500,2048,0.171,0.171,,19,0.19,1,0
00000588_003.png,No Finding,3,588,019Y,M,AP,2048,2500,0.171,0.171,,19,0.19,1,0
00000588_004.png,No Finding,4,588,019Y,M,AP,2500,2048,0.171,0.171,,19,0.19,1,0
00000588_005.png,No Finding,5,588,019Y,M,AP,2500,2048,0.171,0.171,,19,0.19,1,0
00000588_006.png,No Finding,6,588,019Y,M,AP,2500,2048,0.171,0.171,,19,0.19,1,0
00000589_000.png,No Finding,0,589,064Y,M,PA,2500,2048,0.171,0.171,,64,0.64,1,1
00000590_000.png,No Finding,0,590,024Y,M,PA,2048,2500,0.168,0.168,,24,0.24,1,1
00000591_000.png,No Finding,0,591,062Y,M,AP,2500,2048,0.168,0.168,,62,0.62,1,0
00000591_001.png,Effusion,1,591,063Y,M,PA,2500,2048,0.168,0.168,,63,0.63,1,1
00000591_002.png,Effusion,2,591,063Y,M,PA,2500,2048,0.168,0.168,,63,0.63,1,1
00000591_003.png,Effusion,3,591,063Y,M,AP,2048,2500,0.168,0.168,,63,0.63,1,0
00000591_004.png,Effusion|Infiltration|Pleural_Thickening|Pneumonia,4,591,063Y,M,PA,2500,2048,0.168,0.168,,63,0.63,1,1
00000591_005.png,Effusion,5,591,063Y,M,PA,2500,2048,0.168,0.168,,63,0.63,1,1
00000591_006.png,Effusion|Infiltration,6,591,064Y,M,PA,2858,2991,0.143,0.143,,64,0.64,1,1
00000591_007.png,Effusion|Pleural_Thickening,7,591,064Y,M,PA,2992,2991,0.143,0.143,,64,0.64,1,1
00000591_008.png,Atelectasis|Consolidation,8,591,064Y,M,PA,2992,2991,0.143,0.143,,64,0.64,1,1
00000591_009.png,Effusion,9,591,063Y,M,PA,2992,2991,0.143,0.143,,63,0.63,1,1
00000591_010.png,Effusion,10,591,063Y,M,PA,2990,2753,0.143,0.143,,63,0.63,1,1
00000591_011.png,Effusion,11,591,065Y,M,PA,2500,2048,0.168,0.168,,65,0.65,1,1
00000591_012.png,Effusion,12,591,064Y,M,PA,2992,2991,0.143,0.143,,64,0.64,1,1
00000591_013.png,Effusion|Infiltration,13,591,064Y,M,PA,2992,2991,0.143,0.143,,64,0.64,1,1
00000591_014.png,Effusion,14,591,065Y,M,PA,2992,2991,0.143,0.143,,65,0.65,1,1
00000591_015.png,Effusion,15,591,065Y,M,PA,2992,2991,0.143,0.143,,65,0.65,1,1
00000591_016.png,Effusion|Infiltration,16,591,065Y,M,PA,2992,2991,0.143,0.143,,65,0.65,1,1
00000591_017.png,Effusion,17,591,066Y,M,AP,2500,2048,0.168,0.168,,66,0.66,1,0
00000591_018.png,Effusion,18,591,065Y,M,PA,2992,2991,0.143,0.143,,65,0.65,1,1
00000591_019.png,Effusion,19,591,065Y,M,PA,2992,2991,0.143,0.143,,65,0.65,1,1
00000592_000.png,Mass,0,592,056Y,F,PA,2990,2991,0.143,0.143,,56,0.56,0,1
00000592_001.png,Effusion|Mass,1,592,058Y,F,PA,2766,2697,0.143,0.143,,58,0.58,0,1
00000592_002.png,Mass,2,592,059Y,F,PA,2708,2368,0.143,0.143,,59,0.59,0,1
00000593_000.png,No Finding,0,593,077Y,M,PA,2500,2048,0.171,0.171,,77,0.77,1,1
00000594_000.png,No Finding,0,594,067Y,M,PA,2878,2991,0.143,0.143,,67,0.67,1,1
00000595_000.png,Pleural_Thickening,0,595,070Y,F,PA,2048,2500,0.171,0.171,,70,0.7,0,1
00000596_000.png,Atelectasis,0,596,058Y,F,PA,2766,2991,0.143,0.143,,58,0.58,0,1
00000597_000.png,No Finding,0,597,061Y,F,PA,2992,2991,0.143,0.143,,61,0.61,0,1
00000597_001.png,No Finding,1,597,062Y,F,PA,2714,2957,0.143,0.143,,62,0.62,0,1
00000597_002.png,No Finding,2,597,064Y,F,PA,2992,2991,0.143,0.143,,64,0.64,0,1
00000598_000.png,No Finding,0,598,078Y,F,PA,2048,2500,0.168,0.168,,78,0.78,0,1
00000599_000.png,No Finding,0,599,060Y,F,PA,2544,3056,0.139,0.139,,60,0.6,0,1
00000600_000.png,No Finding,0,600,024Y,M,PA,2048,2500,0.168,0.168,,24,0.24,1,1
00000601_000.png,Mass,0,601,071Y,M,PA,2992,2991,0.143,0.143,,71,0.71,1,1
00000603_000.png,No Finding,0,603,054Y,F,PA,2048,2500,0.171,0.171,,54,0.54,0,1
00000604_000.png,No Finding,0,604,054Y,F,PA,2682,2991,0.143,0.143,,54,0.54,0,1
00000605_000.png,No Finding,0,605,060Y,F,AP,2500,2048,0.168,0.168,,60,0.6,0,0
00000606_000.png,No Finding,0,606,024Y,F,PA,2500,2048,0.168,0.168,,24,0.24,0,1
00000607_000.png,Cardiomegaly,0,607,071Y,M,PA,2048,2500,0.171,0.171,,71,0.71,1,1
00000609_000.png,No Finding,0,609,019Y,F,PA,2048,2500,0.171,0.171,,19,0.19,0,1
00000609_001.png,No Finding,1,609,022Y,F,PA,2048,2500,0.168,0.168,,22,0.22,0,1
00000610_000.png,No Finding,0,610,049Y,F,PA,2500,2048,0.168,0.168,,49,0.49,0,1
00000610_001.png,No Finding,1,610,055Y,F,PA,2544,3056,0.139,0.139,,55,0.55,0,1
00000611_000.png,No Finding,0,611,045Y,M,PA,2500,2048,0.168,0.168,,45,0.45,1,1
00000612_000.png,No Finding,0,612,050Y,M,PA,2500,2048,0.171,0.171,,50,0.5,1,1
00000613_000.png,Fibrosis,0,613,061Y,M,PA,2992,2991,0.143,0.143,,61,0.61,1,1
00000613_001.png,No Finding,1,613,061Y,M,PA,2992,2991,0.143,0.143,,61,0.61,1,1
00000613_002.png,No Finding,2,613,064Y,M,PA,3020,2508,0.139,0.139,,64,0.64,1,1
00000613_003.png,No Finding,3,613,065Y,M,PA,3056,2484,0.139,0.139,,65,0.65,1,1
00000613_004.png,No Finding,4,613,065Y,M,PA,3056,2524,0.139,0.139,,65,0.65,1,1
00000614_000.png,No Finding,0,614,049Y,M,PA,2992,2991,0.143,0.143,,49,0.49,1,1
00000615_000.png,No Finding,0,615,077Y,F,PA,2500,2048,0.168,0.168,,77,0.77,0,1
00000616_000.png,No Finding,0,616,034Y,M,PA,2818,2609,0.143,0.143,,34,0.34,1,1
00000618_000.png,No Finding,0,618,054Y,F,PA,2596,2364,0.143,0.143,,54,0.54,0,1
00000618_001.png,Mass,1,618,053Y,F,PA,2634,2757,0.143,0.143,,53,0.53,0,1
00000618_002.png,Mass,2,618,053Y,F,PA,2430,2553,0.143,0.143,,53,0.53,0,1
00000618_003.png,No Finding,3,618,053Y,F,PA,2386,2991,0.143,0.143,,53,0.53,0,1
00000618_004.png,No Finding,4,618,053Y,F,AP,2728,2544,0.139,0.139,,53,0.53,0,0
00000618_005.png,Infiltration|Mass,5,618,053Y,F,PA,2484,2716,0.139,0.139,,53,0.53,0,1
00000618_006.png,Mass,6,618,053Y,F,PA,2794,2991,0.143,0.143,,53,0.53,0,1
00000618_007.png,Mass,7,618,053Y,F,AP,2696,2544,0.139,0.139,,53,0.53,0,0
00000618_008.png,Consolidation|Mass,8,618,054Y,F,PA,2418,2991,0.143,0.143,,54,0.54,0,1
00000618_009.png,No Finding,9,618,053Y,F,AP,3056,2544,0.139,0.139,,53,0.53,0,0
00000618_010.png,No Finding,10,618,053Y,F,AP,2716,2544,0.139,0.139,,53,0.53,0,0
00000618_011.png,Consolidation|Mass,11,618,054Y,F,PA,2486,2113,0.143,0.143,,54,0.54,0,1
00000619_000.png,No Finding,0,619,046Y,M,PA,2992,2991,0.143,0.143,,46,0.46,1,1
00000619_001.png,Infiltration|Pleural_Thickening,1,619,047Y,M,PA,2992,2991,0.143,0.143,,47,0.47,1,1
00000619_002.png,No Finding,2,619,049Y,M,PA,2500,2048,0.168,0.168,,49,0.49,1,1
00000620_000.png,Infiltration,0,620,049Y,F,PA,2992,2991,0.143,0.143,,49,0.49,0,1
00000620_001.png,No Finding,1,620,051Y,F,PA,2544,3056,0.139,0.139,,51,0.51,0,1
00000620_002.png,No Finding,2,620,054Y,F,PA,2020,2020,0.194311,0.194311,,54,0.54,0,1
00000621_000.png,No Finding,0,621,073Y,F,PA,2482,2991,0.143,0.143,,73,0.73,0,1
00000621_001.png,Infiltration,1,621,074Y,F,PA,2992,2991,0.143,0.143,,74,0.74,0,1
00000621_002.png,Infiltration,2,621,075Y,F,PA,2021,2021,0.194311,0.194311,,75,0.75,0,1
00000621_003.png,No Finding,3,621,076Y,F,PA,2544,3056,0.139,0.139,,76,0.76,0,1
00000621_004.png,Infiltration,4,621,063Y,F,PA,2048,2500,0.171,0.171,,63,0.63,0,1
00000621_005.png,Nodule,5,621,065Y,F,PA,2048,2500,0.168,0.168,,65,0.65,0,1
00000621_006.png,No Finding,6,621,065Y,F,PA,2048,2500,0.168,0.168,,65,0.65,0,1
00000621_007.png,No Finding,7,621,066Y,F,PA,2048,2500,0.168,0.168,,66,0.66,0,1
00000621_008.png,No Finding,8,621,067Y,F,PA,2992,2991,0.143,0.143,,67,0.67,0,1
00000621_009.png,No Finding,9,621,068Y,F,PA,2694,2553,0.143,0.143,,68,0.68,0,1
00000621_010.png,No Finding,10,621,069Y,F,PA,2518,2991,0.143,0.143,,69,0.69,0,1
00000621_011.png,No Finding,11,621,070Y,F,PA,2992,2991,0.143,0.143,,70,0.7,0,1
00000621_012.png,No Finding,12,621,071Y,F,PA,2558,2596,0.143,0.143,,71,0.71,0,1
00000621_013.png,No Finding,13,621,072Y,F,PA,2544,3004,0.139,0.139,,72,0.72,0,1
00000623_000.png,No Finding,0,623,059Y,F,PA,2454,2991,0.143,0.143,,59,0.59,0,1
00000623_001.png,No Finding,1,623,060Y,F,PA,2992,2991,0.143,0.143,,60,0.6,0,1
00000623_002.png,Infiltration,2,623,061Y,F,PA,1705,2021,0.194311,0.194311,,61,0.61,0,1
00000623_003.png,No Finding,3,623,063Y,F,PA,2021,2020,0.194311,0.194311,,63,0.63,0,1
00000623_004.png,No Finding,4,623,051Y,F,PA,2048,2500,0.168,0.168,,51,0.51,0,1
00000623_005.png,No Finding,5,623,052Y,F,PA,2048,2500,0.168,0.168,,52,0.52,0,1
00000623_006.png,No Finding,6,623,053Y,F,PA,2666,2361,0.143,0.143,,53,0.53,0,1
00000623_007.png,No Finding,7,623,054Y,F,PA,2802,2985,0.143,0.143,,54,0.54,0,1
00000623_008.png,No Finding,8,623,055Y,F,PA,2992,2991,0.143,0.143,,55,0.55,0,1
00000623_009.png,No Finding,9,623,057Y,F,PA,2414,2991,0.143,0.143,,57,0.57,0,1
00000623_010.png,No Finding,10,623,058Y,F,PA,2518,2991,0.143,0.143,,58,0.58,0,1
00000624_000.png,Infiltration,0,624,056Y,F,PA,2474,2991,0.143,0.143,,56,0.56,0,1
00000624_001.png,Mass,1,624,056Y,F,AP,3056,2544,0.139,0.139,,56,0.56,0,0
00000624_002.png,Infiltration,2,624,056Y,F,AP,3056,2544,0.139,0.139,,56,0.56,0,0
00000624_003.png,No Finding,3,624,056Y,F,AP,3056,2544,0.139,0.139,,56,0.56,0,0
00000624_004.png,No Finding,4,624,050Y,F,PA,2322,2533,0.143,0.143,,50,0.5,0,1
00000624_005.png,No Finding,5,624,050Y,F,PA,2710,2581,0.143,0.143,,50,0.5,0,1
00000624_006.png,No Finding,6,624,055Y,F,PA,2992,2991,0.143,0.143,,55,0.55,0,1
00000626_000.png,No Finding,0,626,047Y,M,PA,2500,2048,0.171,0.171,,47,0.47,1,1
00000626_001.png,Nodule,1,626,048Y,M,PA,2500,2048,0.168,0.168,,48,0.48,1,1
00000628_000.png,No Finding,0,628,031Y,F,PA,2938,2991,0.143,0.143,,31,0.31,0,1
00000628_001.png,No Finding,1,628,031Y,F,AP,3056,2544,0.139,0.139,,31,0.31,0,0
00000628_002.png,No Finding,2,628,028Y,F,PA,2690,2437,0.143,0.143,,28,0.28,0,1
00000629_000.png,No Finding,0,629,023Y,F,AP,2500,2048,0.168,0.168,,23,0.23,0,0
00000630_000.png,No Finding,0,630,052Y,F,PA,2706,2991,0.143,0.143,,52,0.52,0,1
00000631_000.png,No Finding,0,631,025Y,M,PA,2048,2500,0.168,0.168,,25,0.25,1,1
00000631_001.png,No Finding,1,631,026Y,M,AP,2500,2048,0.168,0.168,,26,0.26,1,0
00000631_002.png,Consolidation|Pneumothorax,2,631,026Y,M,AP,2500,2048,0.168,0.168,,26,0.26,1,0
00000631_003.png,Emphysema|Pneumothorax,3,631,025Y,M,PA,2992,2991,0.143,0.143,,25,0.25,1,1
00000631_004.png,Pneumothorax,4,631,025Y,M,PA,2992,2991,0.143,0.143,,25,0.25,1,1
00000631_005.png,No Finding,5,631,026Y,M,AP,2500,2048,0.168,0.168,,26,0.26,1,0
00000631_006.png,No Finding,6,631,025Y,M,PA,2694,2991,0.143,0.143,,25,0.25,1,1
00000631_007.png,No Finding,7,631,025Y,M,PA,2654,2991,0.143,0.143,,25,0.25,1,1
00000631_008.png,Atelectasis|Effusion|Infiltration|Pleural_Thickening,8,631,026Y,M,PA,2992,2991,0.143,0.143,,26,0.26,1,1
00000632_000.png,No Finding,0,632,043Y,M,PA,2500,2048,0.171,0.171,,43,0.43,1,1
00000632_001.png,No Finding,1,632,045Y,M,AP,2500,2048,0.171,0.171,,45,0.45,1,0
00000632_002.png,No Finding,2,632,045Y,M,PA,2500,2048,0.171,0.171,,45,0.45,1,1
00000632_003.png,No Finding,3,632,045Y,M,PA,2048,2500,0.171,0.171,,45,0.45,1,1
00000632_004.png,No Finding,4,632,046Y,M,PA,2500,2048,0.168,0.168,,46,0.46,1,1
00000632_005.png,No Finding,5,632,047Y,M,PA,2992,2991,0.143,0.143,,47,0.47,1,1
00000632_006.png,No Finding,6,632,048Y,M,PA,2992,2991,0.143,0.143,,48,0.48,1,1
00000632_007.png,No Finding,7,632,049Y,M,AP,2500,2048,0.168,0.168,,49,0.49,1,0
00000632_008.png,Atelectasis,8,632,049Y,M,AP,2500,2048,0.168,0.168,,49,0.49,1,0
00000632_009.png,Atelectasis,9,632,049Y,M,AP,2500,2048,0.168,0.168,,49,0.49,1,0
00000632_010.png,No Finding,10,632,049Y,M,AP,2500,2048,0.168,0.168,,49,0.49,1,0
00000632_011.png,Effusion,11,632,048Y,M,PA,2992,2991,0.143,0.143,,48,0.48,1,1
00000632_012.png,No Finding,12,632,049Y,M,PA,2992,2985,0.143,0.143,,49,0.49,1,1
00000632_013.png,Atelectasis|Infiltration,13,632,049Y,M,PA,2992,2991,0.143,0.143,,49,0.49,1,1
00000633_000.png,No Finding,0,633,057Y,F,PA,2682,2991,0.143,0.143,,57,0.57,0,1
00000633_001.png,No Finding,1,633,057Y,F,PA,2562,2839,0.143,0.143,,57,0.57,0,1
00000634_000.png,Hernia,0,634,071Y,F,PA,2786,2991,0.143,0.143,,71,0.71,0,1
00000634_001.png,Infiltration,1,634,072Y,F,PA,2992,2991,0.143,0.143,,72,0.72,0,1
00000634_002.png,No Finding,2,634,073Y,F,PA,2544,3056,0.139,0.139,,73,0.73,0,1
00000634_003.png,Infiltration,3,634,074Y,F,PA,2021,2020,0.194311,0.194311,,74,0.74,0,1
00000634_004.png,Nodule,4,634,061Y,F,PA,2048,2500,0.171,0.171,,61,0.61,0,1
00000634_005.png,No Finding,5,634,065Y,F,PA,2992,2991,0.143,0.143,,65,0.65,0,1
00000634_006.png,No Finding,6,634,068Y,F,PA,2570,2633,0.143,0.143,,68,0.68,0,1
00000634_007.png,No Finding,7,634,068Y,F,PA,2842,2813,0.143,0.143,,68,0.68,0,1
00000634_008.png,No Finding,8,634,070Y,F,PA,2690,2840,0.143,0.143,,70,0.7,0,1
00000635_000.png,Fibrosis|Infiltration,0,635,048Y,F,PA,2048,2500,0.171,0.171,,48,0.48,0,1
00000635_001.png,Infiltration,1,635,051Y,F,PA,2778,2793,0.143,0.143,,51,0.51,0,1
00000636_000.png,No Finding,0,636,069Y,M,PA,2048,2500,0.171,0.171,,69,0.69,1,1
00000637_000.png,No Finding,0,637,055Y,F,PA,2522,2991,0.143,0.143,,55,0.55,0,1
00000638_000.png,No Finding,0,638,056Y,F,PA,2992,2991,0.143,0.143,,56,0.56,0,1
00000639_000.png,Pleural_Thickening,0,639,068Y,M,PA,2500,2048,0.171,0.171,,68,0.68,1,1
00000640_000.png,Infiltration,0,640,062Y,M,AP,2500,2048,0.171,0.171,,62,0.62,1,0
00000640_001.png,Nodule,1,640,062Y,M,AP,2500,2048,0.171,0.171,,62,0.62,1,0
00000642_000.png,Atelectasis,0,642,049Y,M,PA,2992,2991,0.143,0.143,,49,0.49,1,1
00000643_000.png,No Finding,0,643,040Y,F,PA,2992,2869,0.143,0.143,,40,0.4,0,1
00000643_001.png,No Finding,1,643,040Y,F,AP,2936,2544,0.139,0.139,,40,0.4,0,0
00000643_002.png,Atelectasis|Infiltration|Pneumothorax,2,643,040Y,F,PA,2546,2839,0.143,0.143,,40,0.4,0,1
00000643_003.png,Atelectasis|Infiltration|Pneumothorax,3,643,040Y,F,PA,2992,2991,0.143,0.143,,40,0.4,0,1
00000643_004.png,Effusion|Pneumothorax,4,643,040Y,F,PA,2814,2991,0.143,0.143,,40,0.4,0,1
00000643_005.png,Pneumothorax,5,643,040Y,F,PA,2992,2991,0.143,0.143,,40,0.4,0,1
00000643_006.png,Pneumothorax,6,643,040Y,F,PA,2502,2991,0.143,0.143,,40,0.4,0,1
00000643_007.png,Pneumothorax,7,643,040Y,F,PA,2394,2991,0.143,0.143,,40,0.4,0,1
00000643_008.png,Nodule|Pneumothorax,8,643,040Y,F,PA,2766,2991,0.143,0.143,,40,0.4,0,1
00000644_000.png,No Finding,0,644,056Y,F,PA,2500,2048,0.171,0.171,,56,0.56,0,1
00000644_001.png,No Finding,1,644,057Y,F,PA,2048,2500,0.168,0.168,,57,0.57,0,1
00000646_000.png,Infiltration,0,646,061Y,F,PA,2750,2991,0.143,0.143,,61,0.61,0,1
00000646_001.png,Nodule,1,646,062Y,F,PA,2544,3056,0.139,0.139,,62,0.62,0,1
00000646_002.png,No Finding,2,646,064Y,F,PA,1772,1677,0.194311,0.194311,,64,0.64,0,1
00000646_003.png,No Finding,3,646,052Y,F,PA,2048,2500,0.171,0.171,,52,0.52,0,1
00000646_004.png,No Finding,4,646,053Y,F,PA,2048,2500,0.168,0.168,,53,0.53,0,1
00000646_005.png,No Finding,5,646,054Y,F,PA,2992,2991,0.143,0.143,,54,0.54,0,1
00000646_006.png,Cardiomegaly|Effusion,6,646,056Y,F,PA,2706,2865,0.143,0.143,,56,0.56,0,1
00000646_007.png,No Finding,7,646,059Y,F,PA,2496,2752,0.139,0.139,,59,0.59,0,1
00000647_000.png,No Finding,0,647,071Y,F,PA,2021,2021,0.194311,0.194311,,71,0.71,0,1
00000649_000.png,Pleural_Thickening,0,649,058Y,M,PA,2500,2048,0.168,0.168,,58,0.58,1,1
00000651_000.png,No Finding,0,651,039Y,F,PA,2544,3056,0.139,0.139,,39,0.39,0,1
00000653_000.png,No Finding,0,653,077Y,M,PA,2992,2991,0.143,0.143,,77,0.77,1,1
00000653_001.png,No Finding,1,653,078Y,M,PA,2992,2991,0.143,0.143,,78,0.78,1,1
00000654_000.png,No Finding,0,654,068Y,M,PA,2710,2665,0.143,0.143,,68,0.68,1,1
00000654_001.png,No Finding,1,654,068Y,M,PA,2992,2991,0.143,0.143,,68,0.68,1,1
00000655_000.png,Atelectasis|Infiltration,0,655,051Y,M,AP,2500,2048,0.168,0.168,,51,0.51,1,0
00000655_001.png,Atelectasis|Infiltration,1,655,051Y,M,AP,2500,2048,0.168,0.168,,51,0.51,1,0
00000655_002.png,Atelectasis|Effusion,2,655,051Y,M,AP,2500,2048,0.168,0.168,,51,0.51,1,0
00000655_003.png,Atelectasis|Effusion,3,655,051Y,M,AP,2500,2048,0.168,0.168,,51,0.51,1,0
00000655_004.png,Atelectasis,4,655,052Y,M,AP,2500,2048,0.168,0.168,,52,0.52,1,0
00000655_005.png,No Finding,5,655,052Y,M,AP,2500,2048,0.168,0.168,,52,0.52,1,0
00000655_006.png,No Finding,6,655,051Y,M,PA,2874,2991,0.143,0.143,,51,0.51,1,1
00000656_000.png,Infiltration,0,656,027Y,F,PA,2544,3056,0.139,0.139,,27,0.27,0,1
00000659_000.png,No Finding,0,659,040Y,M,PA,2500,2048,0.171,0.171,,40,0.4,1,1
00000659_001.png,No Finding,1,659,041Y,M,PA,2500,2048,0.171,0.171,,41,0.41,1,1
00000659_002.png,No Finding,2,659,042Y,M,PA,2500,2048,0.168,0.168,,42,0.42,1,1
00000660_000.png,No Finding,0,660,061Y,F,PA,2048,2500,0.171,0.171,,61,0.61,0,1
00000661_000.png,Cardiomegaly,0,661,057Y,M,PA,2021,2021,0.194311,0.194311,,57,0.57,1,1
00000661_001.png,Cardiomegaly|Infiltration,1,661,052Y,M,PA,2500,2048,0.168,0.168,,52,0.52,1,1
00000662_000.png,No Finding,0,662,058Y,F,PA,2682,2991,0.143,0.143,,58,0.58,0,1
00000662_001.png,No Finding,1,662,059Y,F,PA,2992,2991,0.143,0.143,,59,0.59,0,1
00000662_002.png,No Finding,2,662,061Y,F,PA,2021,2021,0.194311,0.194311,,61,0.61,0,1
00000662_003.png,No Finding,3,662,049Y,F,PA,2500,2048,0.171,0.171,,49,0.49,0,1
00000662_004.png,No Finding,4,662,051Y,F,PA,2500,2048,0.168,0.168,,51,0.51,0,1
00000662_005.png,No Finding,5,662,052Y,F,PA,2734,2991,0.143,0.143,,52,0.52,0,1
00000662_006.png,No Finding,6,662,053Y,F,PA,2048,2500,0.168,0.168,,53,0.53,0,1
00000662_007.png,No Finding,7,662,053Y,F,PA,2992,2989,0.143,0.143,,53,0.53,0,1
00000662_008.png,No Finding,8,662,055Y,F,PA,2500,2048,0.168,0.168,,55,0.55,0,1
00000662_009.png,Infiltration,9,662,055Y,F,PA,2992,2991,0.143,0.143,,55,0.55,0,1
00000662_010.png,Infiltration,10,662,056Y,F,PA,2992,2991,0.143,0.143,,56,0.56,0,1
00000663_000.png,No Finding,0,663,026Y,M,PA,2048,2500,0.171,0.171,,26,0.26,1,1
00000664_000.png,No Finding,0,664,027Y,F,PA,2992,2991,0.143,0.143,,27,0.27,0,1
00000666_000.png,Infiltration,0,666,075Y,M,AP,2500,2048,0.168,0.168,,75,0.75,1,0
00000667_000.png,No Finding,0,667,050Y,M,PA,2594,2991,0.143,0.143,,50,0.5,1,1
00000668_000.png,No Finding,0,668,073Y,M,PA,2992,2991,0.143,0.143,,73,0.73,1,1
00000669_000.png,No Finding,0,669,047Y,M,PA,2048,2500,0.168,0.168,,47,0.47,1,1
00000670_000.png,No Finding,0,670,054Y,F,PA,1774,2021,0.194311,0.194311,,54,0.54,0,1
00000671_000.png,No Finding,0,671,028Y,F,PA,2774,2437,0.143,0.143,,28,0.28,0,1
00000672_000.png,Fibrosis,0,672,054Y,F,PA,2048,2500,0.171,0.171,,54,0.54,0,1
00000673_000.png,No Finding,0,673,047Y,F,PA,2752,2577,0.143,0.143,,47,0.47,0,1
00000674_000.png,No Finding,0,674,074Y,F,PA,2366,2851,0.143,0.143,,74,0.74,0,1
00000676_000.png,Fibrosis,0,676,070Y,F,PA,2992,2991,0.143,0.143,,70,0.7,0,1
00000676_001.png,No Finding,1,676,060Y,F,PA,2048,2500,0.171,0.171,,60,0.6,0,1
00000676_002.png,Infiltration,2,676,064Y,F,PA,2946,2991,0.143,0.143,,64,0.64,0,1
00000676_003.png,No Finding,3,676,065Y,F,PA,2670,2991,0.143,0.143,,65,0.65,0,1
00000676_004.png,Fibrosis,4,676,069Y,F,PA,2430,2322,0.143,0.143,,69,0.69,0,1
00000677_000.png,Infiltration,0,677,050Y,F,PA,2048,2500,0.168,0.168,,50,0.5,0,1
00000678_000.png,Edema,0,678,030Y,F,AP,3056,2544,0.139,0.139,,30,0.3,0,0
00000679_000.png,No Finding,0,679,031Y,M,PA,2986,2991,0.143,0.143,,31,0.31,1,1
00000680_000.png,Fibrosis,0,680,050Y,F,PA,2992,2991,0.143,0.143,,50,0.5,0,1
00000681_000.png,No Finding,0,681,056Y,F,PA,2992,2991,0.143,0.143,,56,0.56,0,1
00000683_000.png,No Finding,0,683,065Y,F,PA,2484,2522,0.143,0.143,,65,0.65,0,1
00000683_001.png,No Finding,1,683,056Y,F,PA,2500,2048,0.168,0.168,,56,0.56,0,1
00000683_002.png,Cardiomegaly,2,683,058Y,F,PA,2992,2991,0.143,0.143,,58,0.58,0,1
00000683_003.png,No Finding,3,683,060Y,F,PA,2902,2932,0.143,0.143,,60,0.6,0,1
00000683_004.png,Infiltration,4,683,061Y,F,PA,2048,2500,0.168,0.168,,61,0.61,0,1
00000683_005.png,No Finding,5,683,062Y,F,PA,2774,2991,0.143,0.143,,62,0.62,0,1
00000684_000.png,No Finding,0,684,057Y,M,PA,2500,2048,0.171,0.171,,57,0.57,1,1
00000685_000.png,No Finding,0,685,060Y,M,PA,2500,2048,0.171,0.171,,60,0.6,1,1
00000686_000.png,Infiltration,0,686,081Y,F,PA,2992,2991,0.143,0.143,,81,0.81,0,1
00000687_000.png,No Finding,0,687,066Y,M,PA,2486,2991,0.143,0.143,,66,0.66,1,1
00000688_000.png,Atelectasis,0,688,060Y,F,PA,2500,2048,0.171,0.171,,60,0.6,0,1
00000688_001.png,Cardiomegaly,1,688,064Y,F,PA,2866,2991,0.143,0.143,,64,0.64,0,1
00000688_002.png,Atelectasis|Pneumonia,2,688,065Y,F,PA,2992,2991,0.143,0.143,,65,0.65,0,1
00000689_000.png,No Finding,0,689,060Y,M,PA,2992,2991,0.143,0.143,,60,0.6,1,1
00000690_000.png,No Finding,0,690,041Y,F,PA,2500,2048,0.171,0.171,,41,0.41,0,1
00000691_000.png,No Finding,0,691,057Y,M,PA,2992,2991,0.143,0.143,,57,0.57,1,1
00000692_000.png,No Finding,0,692,046Y,F,PA,1759,2021,0.194311,0.194311,,46,0.46,0,1
00000693_000.png,No Finding,0,693,065Y,M,AP,3056,2544,0.139,0.139,,65,0.65,1,0
00000693_001.png,Atelectasis|Nodule,1,693,058Y,M,PA,2992,2991,0.143,0.143,,58,0.58,1,1
00000693_002.png,Infiltration,2,693,059Y,M,PA,2992,2991,0.143,0.143,,59,0.59,1,1
00000693_003.png,Atelectasis|Infiltration|Nodule,3,693,059Y,M,PA,2992,2991,0.143,0.143,,59,0.59,1,1
00000693_004.png,Mass,4,693,062Y,M,PA,2500,2048,0.168,0.168,,62,0.62,1,1
00000693_005.png,No Finding,5,693,062Y,M,AP,2500,2048,0.168,0.168,,62,0.62,1,0
00000693_006.png,Atelectasis|Infiltration,6,693,062Y,M,PA,2992,2991,0.143,0.143,,62,0.62,1,1
00000694_000.png,No Finding,0,694,048Y,M,PA,2500,2048,0.168,0.168,,48,0.48,1,1
00000694_001.png,No Finding,1,694,047Y,M,PA,2992,2991,0.143,0.143,,47,0.47,1,1
00000694_002.png,Infiltration,2,694,048Y,M,PA,2992,2991,0.143,0.143,,48,0.48,1,1
00000694_003.png,No Finding,3,694,049Y,M,PA,2992,2613,0.143,0.143,,49,0.49,1,1
00000695_000.png,Nodule,0,695,055Y,F,PA,2020,2021,0.194311,0.194311,,55,0.55,0,1
00000696_000.png,No Finding,0,696,019Y,F,PA,2048,2500,0.168,0.168,,19,0.19,0,1
00000697_000.png,No Finding,0,697,063Y,M,PA,2992,2991,0.143,0.143,,63,0.63,1,1
00000697_001.png,No Finding,1,697,064Y,M,PA,2992,2991,0.143,0.143,,64,0.64,1,1
00000697_002.png,Atelectasis,2,697,065Y,M,PA,2021,2021,0.194311,0.194311,,65,0.65,1,1
00000697_003.png,No Finding,3,697,066Y,M,PA,2021,2021,0.194311,0.194311,,66,0.66,1,1
00000697_004.png,No Finding,4,697,054Y,M,PA,2500,2048,0.171,0.171,,54,0.54,1,1
00000697_005.png,No Finding,5,697,055Y,M,PA,2500,2048,0.168,0.168,,55,0.55,1,1
00000697_006.png,Nodule,6,697,058Y,M,PA,2992,2991,0.143,0.143,,58,0.58,1,1
00000697_007.png,Atelectasis,7,697,058Y,M,PA,2992,2991,0.143,0.143,,58,0.58,1,1
00000697_008.png,No Finding,8,697,059Y,M,PA,2992,2991,0.143,0.143,,59,0.59,1,1
00000697_009.png,Infiltration,9,697,060Y,M,PA,2992,2849,0.143,0.143,,60,0.6,1,1
00000697_010.png,Infiltration,10,697,062Y,M,PA,2992,2991,0.143,0.143,,62,0.62,1,1
00000698_000.png,No Finding,0,698,042Y,F,PA,2048,2500,0.168,0.168,,42,0.42,0,1
00000699_000.png,No Finding,0,699,056Y,M,PA,2992,2991,0.143,0.143,,56,0.56,1,1
00000699_001.png,No Finding,1,699,056Y,M,PA,2992,2991,0.143,0.143,,56,0.56,1,1
00000700_000.png,No Finding,0,700,064Y,F,PA,2544,3056,0.139,0.139,,64,0.64,0,1
00000700_001.png,No Finding,1,700,054Y,F,PA,2048,2500,0.171,0.171,,54,0.54,0,1
00000701_000.png,No Finding,0,701,056Y,M,PA,2992,2991,0.143,0.143,,56,0.56,1,1
00000702_000.png,No Finding,0,702,017Y,F,PA,2048,2500,0.171,0.171,,17,0.17,0,1
00000702_001.png,No Finding,1,702,022Y,F,PA,2048,2500,0.168,0.168,,22,0.22,0,1
00000702_002.png,No Finding,2,702,023Y,F,PA,2048,2500,0.168,0.168,,23,0.23,0,1
00000702_003.png,No Finding,3,702,026Y,F,PA,2586,2991,0.143,0.143,,26,0.26,0,1
00000704_000.png,No Finding,0,704,040Y,M,PA,2992,2991,0.143,0.143,,40,0.4,1,1
00000704_001.png,No Finding,1,704,040Y,M,PA,3056,2544,0.139,0.139,,40,0.4,1,1
00000704_002.png,No Finding,2,704,040Y,M,PA,3056,2544,0.139,0.139,,40,0.4,1,1
00000704_003.png,No Finding,3,704,041Y,M,PA,2992,2991,0.143,0.143,,41,0.41,1,1
00000705_000.png,No Finding,0,705,058Y,F,PA,2992,2991,0.143,0.143,,58,0.58,0,1
00000705_001.png,No Finding,1,705,060Y,F,PA,2544,3056,0.139,0.139,,60,0.6,0,1
00000705_002.png,No Finding,2,705,061Y,F,PA,2021,2021,0.194311,0.194311,,61,0.61,0,1
00000707_000.png,Emphysema|Infiltration|Nodule,0,707,045Y,M,AP,2500,2048,0.168,0.168,,45,0.45,1,0
00000707_001.png,Atelectasis|Emphysema,1,707,045Y,M,AP,2500,2048,0.168,0.168,,45,0.45,1,0
00000707_002.png,Atelectasis|Effusion,2,707,044Y,M,PA,2992,2991,0.143,0.143,,44,0.44,1,1
00000707_003.png,Atelectasis,3,707,044Y,M,PA,2818,2991,0.143,0.143,,44,0.44,1,1
00000707_004.png,Atelectasis,4,707,045Y,M,PA,2992,2991,0.143,0.143,,45,0.45,1,1
00000708_000.png,No Finding,0,708,040Y,M,AP,2500,2048,0.168,0.168,,40,0.4,1,0
00000709_000.png,No Finding,0,709,069Y,F,PA,2544,3056,0.139,0.139,,69,0.69,0,1
00000709_001.png,Infiltration,1,709,071Y,F,PA,2544,3056,0.139,0.139,,71,0.71,0,1
00000709_002.png,Infiltration,2,709,072Y,F,PA,1851,1772,0.194311,0.194311,,72,0.72,0,1
00000709_003.png,No Finding,3,709,060Y,F,PA,2048,2500,0.168,0.168,,60,0.6,0,1
00000709_004.png,No Finding,4,709,062Y,F,PA,2500,2048,0.168,0.168,,62,0.62,0,1
00000709_005.png,No Finding,5,709,063Y,F,PA,2950,2991,0.143,0.143,,63,0.63,0,1
00000709_006.png,No Finding,6,709,065Y,F,PA,2658,2991,0.143,0.143,,65,0.65,0,1
00000709_007.png,No Finding,7,709,066Y,F,PA,2610,2991,0.143,0.143,,66,0.66,0,1
00000709_008.png,Infiltration,8,709,067Y,F,PA,2458,2991,0.143,0.143,,67,0.67,0,1
00000710_000.png,Infiltration|Mass,0,710,056Y,F,PA,2048,2500,0.171,0.171,,56,0.56,0,1
00000710_001.png,Fibrosis,1,710,057Y,F,AP,2500,2048,0.171,0.171,,57,0.57,0,0
00000710_002.png,No Finding,2,710,057Y,F,AP,2500,2048,0.168,0.168,,57,0.57,0,0
00000710_003.png,Fibrosis|Pneumonia,3,710,057Y,F,PA,2048,2500,0.168,0.168,,57,0.57,0,1
00000710_004.png,Mass,4,710,057Y,F,AP,2500,2048,0.168,0.168,,57,0.57,0,0
00000710_005.png,Effusion|Emphysema,5,710,058Y,F,PA,2486,2725,0.143,0.143,,58,0.58,0,1
00000710_006.png,No Finding,6,710,059Y,F,PA,2048,2500,0.168,0.168,,59,0.59,0,1
00000711_000.png,Mass,0,711,043Y,F,PA,2992,2991,0.143,0.143,,43,0.43,0,1
00000711_001.png,No Finding,1,711,045Y,F,AP,3056,2544,0.139,0.139,,45,0.45,0,0
00000711_002.png,No Finding,2,711,045Y,F,AP,3056,2544,0.139,0.139,,45,0.45,0,0
00000711_003.png,Effusion|Infiltration,3,711,045Y,F,AP,3056,2544,0.139,0.139,,45,0.45,0,0
00000711_004.png,Atelectasis|Infiltration,4,711,045Y,F,AP,3056,2544,0.139,0.139,,45,0.45,0,0
00000711_005.png,Mass,5,711,034Y,F,AP,2500,2048,0.168,0.168,,34,0.34,0,0
00000711_006.png,Mass,6,711,034Y,F,AP,2500,2048,0.168,0.168,,34,0.34,0,0
00000711_007.png,Mass,7,711,034Y,F,PA,2048,2500,0.168,0.168,,34,0.34,0,1
00000711_008.png,Nodule,8,711,034Y,F,PA,2500,2048,0.168,0.168,,34,0.34,0,1
00000711_009.png,Atelectasis|Nodule,9,711,035Y,F,AP,2500,2048,0.168,0.168,,35,0.35,0,0
00000711_010.png,Nodule,10,711,035Y,F,AP,2500,2048,0.168,0.168,,35,0.35,0,0
00000711_011.png,Emphysema,11,711,035Y,F,AP,2500,2048,0.168,0.168,,35,0.35,0,0
00000711_012.png,Atelectasis|Emphysema,12,711,035Y,F,AP,2500,2048,0.168,0.168,,35,0.35,0,0
00000712_000.png,No Finding,0,712,056Y,M,PA,2936,2888,0.143,0.143,,56,0.56,1,1
00000712_001.png,No Finding,1,712,058Y,M,PA,2908,2897,0.143,0.143,,58,0.58,1,1
00000713_000.png,Fibrosis,0,713,041Y,M,PA,2048,2500,0.171,0.171,,41,0.41,1,1
00000714_000.png,No Finding,0,714,069Y,F,PA,2048,2500,0.171,0.171,,69,0.69,0,1
00000714_001.png,Nodule,1,714,070Y,F,PA,2048,2500,0.168,0.168,,70,0.7,0,1
00000715_000.png,No Finding,0,715,063Y,M,PA,2048,2500,0.171,0.171,,63,0.63,1,1
00000715_001.png,No Finding,1,715,065Y,M,PA,2500,2048,0.171,0.171,,65,0.65,1,1
00000717_000.png,No Finding,0,717,052Y,M,PA,2500,2048,0.168,0.168,,52,0.52,1,1
00000718_000.png,No Finding,0,718,032Y,F,PA,2934,2609,0.143,0.143,,32,0.32,0,1
00000718_001.png,No Finding,1,718,033Y,F,AP,2500,2048,0.168,0.168,,33,0.33,0,0
00000720_000.png,No Finding,0,720,046Y,M,PA,3056,2544,0.139,0.139,,46,0.46,1,1
00000720_001.png,No Finding,1,720,046Y,M,PA,2992,2991,0.143,0.143,,46,0.46,1,1
00000720_002.png,Atelectasis|Effusion,2,720,046Y,M,AP,3056,2544,0.139,0.139,,46,0.46,1,0
00000720_003.png,Infiltration,3,720,046Y,M,AP,3056,2544,0.139,0.139,,46,0.46,1,0
00000720_004.png,Atelectasis|Consolidation|Effusion|Infiltration,4,720,046Y,M,AP,3056,2544,0.139,0.139,,46,0.46,1,0
00000720_005.png,Atelectasis,5,720,047Y,M,AP,3056,2544,0.139,0.139,,47,0.47,1,0
00000720_006.png,Effusion|Infiltration,6,720,047Y,M,PA,3056,2544,0.139,0.139,,47,0.47,1,1
00000722_000.png,No Finding,0,722,029Y,M,PA,2992,2821,0.143,0.143,,29,0.29,1,1
00000723_000.png,No Finding,0,723,054Y,M,PA,1990,2021,0.194314,0.194314,,54,0.54,1,1
00000723_001.png,No Finding,1,723,054Y,M,PA,2021,2021,0.194311,0.194311,,54,0.54,1,1
00000723_002.png,Fibrosis|Infiltration,2,723,040Y,M,PA,2500,2048,0.171,0.171,,40,0.4,1,1
00000723_003.png,Effusion|Fibrosis,3,723,041Y,M,PA,2048,2500,0.171,0.171,,41,0.41,1,1
00000723_004.png,Atelectasis|Infiltration,4,723,045Y,M,PA,2992,2991,0.143,0.143,,45,0.45,1,1
00000723_005.png,Atelectasis|Infiltration,5,723,048Y,M,PA,2844,2727,0.143,0.143,,48,0.48,1,1
00000724_000.png,Fibrosis,0,724,056Y,F,PA,2048,2500,0.171,0.171,,56,0.56,0,1
00000725_000.png,No Finding,0,725,058Y,M,PA,2500,2048,0.168,0.168,,58,0.58,1,1
00000726_000.png,No Finding,0,726,052Y,M,PA,2654,2717,0.143,0.143,,52,0.52,1,1
00000727_000.png,Atelectasis,0,727,049Y,F,PA,2048,2500,0.171,0.171,,49,0.49,0,1
00000727_001.png,No Finding,1,727,054Y,F,PA,2992,2991,0.143,0.143,,54,0.54,0,1
00000727_002.png,No Finding,2,727,054Y,F,PA,2418,2989,0.143,0.143,,54,0.54,0,1
00000727_003.png,No Finding,3,727,054Y,F,PA,2838,2991,0.143,0.143,,54,0.54,0,1
00000727_004.png,No Finding,4,727,055Y,F,AP,2500,2048,0.168,0.168,,55,0.55,0,0
00000727_005.png,No Finding,5,727,055Y,F,PA,2786,2991,0.143,0.143,,55,0.55,0,1
00000727_006.png,Effusion|Infiltration,6,727,055Y,F,PA,2602,2991,0.143,0.143,,55,0.55,0,1
00000727_007.png,No Finding,7,727,056Y,F,PA,2270,2991,0.143,0.143,,56,0.56,0,1
00000727_008.png,No Finding,8,727,058Y,F,PA,2386,2991,0.143,0.143,,58,0.58,0,1
00000727_009.png,Infiltration,9,727,058Y,F,PA,2990,2991,0.143,0.143,,58,0.58,0,1
00000728_000.png,Cardiomegaly,0,728,030Y,M,PA,2500,2048,0.171,0.171,,30,0.3,1,1
00000729_000.png,No Finding,0,729,052Y,M,PA,2048,2500,0.168,0.168,,52,0.52,1,1
00000730_000.png,No Finding,0,730,022Y,F,PA,2048,2500,0.171,0.171,,22,0.22,0,1
00000731_000.png,No Finding,0,731,053Y,M,PA,2992,2991,0.143,0.143,,53,0.53,1,1
00000731_001.png,No Finding,1,731,054Y,M,PA,3056,2544,0.139,0.139,,54,0.54,1,1
00000731_002.png,No Finding,2,731,055Y,M,PA,2021,2021,0.194311,0.194311,,55,0.55,1,1
00000731_003.png,Fibrosis|Nodule,3,731,042Y,M,PA,2500,2048,0.171,0.171,,42,0.42,1,1
00000731_004.png,No Finding,4,731,043Y,M,PA,2500,2048,0.171,0.171,,43,0.43,1,1
00000731_005.png,No Finding,5,731,046Y,M,PA,2782,2991,0.143,0.143,,46,0.46,1,1
00000731_006.png,No Finding,6,731,050Y,M,PA,2992,2991,0.143,0.143,,50,0.5,1,1
00000731_007.png,No Finding,7,731,051Y,M,PA,2992,2991,0.143,0.143,,51,0.51,1,1
00000731_008.png,No Finding,8,731,052Y,M,PA,2992,2991,0.143,0.143,,52,0.52,1,1
00000732_000.png,Effusion,0,732,085Y,F,PA,2354,2991,0.143,0.143,,85,0.85,0,1
00000732_001.png,Emphysema,1,732,085Y,F,AP,2500,2048,0.168,0.168,,85,0.85,0,0
00000732_002.png,Pneumothorax,2,732,085Y,F,AP,2500,2048,0.168,0.168,,85,0.85,0,0
00000732_003.png,No Finding,3,732,085Y,F,PA,2992,2991,0.143,0.143,,85,0.85,0,1
00000732_004.png,Cardiomegaly|Effusion|Fibrosis|Pleural_Thickening|Pneumothorax,4,732,085Y,F,PA,2992,2991,0.143,0.143,,85,0.85,0,1
00000732_005.png,Cardiomegaly|Effusion|Fibrosis|Pleural_Thickening|Pneumothorax,5,732,085Y,F,AP,2500,2048,0.168,0.168,,85,0.85,0,0
00000732_006.png,Effusion|Emphysema,6,732,085Y,F,PA,2686,2991,0.143,0.143,,85,0.85,0,1
00000732_007.png,Effusion|Pneumothorax,7,732,085Y,F,PA,2992,2991,0.143,0.143,,85,0.85,0,1
00000732_008.png,Cardiomegaly|Effusion|Pleural_Thickening,8,732,086Y,F,PA,2558,2745,0.143,0.143,,86,0.86,0,1
00000732_009.png,Effusion,9,732,087Y,F,PA,2596,2639,0.143,0.143,,87,0.87,0,1
00000732_010.png,No Finding,10,732,087Y,F,PA,2330,2889,0.143,0.143,,87,0.87,0,1
00000733_000.png,Nodule,0,733,065Y,M,PA,2500,2048,0.171,0.171,,65,0.65,1,1
00000733_001.png,Fibrosis|Infiltration,1,733,067Y,M,PA,2500,2048,0.168,0.168,,67,0.67,1,1
00000733_002.png,Fibrosis,2,733,071Y,M,PA,2620,2341,0.143,0.143,,71,0.71,1,1
00000733_003.png,Fibrosis,3,733,072Y,M,PA,2746,2991,0.143,0.143,,72,0.72,1,1
00000736_000.png,No Finding,0,736,043Y,F,PA,2658,2653,0.143,0.143,,43,0.43,0,1
00000738_000.png,No Finding,0,738,026Y,F,PA,2048,2500,0.171,0.171,,26,0.26,0,1
00000740_000.png,Atelectasis|Cardiomegaly,0,740,080Y,M,AP,2500,2048,0.171,0.171,,80,0.8,1,0
00000740_001.png,No Finding,1,740,080Y,M,AP,2500,2048,0.171,0.171,,80,0.8,1,0
00000741_000.png,Infiltration,0,741,060Y,F,PA,2702,2991,0.143,0.143,,60,0.6,0,1
00000741_001.png,No Finding,1,741,061Y,F,PA,2544,3056,0.139,0.139,,61,0.61,0,1
00000741_002.png,No Finding,2,741,049Y,F,PA,2500,2048,0.171,0.171,,49,0.49,0,1
00000741_003.png,No Finding,3,741,053Y,F,PA,2682,2489,0.143,0.143,,53,0.53,0,1
00000741_004.png,No Finding,4,741,054Y,F,PA,2822,2991,0.143,0.143,,54,0.54,0,1
00000741_005.png,No Finding,5,741,055Y,F,PA,2422,2991,0.143,0.143,,55,0.55,0,1
00000741_006.png,No Finding,6,741,056Y,F,PA,2992,2991,0.143,0.143,,56,0.56,0,1
00000741_007.png,Atelectasis|Fibrosis,7,741,057Y,F,PA,2048,2500,0.168,0.168,,57,0.57,0,1
00000741_008.png,No Finding,8,741,058Y,F,PA,3056,2544,0.139,0.139,,58,0.58,0,1
00000744_000.png,No Finding,0,744,069Y,M,PA,2500,2048,0.168,0.168,,69,0.69,1,1
00000744_001.png,Nodule,1,744,072Y,M,PA,2992,2991,0.143,0.143,,72,0.72,1,1
00000744_002.png,Infiltration,2,744,072Y,M,AP,2500,2048,0.168,0.168,,72,0.72,1,0
00000744_003.png,Consolidation|Infiltration|Pneumothorax,3,744,072Y,M,AP,2500,2048,0.168,0.168,,72,0.72,1,0
00000744_004.png,Pneumothorax,4,744,072Y,M,PA,2992,2991,0.143,0.143,,72,0.72,1,1
00000744_005.png,Atelectasis|Pneumothorax,5,744,072Y,M,PA,2992,2991,0.143,0.143,,72,0.72,1,1
00000744_006.png,Atelectasis|Pneumothorax,6,744,072Y,M,PA,2992,2991,0.143,0.143,,72,0.72,1,1
00000744_007.png,Mass|Pneumothorax,7,744,072Y,M,PA,2992,2991,0.143,0.143,,72,0.72,1,1
00000744_008.png,Mass|Pneumothorax,8,744,072Y,M,PA,2992,2991,0.143,0.143,,72,0.72,1,1
00000744_009.png,Mass|Pneumothorax,9,744,072Y,M,PA,2990,2991,0.143,0.143,,72,0.72,1,1
00000744_010.png,Effusion|Mass|Pneumothorax,10,744,072Y,M,PA,2898,2991,0.143,0.143,,72,0.72,1,1
00000744_011.png,Mass|Pneumothorax,11,744,072Y,M,PA,2992,2991,0.143,0.143,,72,0.72,1,1
00000744_012.png,Mass|Pneumothorax,12,744,072Y,M,PA,2992,2991,0.143,0.143,,72,0.72,1,1
00000744_013.png,No Finding,13,744,073Y,M,PA,2500,2048,0.168,0.168,,73,0.73,1,1
00000745_000.png,Effusion,0,745,079Y,M,PA,2992,2991,0.143,0.143,,79,0.79,1,1
00000745_001.png,Infiltration,1,745,080Y,M,PA,2500,2048,0.168,0.168,,80,0.8,1,1
00000745_002.png,No Finding,2,745,080Y,M,PA,2500,2048,0.168,0.168,,80,0.8,1,1
00000746_000.png,No Finding,0,746,022Y,F,PA,2952,2596,0.143,0.143,,22,0.22,0,1
00000747_000.png,No Finding,0,747,058Y,M,PA,3056,2544,0.139,0.139,,58,0.58,1,1
00000747_001.png,No Finding,1,747,057Y,M,AP,3056,2544,0.139,0.139,,57,0.57,1,0
00000750_000.png,No Finding,0,750,023Y,M,PA,2886,2991,0.143,0.143,,23,0.23,1,1
00000751_000.png,No Finding,0,751,057Y,F,PA,2434,2605,0.143,0.143,,57,0.57,0,1
00000752_000.png,No Finding,0,752,028Y,F,PA,2992,2661,0.143,0.143,,28,0.28,0,1
00000752_001.png,No Finding,1,752,021Y,F,PA,2992,2991,0.143,0.143,,21,0.21,0,1
00000754_000.png,No Finding,0,754,043Y,M,PA,2546,2991,0.143,0.143,,43,0.43,1,1
00000754_001.png,No Finding,1,754,043Y,M,AP,3040,2544,0.139,0.139,,43,0.43,1,0
00000754_002.png,No Finding,2,754,043Y,M,AP,2544,3024,0.139,0.139,,43,0.43,1,0
00000754_003.png,Atelectasis|Pleural_Thickening,3,754,043Y,M,AP,3056,2544,0.139,0.139,,43,0.43,1,0
00000754_004.png,No Finding,4,754,043Y,M,AP,3056,2544,0.139,0.139,,43,0.43,1,0
00000754_005.png,No Finding,5,754,043Y,M,AP,3056,2544,0.139,0.139,,43,0.43,1,0
00000754_006.png,No Finding,6,754,043Y,M,PA,3056,2544,0.139,0.139,,43,0.43,1,1
00000755_000.png,No Finding,0,755,052Y,F,PA,2048,2500,0.168,0.168,,52,0.52,0,1
00000756_000.png,No Finding,0,756,050Y,M,PA,1864,2021,0.194311,0.194311,,50,0.5,1,1
00000756_001.png,Cardiomegaly|Effusion|Infiltration,1,756,050Y,M,PA,2021,2021,0.194311,0.194311,,50,0.5,1,1
00000756_002.png,Atelectasis|Effusion,2,756,038Y,M,PA,2500,2048,0.171,0.171,,38,0.38,1,1
00000756_003.png,Atelectasis|Effusion,3,756,038Y,M,PA,2500,2048,0.171,0.171,,38,0.38,1,1
00000756_004.png,Nodule,4,756,039Y,M,PA,2500,2048,0.168,0.168,,39,0.39,1,1
00000756_005.png,No Finding,5,756,039Y,M,AP,2500,2048,0.168,0.168,,39,0.39,1,0
00000758_000.png,No Finding,0,758,042Y,F,PA,2048,2500,0.171,0.171,,42,0.42,0,1
00000758_001.png,Emphysema,1,758,042Y,F,AP,2500,2048,0.171,0.171,,42,0.42,0,0
00000758_002.png,Pneumothorax,2,758,042Y,F,PA,2048,2500,0.171,0.171,,42,0.42,0,1
00000758_003.png,Atelectasis|Effusion|Infiltration,3,758,042Y,F,PA,2048,2500,0.171,0.171,,42,0.42,0,1
00000759_000.png,No Finding,0,759,064Y,M,PA,2021,2021,0.194311,0.194311,,64,0.64,1,1
00000760_000.png,No Finding,0,760,053Y,F,PA,2992,2991,0.143,0.143,,53,0.53,0,1
00000761_000.png,Effusion,0,761,053Y,F,AP,3056,2544,0.139,0.139,,53,0.53,0,0
00000761_001.png,Atelectasis|Effusion|Infiltration,1,761,053Y,F,AP,3056,2544,0.139,0.139,,53,0.53,0,0
00000761_002.png,Effusion,2,761,053Y,F,PA,2021,2021,0.194311,0.194311,,53,0.53,0,1
00000761_003.png,No Finding,3,761,053Y,F,AP,3056,2544,0.139,0.139,,53,0.53,0,0
00000761_004.png,No Finding,4,761,053Y,F,AP,3056,2544,0.139,0.139,,53,0.53,0,0
00000761_005.png,No Finding,5,761,053Y,F,AP,2544,3056,0.139,0.139,,53,0.53,0,0
00000761_006.png,Cardiomegaly,6,761,053Y,F,AP,3056,2544,0.139,0.139,,53,0.53,0,0
00000761_007.png,No Finding,7,761,053Y,F,AP,3056,2544,0.139,0.139,,53,0.53,0,0
00000761_008.png,No Finding,8,761,041Y,F,PA,2048,2500,0.171,0.171,,41,0.41,0,1
00000761_009.png,No Finding,9,761,041Y,F,AP,2500,2048,0.171,0.171,,41,0.41,0,0
00000761_010.png,Atelectasis,10,761,044Y,F,PA,2750,2761,0.143,0.143,,44,0.44,0,1
00000761_011.png,Effusion|Pleural_Thickening,11,761,045Y,F,AP,2500,2048,0.168,0.168,,45,0.45,0,0
00000762_000.png,No Finding,0,762,019Y,F,PA,2048,2500,0.168,0.168,,19,0.19,0,1
00000762_001.png,No Finding,1,762,021Y,F,AP,2500,2048,0.168,0.168,,21,0.21,0,0
00000764_000.png,No Finding,0,764,041Y,M,PA,2500,2048,0.171,0.171,,41,0.41,1,1
00000764_001.png,No Finding,1,764,044Y,M,PA,2992,2991,0.143,0.143,,44,0.44,1,1
00000764_002.png,No Finding,2,764,049Y,M,PA,2500,2048,0.168,0.168,,49,0.49,1,1
00000764_003.png,No Finding,3,764,048Y,M,AP,3056,2544,0.139,0.139,,48,0.48,1,0
00000765_000.png,Infiltration,0,765,046Y,M,PA,2021,2021,0.194311,0.194311,,46,0.46,1,1
00000765_001.png,No Finding,1,765,034Y,M,PA,2500,2048,0.171,0.171,,34,0.34,1,1
00000765_002.png,No Finding,2,765,037Y,M,PA,2992,2991,0.143,0.143,,37,0.37,1,1
00000765_003.png,No Finding,3,765,037Y,M,PA,2992,2991,0.143,0.143,,37,0.37,1,1
00000765_004.png,No Finding,4,765,038Y,M,PA,2992,2991,0.143,0.143,,38,0.38,1,1
00000765_005.png,No Finding,5,765,040Y,M,PA,2992,2991,0.143,0.143,,40,0.4,1,1
00000766_000.png,Nodule,0,766,027Y,M,PA,2048,2500,0.171,0.171,,27,0.27,1,1
00000766_001.png,Infiltration,1,766,028Y,M,AP,2500,2048,0.171,0.171,,28,0.28,1,0
00000766_002.png,No Finding,2,766,028Y,M,AP,2500,2048,0.171,0.171,,28,0.28,1,0
00000766_003.png,Fibrosis,3,766,031Y,M,PA,2500,2048,0.168,0.168,,31,0.31,1,1
00000766_004.png,Atelectasis|Pleural_Thickening,4,766,031Y,M,AP,2500,2048,0.168,0.168,,31,0.31,1,0
00000766_005.png,Pleural_Thickening|Pneumonia,5,766,032Y,M,AP,2500,2048,0.168,0.168,,32,0.32,1,0
00000766_006.png,Edema|Effusion|Nodule|Pneumonia,6,766,033Y,M,AP,2500,2048,0.168,0.168,,33,0.33,1,0
00000766_007.png,Edema|Effusion|Nodule|Pneumonia,7,766,033Y,M,AP,2500,2048,0.168,0.168,,33,0.33,1,0
00000766_008.png,No Finding,8,766,033Y,M,AP,2500,2048,0.168,0.168,,33,0.33,1,0
00000766_009.png,No Finding,9,766,032Y,M,PA,2992,2991,0.143,0.143,,32,0.32,1,1
00000766_010.png,Effusion|Pneumonia,10,766,033Y,M,AP,2500,2048,0.168,0.168,,33,0.33,1,0
00000766_011.png,Effusion|Infiltration|Nodule|Pleural_Thickening,11,766,032Y,M,PA,2678,2991,0.143,0.143,,32,0.32,1,1
00000766_012.png,Infiltration,12,766,033Y,M,AP,2500,2048,0.168,0.168,,33,0.33,1,0
00000766_013.png,Effusion|Infiltration|Pleural_Thickening,13,766,033Y,M,AP,2500,2048,0.168,0.168,,33,0.33,1,0
00000766_014.png,Consolidation|Effusion|Infiltration,14,766,033Y,M,AP,2500,2048,0.168,0.168,,33,0.33,1,0
00000766_015.png,No Finding,15,766,033Y,M,AP,2500,2048,0.168,0.168,,33,0.33,1,0
00000766_016.png,Effusion|Infiltration,16,766,033Y,M,AP,2048,2500,0.168,0.168,,33,0.33,1,0
00000766_017.png,Edema|Effusion|Pneumonia,17,766,033Y,M,AP,2500,2048,0.168,0.168,,33,0.33,1,0
00000766_018.png,Edema|Effusion|Pneumonia,18,766,033Y,M,AP,2500,2048,0.168,0.168,,33,0.33,1,0
00000766_019.png,Atelectasis|Effusion,19,766,033Y,M,AP,2500,2048,0.168,0.168,,33,0.33,1,0
00000766_020.png,No Finding,20,766,033Y,M,AP,2500,2048,0.168,0.168,,33,0.33,1,0
00000766_021.png,Consolidation,21,766,033Y,M,AP,2500,2048,0.168,0.168,,33,0.33,1,0
00000766_022.png,No Finding,22,766,033Y,M,AP,2500,2048,0.168,0.168,,33,0.33,1,0
00000766_023.png,No Finding,23,766,033Y,M,AP,2500,2048,0.168,0.168,,33,0.33,1,0
00000766_024.png,No Finding,24,766,033Y,M,AP,2500,2048,0.168,0.168,,33,0.33,1,0
00000766_025.png,Infiltration,25,766,033Y,M,AP,2500,2048,0.168,0.168,,33,0.33,1,0
00000766_026.png,No Finding,26,766,033Y,M,AP,2500,2048,0.168,0.168,,33,0.33,1,0
00000766_027.png,Effusion|Nodule|Pleural_Thickening,27,766,033Y,M,AP,2500,2048,0.168,0.168,,33,0.33,1,0
00000766_028.png,Infiltration,28,766,033Y,M,AP,2500,2048,0.168,0.168,,33,0.33,1,0
00000767_000.png,No Finding,0,767,033Y,F,PA,2048,2500,0.171,0.171,,33,0.33,0,1
00000768_000.png,No Finding,0,768,054Y,M,PA,2596,2901,0.143,0.143,,54,0.54,1,1
00000769_000.png,No Finding,0,769,048Y,M,PA,2992,2991,0.143,0.143,,48,0.48,1,1
00000770_000.png,No Finding,0,770,044Y,F,PA,2048,2500,0.171,0.171,,44,0.44,0,1
00000770_001.png,No Finding,1,770,048Y,F,PA,2770,2661,0.143,0.143,,48,0.48,0,1
00000771_000.png,No Finding,0,771,073Y,M,PA,2500,2048,0.171,0.171,,73,0.73,1,1
00000771_001.png,Atelectasis,1,771,074Y,M,PA,2500,2048,0.168,0.168,,74,0.74,1,1
00000772_000.png,Infiltration,0,772,047Y,F,PA,2992,2991,0.143,0.143,,47,0.47,0,1
00000772_001.png,No Finding,1,772,045Y,F,PA,2992,2991,0.143,0.143,,45,0.45,0,1
00000772_002.png,Nodule|Pneumonia,2,772,045Y,F,PA,2802,2833,0.143,0.143,,45,0.45,0,1
00000772_003.png,Infiltration,3,772,045Y,F,PA,2992,2991,0.143,0.143,,45,0.45,0,1
00000772_004.png,No Finding,4,772,046Y,F,PA,2992,2991,0.143,0.143,,46,0.46,0,1
00000772_005.png,No Finding,5,772,046Y,F,AP,3056,2544,0.139,0.139,,46,0.46,0,0
00000772_006.png,No Finding,6,772,046Y,F,PA,2718,2991,0.143,0.143,,46,0.46,0,1
00000772_007.png,No Finding,7,772,046Y,F,PA,2992,2991,0.143,0.143,,46,0.46,0,1
00000772_008.png,No Finding,8,772,047Y,F,AP,3056,2544,0.139,0.139,,47,0.47,0,0
00000772_009.png,No Finding,9,772,047Y,F,AP,3056,2544,0.139,0.139,,47,0.47,0,0
00000774_000.png,No Finding,0,774,046Y,F,AP,2500,2048,0.171,0.171,,46,0.46,0,0
00000774_001.png,Atelectasis|Infiltration,1,774,049Y,F,PA,2670,2637,0.143,0.143,,49,0.49,0,1
00000775_000.png,Fibrosis,0,775,078Y,F,PA,2992,2991,0.143,0.143,,78,0.78,0,1
00000777_000.png,No Finding,0,777,019Y,M,PA,2500,2048,0.168,0.168,,19,0.19,1,1
00000777_001.png,No Finding,1,777,023Y,M,AP,2500,2048,0.168,0.168,,23,0.23,1,0
00000778_000.png,Fibrosis|Infiltration,0,778,067Y,F,PA,2992,2991,0.143,0.143,,67,0.67,0,1
00000779_000.png,Nodule,0,779,035Y,M,PA,2048,2500,0.171,0.171,,35,0.35,1,1
00000779_001.png,No Finding,1,779,035Y,M,PA,2500,2048,0.171,0.171,,35,0.35,1,1
00000780_000.png,Effusion,0,780,062Y,F,PA,2992,2991,0.143,0.143,,62,0.62,0,1
00000781_000.png,No Finding,0,781,068Y,F,PA,2544,3056,0.139,0.139,,68,0.68,0,1
00000781_001.png,No Finding,1,781,070Y,F,PA,2992,2991,0.143,0.143,,70,0.7,0,1
00000781_002.png,Nodule,2,781,071Y,F,PA,3056,2544,0.139,0.139,,71,0.71,0,1
00000781_003.png,No Finding,3,781,059Y,F,PA,2048,2500,0.171,0.171,,59,0.59,0,1
00000781_004.png,No Finding,4,781,062Y,F,PA,2048,2500,0.168,0.168,,62,0.62,0,1
00000781_005.png,No Finding,5,781,064Y,F,PA,2754,2629,0.143,0.143,,64,0.64,0,1
00000781_006.png,No Finding,6,781,065Y,F,PA,2726,2991,0.143,0.143,,65,0.65,0,1
00000781_007.png,No Finding,7,781,066Y,F,PA,2572,2330,0.143,0.143,,66,0.66,0,1
00000781_008.png,No Finding,8,781,067Y,F,PA,2352,2352,0.143,0.143,,67,0.67,0,1
00000781_009.png,No Finding,9,781,068Y,F,PA,2504,3056,0.139,0.139,,68,0.68,0,1
00000782_000.png,Consolidation|Fibrosis|Nodule,0,782,082Y,M,PA,2500,2048,0.171,0.171,,82,0.82,1,1
00000782_001.png,No Finding,1,782,083Y,M,PA,2500,2048,0.168,0.168,,83,0.83,1,1
00000782_002.png,Consolidation|Nodule|Pleural_Thickening,2,782,083Y,M,PA,2500,2048,0.168,0.168,,83,0.83,1,1
00000782_003.png,No Finding,3,782,084Y,M,PA,2500,2048,0.168,0.168,,84,0.84,1,1
00000783_000.png,No Finding,0,783,053Y,M,AP,3056,2544,0.139,0.139,,53,0.53,1,0
00000783_001.png,Infiltration,1,783,053Y,M,PA,2992,2991,0.143,0.143,,53,0.53,1,1
00000783_002.png,No Finding,2,783,053Y,M,AP,3056,2544,0.139,0.139,,53,0.53,1,0
00000784_000.png,No Finding,0,784,039Y,M,PA,2500,2048,0.168,0.168,,39,0.39,1,1
00000785_000.png,Atelectasis|Infiltration,0,785,038Y,F,PA,2520,2727,0.143,0.143,,38,0.38,0,1
00000785_001.png,Nodule,1,785,038Y,F,AP,3056,2544,0.139,0.139,,38,0.38,0,0
00000785_002.png,No Finding,2,785,038Y,F,PA,2992,2991,0.143,0.143,,38,0.38,0,1
00000786_000.png,No Finding,0,786,062Y,M,PA,2894,2801,0.143,0.143,,62,0.62,1,1
00000787_000.png,No Finding,0,787,045Y,F,AP,2500,2048,0.168,0.168,,45,0.45,0,0
00000787_001.png,No Finding,1,787,045Y,F,AP,2500,2048,0.168,0.168,,45,0.45,0,0
00000787_002.png,Cardiomegaly,2,787,048Y,F,PA,2992,2991,0.143,0.143,,48,0.48,0,1
00000787_003.png,No Finding,3,787,048Y,F,AP,2500,2048,0.168,0.168,,48,0.48,0,0
00000787_004.png,No Finding,4,787,048Y,F,AP,2500,2048,0.168,0.168,,48,0.48,0,0
00000788_000.png,No Finding,0,788,028Y,F,PA,2992,2991,0.143,0.143,,28,0.28,0,1
00000788_001.png,No Finding,1,788,024Y,F,AP,2500,2048,0.168,0.168,,24,0.24,0,0
00000789_000.png,No Finding,0,789,047Y,F,PA,2048,2500,0.171,0.171,,47,0.47,0,1
00000790_000.png,Cardiomegaly|Effusion,0,790,034Y,F,PA,2048,2500,0.168,0.168,,34,0.34,0,1
00000790_001.png,No Finding,1,790,034Y,F,AP,2500,2048,0.168,0.168,,34,0.34,0,0
00000790_002.png,No Finding,2,790,034Y,F,AP,2500,2048,0.171,0.171,,34,0.34,0,0
00000792_000.png,No Finding,0,792,056Y,M,PA,2500,2048,0.168,0.168,,56,0.56,1,1
00000792_001.png,No Finding,1,792,060Y,M,PA,2992,2991,0.143,0.143,,60,0.6,1,1
00000793_000.png,No Finding,0,793,029Y,F,PA,2500,2048,0.168,0.168,,29,0.29,0,1
00000794_000.png,No Finding,0,794,039Y,F,PA,2048,2500,0.171,0.171,,39,0.39,0,1
00000794_001.png,No Finding,1,794,042Y,F,PA,2454,2577,0.143,0.143,,42,0.42,0,1
00000795_000.png,No Finding,0,795,024Y,F,PA,2048,2500,0.168,0.168,,24,0.24,0,1
00000796_000.png,No Finding,0,796,071Y,F,PA,2482,2991,0.143,0.143,,71,0.71,0,1
00000796_001.png,No Finding,1,796,072Y,F,PA,2646,2991,0.143,0.143,,72,0.72,0,1
00000796_002.png,No Finding,2,796,073Y,F,PA,2544,3056,0.139,0.139,,73,0.73,0,1
00000796_003.png,No Finding,3,796,063Y,F,PA,2500,2048,0.168,0.168,,63,0.63,0,1
00000796_004.png,No Finding,4,796,064Y,F,PA,2048,2500,0.168,0.168,,64,0.64,0,1
00000796_005.png,No Finding,5,796,066Y,F,AP,2048,2500,0.168,0.168,,66,0.66,0,0
00000796_006.png,No Finding,6,796,067Y,F,PA,2500,2048,0.168,0.168,,67,0.67,0,1
00000796_007.png,No Finding,7,796,067Y,F,PA,2306,2330,0.143,0.143,,67,0.67,0,1
00000796_008.png,No Finding,8,796,068Y,F,PA,2992,2991,0.143,0.143,,68,0.68,0,1
00000796_009.png,Infiltration,9,796,069Y,F,PA,2532,2538,0.143,0.143,,69,0.69,0,1
00000797_000.png,No Finding,0,797,046Y,F,AP,3056,2544,0.139,0.139,,46,0.46,0,0
00000797_001.png,No Finding,1,797,046Y,F,AP,3056,2544,0.139,0.139,,46,0.46,0,0
00000797_002.png,No Finding,2,797,046Y,F,AP,3056,2544,0.139,0.139,,46,0.46,0,0
00000797_003.png,No Finding,3,797,046Y,F,AP,3056,2544,0.139,0.139,,46,0.46,0,0
00000797_004.png,No Finding,4,797,046Y,F,AP,3056,2544,0.139,0.139,,46,0.46,0,0
00000797_005.png,Atelectasis,5,797,046Y,F,AP,3056,2544,0.139,0.139,,46,0.46,0,0
00000798_000.png,No Finding,0,798,061Y,F,PA,2048,2500,0.168,0.168,,61,0.61,0,1
00000798_001.png,Cardiomegaly|Infiltration|Pneumothorax,1,798,061Y,F,PA,2048,2500,0.168,0.168,,61,0.61,0,1
00000798_002.png,No Finding,2,798,063Y,F,PA,2992,2991,0.143,0.143,,63,0.63,0,1
00000798_003.png,No Finding,3,798,063Y,F,PA,2992,2991,0.143,0.143,,63,0.63,0,1
00000798_004.png,No Finding,4,798,064Y,F,AP,2500,2048,0.168,0.168,,64,0.64,0,0
00000798_005.png,Effusion|Infiltration|Nodule,5,798,063Y,F,PA,2810,2777,0.143,0.143,,63,0.63,0,1
00000798_006.png,No Finding,6,798,064Y,F,PA,2430,2991,0.143,0.143,,64,0.64,0,1
00000798_007.png,No Finding,7,798,064Y,F,PA,2992,2991,0.143,0.143,,64,0.64,0,1
00000798_008.png,No Finding,8,798,064Y,F,PA,2338,2665,0.143,0.143,,64,0.64,0,1
00000798_009.png,Infiltration,9,798,065Y,F,AP,2500,2048,0.168,0.168,,65,0.65,0,0
00000798_010.png,No Finding,10,798,065Y,F,AP,2500,2048,0.168,0.168,,65,0.65,0,0
00000798_011.png,Infiltration,11,798,065Y,F,AP,2500,2048,0.168,0.168,,65,0.65,0,0
00000798_012.png,No Finding,12,798,065Y,F,AP,2500,2048,0.168,0.168,,65,0.65,0,0
00000798_013.png,No Finding,13,798,065Y,F,AP,2500,2048,0.168,0.168,,65,0.65,0,0
00000798_014.png,No Finding,14,798,065Y,F,AP,2500,2048,0.168,0.168,,65,0.65,0,0
00000798_015.png,No Finding,15,798,065Y,F,AP,2048,2500,0.168,0.168,,65,0.65,0,0
00000798_016.png,No Finding,16,798,065Y,F,AP,2500,2048,0.168,0.168,,65,0.65,0,0
00000798_017.png,No Finding,17,798,065Y,F,AP,2500,2048,0.168,0.168,,65,0.65,0,0
00000798_018.png,No Finding,18,798,065Y,F,AP,2500,2048,0.168,0.168,,65,0.65,0,0
00000798_019.png,No Finding,19,798,065Y,F,AP,2500,2048,0.168,0.168,,65,0.65,0,0
00000798_020.png,No Finding,20,798,065Y,F,AP,2500,2048,0.168,0.168,,65,0.65,0,0
00000798_021.png,Consolidation,21,798,065Y,F,AP,2500,2048,0.168,0.168,,65,0.65,0,0
00000798_022.png,Consolidation|Effusion,22,798,065Y,F,AP,2500,2048,0.168,0.168,,65,0.65,0,0
00000798_023.png,No Finding,23,798,065Y,F,AP,2500,2048,0.168,0.168,,65,0.65,0,0
00000798_024.png,Consolidation,24,798,065Y,F,AP,2500,2048,0.168,0.168,,65,0.65,0,0
00000798_025.png,Pneumonia,25,798,065Y,F,AP,2500,2048,0.168,0.168,,65,0.65,0,0
00000798_026.png,Consolidation,26,798,065Y,F,AP,2500,2048,0.168,0.168,,65,0.65,0,0
00000798_027.png,No Finding,27,798,065Y,F,AP,2500,2048,0.168,0.168,,65,0.65,0,0
00000798_028.png,Consolidation|Effusion,28,798,065Y,F,AP,2500,2048,0.168,0.168,,65,0.65,0,0
00000798_029.png,Consolidation|Effusion,29,798,065Y,F,AP,2500,2048,0.168,0.168,,65,0.65,0,0
00000798_030.png,No Finding,30,798,065Y,F,AP,2500,2048,0.168,0.168,,65,0.65,0,0
00000798_031.png,Infiltration,31,798,065Y,F,AP,2500,2048,0.168,0.168,,65,0.65,0,0
00000798_032.png,Effusion|Infiltration,32,798,065Y,F,AP,2500,2048,0.168,0.168,,65,0.65,0,0
00000798_033.png,Infiltration,33,798,065Y,F,AP,2500,2048,0.168,0.168,,65,0.65,0,0
00000798_034.png,Consolidation|Effusion|Nodule,34,798,065Y,F,AP,2500,2048,0.168,0.168,,65,0.65,0,0
00000798_035.png,No Finding,35,798,065Y,F,AP,2500,2048,0.168,0.168,,65,0.65,0,0
00000798_036.png,Effusion,36,798,065Y,F,AP,2500,2048,0.168,0.168,,65,0.65,0,0
00000798_037.png,Consolidation|Effusion,37,798,065Y,F,AP,2500,2048,0.168,0.168,,65,0.65,0,0
00000798_038.png,No Finding,38,798,065Y,F,AP,2500,2048,0.168,0.168,,65,0.65,0,0
00000798_039.png,Effusion|Infiltration|Pneumonia,39,798,065Y,F,AP,2500,2048,0.168,0.168,,65,0.65,0,0
00000798_040.png,No Finding,40,798,065Y,F,AP,2500,2048,0.168,0.168,,65,0.65,0,0
00000799_000.png,Infiltration,0,799,064Y,M,PA,2992,2991,0.143,0.143,,64,0.64,1,1
00000800_000.png,Atelectasis|Cardiomegaly,0,800,050Y,F,PA,2048,2500,0.168,0.168,,50,0.5,0,1
00000800_001.png,Cardiomegaly|Effusion,1,800,051Y,F,PA,2048,2500,0.168,0.168,,51,0.51,0,1
00000801_000.png,Emphysema,0,801,046Y,F,PA,2500,2048,0.171,0.171,,46,0.46,0,1
00000802_000.png,No Finding,0,802,033Y,M,PA,2500,2048,0.168,0.168,,33,0.33,1,1
00000804_000.png,No Finding,0,804,043Y,M,PA,2500,2048,0.171,0.171,,43,0.43,1,1
00000805_000.png,No Finding,0,805,048Y,F,PA,2992,2991,0.143,0.143,,48,0.48,0,1
00000805_001.png,No Finding,1,805,051Y,F,PA,2021,2021,0.194311,0.194311,,51,0.51,0,1
00000805_002.png,No Finding,2,805,042Y,F,PA,2658,2921,0.143,0.143,,42,0.42,0,1
00000805_003.png,No Finding,3,805,046Y,F,PA,2992,2991,0.143,0.143,,46,0.46,0,1
00000806_000.png,No Finding,0,806,042Y,M,AP,2500,2048,0.171,0.171,,42,0.42,1,0
00000807_000.png,Pleural_Thickening,0,807,061Y,F,PA,2048,2500,0.171,0.171,,61,0.61,0,1
00000808_000.png,Infiltration,0,808,050Y,F,PA,2992,2991,0.143,0.143,,50,0.5,0,1
00000808_001.png,Atelectasis|Effusion,1,808,050Y,F,AP,3056,2544,0.139,0.139,,50,0.5,0,0
00000808_002.png,Atelectasis|Consolidation|Effusion,2,808,050Y,F,PA,2992,2991,0.143,0.143,,50,0.5,0,1
00000808_003.png,No Finding,3,808,051Y,F,AP,3056,2544,0.139,0.139,,51,0.51,0,0
00000808_004.png,No Finding,4,808,051Y,F,PA,2992,2991,0.143,0.143,,51,0.51,0,1
00000808_005.png,No Finding,5,808,053Y,F,AP,3056,2544,0.139,0.139,,53,0.53,0,0
00000808_006.png,No Finding,6,808,042Y,F,AP,2500,2048,0.168,0.168,,42,0.42,0,0
00000808_007.png,No Finding,7,808,044Y,F,AP,2500,2048,0.168,0.168,,44,0.44,0,0
00000808_008.png,No Finding,8,808,044Y,F,AP,2500,2048,0.168,0.168,,44,0.44,0,0
00000808_009.png,No Finding,9,808,044Y,F,AP,2500,2048,0.168,0.168,,44,0.44,0,0
00000808_010.png,No Finding,10,808,044Y,F,AP,2500,2048,0.168,0.168,,44,0.44,0,0
00000808_011.png,No Finding,11,808,044Y,F,AP,2500,2048,0.168,0.168,,44,0.44,0,0
00000808_012.png,No Finding,12,808,046Y,F,AP,2500,2048,0.168,0.168,,46,0.46,0,0
00000808_013.png,No Finding,13,808,048Y,F,AP,2500,2048,0.168,0.168,,48,0.48,0,0
00000808_014.png,No Finding,14,808,048Y,F,AP,2500,2048,0.168,0.168,,48,0.48,0,0
00000808_015.png,No Finding,15,808,048Y,F,AP,2500,2048,0.168,0.168,,48,0.48,0,0
00000808_016.png,Infiltration,16,808,048Y,F,PA,2992,2991,0.143,0.143,,48,0.48,0,1
00000809_000.png,No Finding,0,809,049Y,M,PA,2890,2513,0.143,0.143,,49,0.49,1,1
00000809_001.png,No Finding,1,809,040Y,M,PA,2500,2048,0.168,0.168,,40,0.4,1,1
00000809_002.png,No Finding,2,809,041Y,M,PA,2992,2991,0.143,0.143,,41,0.41,1,1
00000809_003.png,No Finding,3,809,046Y,M,PA,2910,2991,0.143,0.143,,46,0.46,1,1
00000809_004.png,No Finding,4,809,047Y,M,PA,2992,2991,0.143,0.143,,47,0.47,1,1
00000810_000.png,No Finding,0,810,038Y,M,PA,2500,2048,0.168,0.168,,38,0.38,1,1
00000811_000.png,No Finding,0,811,052Y,M,PA,2500,2048,0.171,0.171,,52,0.52,1,1
00000813_000.png,No Finding,0,813,027Y,F,PA,1717,2021,0.194311,0.194311,,27,0.27,0,1
00000813_001.png,No Finding,1,813,017Y,F,PA,2048,2500,0.168,0.168,,17,0.17,0,1
00000814_000.png,No Finding,0,814,066Y,F,PA,2992,2991,0.143,0.143,,66,0.66,0,1
00000814_001.png,Cardiomegaly,1,814,066Y,F,PA,2374,2597,0.143,0.143,,66,0.66,0,1
00000814_002.png,Effusion,2,814,066Y,F,PA,2992,2991,0.143,0.143,,66,0.66,0,1
00000814_003.png,No Finding,3,814,066Y,F,PA,2406,2777,0.143,0.143,,66,0.66,0,1
00000814_004.png,Effusion|Infiltration,4,814,066Y,F,PA,2742,2991,0.143,0.143,,66,0.66,0,1
00000814_005.png,Effusion,5,814,066Y,F,PA,2742,2873,0.143,0.143,,66,0.66,0,1
00000814_006.png,Atelectasis|Infiltration,6,814,066Y,F,PA,2992,2991,0.143,0.143,,66,0.66,0,1
00000814_007.png,No Finding,7,814,066Y,F,PA,2616,2847,0.143,0.143,,66,0.66,0,1
00000814_008.png,Effusion,8,814,067Y,F,PA,2048,2500,0.168,0.168,,67,0.67,0,1
00000815_000.png,No Finding,0,815,018Y,F,PA,2582,2273,0.143,0.143,,18,0.18,0,1
00000815_001.png,No Finding,1,815,020Y,F,AP,2500,2048,0.168,0.168,,20,0.2,0,0
00000815_002.png,No Finding,2,815,021Y,F,PA,2726,2677,0.143,0.143,,21,0.21,0,1
00000816_000.png,Atelectasis,0,816,062Y,M,PA,2500,2048,0.171,0.171,,62,0.62,1,1
00000816_001.png,Atelectasis,1,816,062Y,M,AP,2500,2048,0.171,0.171,,62,0.62,1,0
00000817_000.png,No Finding,0,817,022Y,M,PA,2500,2048,0.168,0.168,,22,0.22,1,1
00000817_001.png,No Finding,1,817,024Y,M,PA,2750,2545,0.143,0.143,,24,0.24,1,1
00000818_000.png,No Finding,0,818,035Y,F,PA,2048,2500,0.171,0.171,,35,0.35,0,1
00000819_000.png,No Finding,0,819,034Y,F,PA,2890,2649,0.143,0.143,,34,0.34,0,1
00000820_000.png,Consolidation|Infiltration|Nodule,0,820,042Y,M,AP,2500,2048,0.171,0.171,,42,0.42,1,0
00000820_001.png,Consolidation|Infiltration|Nodule,1,820,042Y,M,AP,2500,2048,0.171,0.171,,42,0.42,1,0
00000820_002.png,Infiltration,2,820,042Y,M,AP,2500,2048,0.171,0.171,,42,0.42,1,0
00000820_003.png,Infiltration,3,820,042Y,M,AP,2500,2048,0.171,0.171,,42,0.42,1,0
00000820_004.png,Infiltration,4,820,042Y,M,AP,2500,2048,0.171,0.171,,42,0.42,1,0
00000820_005.png,Infiltration,5,820,042Y,M,AP,2500,2048,0.171,0.171,,42,0.42,1,0
00000820_006.png,Infiltration|Nodule,6,820,042Y,M,AP,2500,2048,0.171,0.171,,42,0.42,1,0
00000820_007.png,Infiltration,7,820,042Y,M,AP,2500,2048,0.171,0.171,,42,0.42,1,0
00000820_008.png,No Finding,8,820,042Y,M,AP,2500,2048,0.171,0.171,,42,0.42,1,0
00000820_009.png,Nodule,9,820,042Y,M,AP,2500,2048,0.171,0.171,,42,0.42,1,0
00000820_010.png,Infiltration,10,820,042Y,M,AP,2500,2048,0.171,0.171,,42,0.42,1,0
00000820_011.png,Infiltration,11,820,042Y,M,AP,2500,2048,0.171,0.171,,42,0.42,1,0
00000820_012.png,Infiltration|Nodule,12,820,043Y,M,PA,2500,2048,0.171,0.171,,43,0.43,1,1
00000820_013.png,Fibrosis,13,820,046Y,M,AP,2500,2048,0.168,0.168,,46,0.46,1,0
00000820_014.png,No Finding,14,820,048Y,M,AP,2500,2048,0.168,0.168,,48,0.48,1,0
00000820_015.png,Infiltration,15,820,048Y,M,AP,2500,2048,0.168,0.168,,48,0.48,1,0
00000820_016.png,Infiltration,16,820,048Y,M,AP,2500,2048,0.168,0.168,,48,0.48,1,0
00000820_017.png,No Finding,17,820,048Y,M,AP,2500,2048,0.168,0.168,,48,0.48,1,0
00000820_018.png,No Finding,18,820,048Y,M,PA,2606,2991,0.143,0.143,,48,0.48,1,1
00000820_019.png,No Finding,19,820,049Y,M,AP,2500,2048,0.168,0.168,,49,0.49,1,0
00000820_020.png,No Finding,20,820,049Y,M,PA,2710,2991,0.143,0.143,,49,0.49,1,1
00000820_021.png,No Finding,21,820,050Y,M,AP,2500,2048,0.168,0.168,,50,0.5,1,0
00000820_022.png,No Finding,22,820,050Y,M,AP,2048,2500,0.168,0.168,,50,0.5,1,0
00000820_023.png,Pleural_Thickening,23,820,050Y,M,AP,2500,2048,0.168,0.168,,50,0.5,1,0
00000820_024.png,Effusion|Fibrosis,24,820,050Y,M,AP,2500,2048,0.168,0.168,,50,0.5,1,0
00000820_025.png,Fibrosis,25,820,050Y,M,AP,2500,2048,0.168,0.168,,50,0.5,1,0
00000820_026.png,No Finding,26,820,050Y,M,AP,2500,2048,0.168,0.168,,50,0.5,1,0
00000820_027.png,No Finding,27,820,049Y,M,PA,2992,2991,0.143,0.143,,49,0.49,1,1
00000820_028.png,Emphysema|Fibrosis,28,820,050Y,M,AP,2500,2048,0.168,0.168,,50,0.5,1,0
00000820_029.png,Emphysema|Infiltration,29,820,050Y,M,AP,2500,2048,0.168,0.168,,50,0.5,1,0
00000820_030.png,Emphysema,30,820,050Y,M,AP,2500,2048,0.168,0.168,,50,0.5,1,0
00000820_031.png,Effusion|Emphysema|Fibrosis|Mass|Nodule,31,820,050Y,M,AP,2500,2048,0.168,0.168,,50,0.5,1,0
00000823_000.png,Cardiomegaly|Effusion,0,823,022Y,F,PA,2992,2991,0.143,0.143,,22,0.22,0,1
00000823_001.png,Atelectasis|Effusion,1,823,023Y,F,PA,2986,2991,0.143,0.143,,23,0.23,0,1
00000823_002.png,Atelectasis,2,823,024Y,F,PA,2992,2991,0.143,0.143,,24,0.24,0,1
00000823_003.png,Atelectasis|Cardiomegaly|Effusion,3,823,024Y,F,PA,2992,2991,0.143,0.143,,24,0.24,0,1
00000823_004.png,No Finding,4,823,024Y,F,PA,2992,2991,0.143,0.143,,24,0.24,0,1
00000823_005.png,Cardiomegaly,5,823,024Y,F,PA,2992,2991,0.143,0.143,,24,0.24,0,1
00000824_000.png,No Finding,0,824,035Y,M,PA,2500,2048,0.168,0.168,,35,0.35,1,1
00000824_001.png,No Finding,1,824,036Y,M,PA,2500,2048,0.168,0.168,,36,0.36,1,1
00000825_000.png,Infiltration|Pleural_Thickening,0,825,082Y,F,PA,2048,2500,0.171,0.171,,82,0.82,0,1
00000825_001.png,No Finding,1,825,083Y,F,PA,2500,2048,0.171,0.171,,83,0.83,0,1
00000825_002.png,Fibrosis,2,825,084Y,F,PA,2500,2048,0.168,0.168,,84,0.84,0,1
00000825_003.png,Cardiomegaly,3,825,087Y,F,PA,2500,2048,0.168,0.168,,87,0.87,0,1
00000825_004.png,No Finding,4,825,088Y,F,PA,2500,2048,0.168,0.168,,88,0.88,0,1
00000826_000.png,No Finding,0,826,067Y,F,PA,2282,2991,0.143,0.143,,67,0.67,0,1
00000827_000.png,Infiltration,0,827,029Y,M,AP,2500,2048,0.168,0.168,,29,0.29,1,0
00000827_001.png,No Finding,1,827,028Y,M,PA,2666,2521,0.143,0.143,,28,0.28,1,1
00000827_002.png,No Finding,2,827,030Y,M,AP,2500,2048,0.168,0.168,,30,0.3,1,0
00000827_003.png,No Finding,3,827,030Y,M,AP,2500,2048,0.168,0.168,,30,0.3,1,0
00000827_004.png,Consolidation,4,827,031Y,M,AP,2500,2048,0.168,0.168,,31,0.31,1,0
00000827_005.png,Mass,5,827,031Y,M,PA,2992,2991,0.143,0.143,,31,0.31,1,1
00000827_006.png,No Finding,6,827,032Y,M,AP,2048,2500,0.168,0.168,,32,0.32,1,0
00000827_007.png,Atelectasis|Consolidation,7,827,032Y,M,AP,2500,2048,0.168,0.168,,32,0.32,1,0
00000827_008.png,Consolidation|Effusion,8,827,032Y,M,AP,2500,2048,0.168,0.168,,32,0.32,1,0
00000827_009.png,No Finding,9,827,032Y,M,AP,2500,2048,0.168,0.168,,32,0.32,1,0
00000827_010.png,No Finding,10,827,032Y,M,AP,2500,2048,0.168,0.168,,32,0.32,1,0
00000827_011.png,No Finding,11,827,032Y,M,AP,2500,2048,0.168,0.168,,32,0.32,1,0
00000827_012.png,Fibrosis|Hernia,12,827,031Y,M,PA,2992,2991,0.143,0.143,,31,0.31,1,1
00000827_013.png,No Finding,13,827,031Y,M,PA,2582,2991,0.143,0.143,,31,0.31,1,1
00000827_014.png,Atelectasis,14,827,031Y,M,PA,2686,2991,0.143,0.143,,31,0.31,1,1
00000827_015.png,No Finding,15,827,031Y,M,PA,2602,2697,0.143,0.143,,31,0.31,1,1
00000827_016.png,Atelectasis|Infiltration,16,827,032Y,M,PA,2048,2500,0.168,0.168,,32,0.32,1,1
00000827_017.png,Pneumothorax,17,827,031Y,M,PA,2746,2793,0.143,0.143,,31,0.31,1,1
00000827_018.png,Effusion|Pneumothorax,18,827,031Y,M,PA,2454,2991,0.143,0.143,,31,0.31,1,1
00000827_019.png,Atelectasis|Pneumothorax,19,827,031Y,M,PA,2630,2669,0.143,0.143,,31,0.31,1,1
00000827_020.png,Pneumothorax,20,827,031Y,M,PA,2626,2785,0.143,0.143,,31,0.31,1,1
00000827_021.png,Effusion|Pneumothorax,21,827,031Y,M,PA,2666,2991,0.143,0.143,,31,0.31,1,1
00000828_000.png,Atelectasis|Infiltration,0,828,077Y,F,PA,2558,2709,0.143,0.143,,77,0.77,0,1
00000830_000.png,Atelectasis|Infiltration,0,830,051Y,F,PA,2922,2991,0.143,0.143,,51,0.51,0,1
00000830_001.png,Atelectasis,1,830,051Y,F,PA,3056,2544,0.139,0.139,,51,0.51,0,1
00000830_002.png,No Finding,2,830,051Y,F,AP,3056,2544,0.139,0.139,,51,0.51,0,0
00000830_003.png,Atelectasis,3,830,052Y,F,PA,2021,2021,0.194311,0.194311,,52,0.52,0,1
00000830_004.png,No Finding,4,830,052Y,F,AP,3056,2544,0.139,0.139,,52,0.52,0,0
00000830_005.png,No Finding,5,830,053Y,F,PA,2021,2021,0.194311,0.194311,,53,0.53,0,1
00000830_006.png,No Finding,6,830,053Y,F,PA,2021,2021,0.194311,0.194311,,53,0.53,0,1
00000831_000.png,No Finding,0,831,017Y,M,AP,2048,2500,0.171,0.171,,17,0.17,1,0
00000831_001.png,Atelectasis|Emphysema|Infiltration|Pneumonia,1,831,018Y,M,AP,2500,2048,0.171,0.171,,18,0.18,1,0
00000831_002.png,No Finding,2,831,018Y,M,AP,2500,2048,0.171,0.171,,18,0.18,1,0
00000831_003.png,Pleural_Thickening,3,831,020Y,M,AP,2048,2500,0.168,0.168,,20,0.2,1,0
00000831_004.png,Infiltration,4,831,025Y,M,AP,2500,2048,0.168,0.168,,25,0.25,1,0
00000831_005.png,No Finding,5,831,025Y,M,AP,2500,2048,0.168,0.168,,25,0.25,1,0
00000831_006.png,Consolidation|Infiltration|Nodule,6,831,025Y,M,AP,2500,2048,0.168,0.168,,25,0.25,1,0
00000831_007.png,Consolidation,7,831,025Y,M,AP,2500,2048,0.168,0.168,,25,0.25,1,0
00000831_008.png,No Finding,8,831,025Y,M,AP,2500,2048,0.168,0.168,,25,0.25,1,0
00000831_009.png,No Finding,9,831,025Y,M,AP,2500,2048,0.168,0.168,,25,0.25,1,0
00000831_010.png,Consolidation|Mass|Nodule,10,831,025Y,M,AP,2500,2048,0.168,0.168,,25,0.25,1,0
00000831_011.png,Infiltration|Nodule,11,831,025Y,M,AP,2500,2048,0.168,0.168,,25,0.25,1,0
00000831_012.png,Consolidation|Infiltration|Nodule,12,831,025Y,M,AP,2500,2048,0.168,0.168,,25,0.25,1,0
00000832_000.png,Atelectasis,0,832,030Y,M,PA,2021,2021,0.194311,0.194311,,30,0.3,1,1
00000832_001.png,No Finding,1,832,019Y,M,AP,2500,2048,0.171,0.171,,19,0.19,1,0
00000832_002.png,No Finding,2,832,019Y,M,AP,2500,2048,0.171,0.171,,19,0.19,1,0
00000832_003.png,No Finding,3,832,019Y,M,PA,2048,2500,0.171,0.171,,19,0.19,1,1
00000832_004.png,Pneumothorax,4,832,019Y,M,AP,2500,2048,0.171,0.171,,19,0.19,1,0
00000832_005.png,Pneumothorax,5,832,019Y,M,PA,2048,2500,0.171,0.171,,19,0.19,1,1
00000832_006.png,No Finding,6,832,019Y,M,AP,2048,2500,0.171,0.171,,19,0.19,1,0
00000832_007.png,No Finding,7,832,019Y,M,PA,2048,2500,0.171,0.171,,19,0.19,1,1
00000832_008.png,No Finding,8,832,019Y,M,AP,2500,2048,0.171,0.171,,19,0.19,1,0
00000832_009.png,Infiltration,9,832,022Y,M,AP,2500,2048,0.168,0.168,,22,0.22,1,0
00000832_010.png,Consolidation,10,832,024Y,M,PA,2992,2991,0.143,0.143,,24,0.24,1,1
00000833_000.png,No Finding,0,833,040Y,M,PA,2992,2991,0.143,0.143,,40,0.4,1,1
00000833_001.png,No Finding,1,833,040Y,M,PA,2500,2048,0.168,0.168,,40,0.4,1,1
00000833_002.png,No Finding,2,833,042Y,M,PA,2992,2991,0.143,0.143,,42,0.42,1,1
00000834_000.png,No Finding,0,834,067Y,M,PA,2992,2991,0.143,0.143,,67,0.67,1,1
00000834_001.png,No Finding,1,834,071Y,M,PA,2021,2021,0.194311,0.194311,,71,0.71,1,1
00000835_000.png,No Finding,0,835,067Y,F,PA,2658,2801,0.143,0.143,,67,0.67,0,1
00000836_000.png,No Finding,0,836,046Y,F,PA,2834,2991,0.143,0.143,,46,0.46,0,1
00000838_000.png,No Finding,0,838,076Y,F,PA,2048,2500,0.168,0.168,,76,0.76,0,1
00000839_000.png,No Finding,0,839,079Y,M,PA,2590,2809,0.143,0.143,,79,0.79,1,1
00000840_000.png,No Finding,0,840,072Y,M,PA,2500,2048,0.168,0.168,,72,0.72,1,1
00000840_001.png,Nodule,1,840,077Y,M,PA,2918,2991,0.143,0.143,,77,0.77,1,1
00000841_000.png,No Finding,0,841,035Y,M,PA,2500,2048,0.168,0.168,,35,0.35,1,1
00000841_001.png,No Finding,1,841,035Y,M,PA,2500,2048,0.168,0.168,,35,0.35,1,1
00000842_000.png,No Finding,0,842,039Y,M,PA,2500,2048,0.168,0.168,,39,0.39,1,1
00000843_000.png,No Finding,0,843,032Y,M,PA,2500,2048,0.171,0.171,,32,0.32,1,1
00000845_000.png,Cardiomegaly,0,845,065Y,F,PA,2992,2991,0.143,0.143,,65,0.65,0,1
00000845_001.png,Cardiomegaly|Effusion,1,845,067Y,F,PA,2021,2021,0.194311,0.194311,,67,0.67,0,1
00000845_002.png,No Finding,2,845,059Y,F,PA,2992,2991,0.143,0.143,,59,0.59,0,1
00000845_003.png,No Finding,3,845,059Y,F,PA,2992,2991,0.143,0.143,,59,0.59,0,1
00000846_000.png,No Finding,0,846,046Y,F,PA,2048,2500,0.171,0.171,,46,0.46,0,1
00000847_000.png,No Finding,0,847,039Y,M,PA,2992,2991,0.143,0.143,,39,0.39,1,1
00000847_001.png,No Finding,1,847,042Y,M,PA,2500,2048,0.168,0.168,,42,0.42,1,1
00000847_002.png,Atelectasis,2,847,041Y,M,PA,2992,2991,0.143,0.143,,41,0.41,1,1
00000848_000.png,Effusion,0,848,048Y,M,PA,2500,2048,0.171,0.171,,48,0.48,1,1
00000849_000.png,Nodule,0,849,053Y,F,PA,2048,2500,0.168,0.168,,53,0.53,0,1
00000850_000.png,No Finding,0,850,056Y,M,PA,2021,2020,0.194311,0.194311,,56,0.56,1,1
00000851_000.png,No Finding,0,851,061Y,M,PA,2500,2048,0.171,0.171,,61,0.61,1,1
00000852_000.png,Atelectasis|Cardiomegaly,0,852,061Y,M,PA,2500,2048,0.171,0.171,,61,0.61,1,1
00000854_000.png,No Finding,0,854,056Y,M,PA,2500,2048,0.168,0.168,,56,0.56,1,1
00000855_000.png,No Finding,0,855,037Y,M,PA,2500,2048,0.168,0.168,,37,0.37,1,1
00000856_000.png,Effusion,0,856,066Y,M,AP,2048,2500,0.171,0.171,,66,0.66,1,0
00000857_000.png,No Finding,0,857,036Y,M,PA,2990,2991,0.143,0.143,,36,0.36,1,1
00000857_001.png,No Finding,1,857,036Y,M,AP,2500,2048,0.168,0.168,,36,0.36,1,0
00000857_002.png,No Finding,2,857,040Y,M,PA,2992,2991,0.143,0.143,,40,0.4,1,1
00000857_003.png,No Finding,3,857,041Y,M,PA,2992,2991,0.143,0.143,,41,0.41,1,1
00000857_004.png,Infiltration,4,857,041Y,M,AP,2048,2500,0.168,0.168,,41,0.41,1,0
00000857_005.png,Infiltration,5,857,041Y,M,AP,2500,2048,0.168,0.168,,41,0.41,1,0
00000857_006.png,Infiltration,6,857,041Y,M,AP,2500,2048,0.168,0.168,,41,0.41,1,0
00000857_007.png,No Finding,7,857,041Y,M,AP,2500,2048,0.168,0.168,,41,0.41,1,0
00000857_008.png,No Finding,8,857,042Y,M,PA,2874,2801,0.143,0.143,,42,0.42,1,1
00000857_009.png,No Finding,9,857,042Y,M,AP,3056,2544,0.139,0.139,,42,0.42,1,0
00000858_000.png,No Finding,0,858,034Y,F,PA,2048,2500,0.171,0.171,,34,0.34,0,1
00000859_000.png,No Finding,0,859,046Y,F,AP,2500,2048,0.168,0.168,,46,0.46,0,0
00000859_001.png,Atelectasis|Emphysema,1,859,046Y,F,PA,2500,2048,0.168,0.168,,46,0.46,0,1
00000859_002.png,Pneumothorax,2,859,046Y,F,PA,2048,2500,0.168,0.168,,46,0.46,0,1
00000860_000.png,No Finding,0,860,053Y,M,PA,2500,2048,0.171,0.171,,53,0.53,1,1
00000860_001.png,No Finding,1,860,058Y,M,PA,2500,2048,0.168,0.168,,58,0.58,1,1
00000860_002.png,No Finding,2,860,059Y,M,PA,2992,2991,0.143,0.143,,59,0.59,1,1
00000861_000.png,No Finding,0,861,062Y,F,PA,2510,2573,0.143,0.143,,62,0.62,0,1
00000861_001.png,Atelectasis|Infiltration,1,861,062Y,F,AP,3056,2544,0.139,0.139,,62,0.62,0,0
00000861_002.png,Atelectasis|Consolidation|Effusion,2,861,062Y,F,PA,2992,2977,0.143,0.143,,62,0.62,0,1
00000861_003.png,No Finding,3,861,056Y,F,PA,2992,2991,0.143,0.143,,56,0.56,0,1
00000861_004.png,No Finding,4,861,056Y,F,PA,2992,2991,0.143,0.143,,56,0.56,0,1
00000862_000.png,No Finding,0,862,043Y,M,PA,2992,2529,0.143,0.143,,43,0.43,1,1
00000863_000.png,No Finding,0,863,086Y,F,PA,2500,2048,0.168,0.168,,86,0.86,0,1
00000864_000.png,Cardiomegaly,0,864,071Y,M,PA,2500,2048,0.171,0.171,,71,0.71,1,1
00000865_000.png,Pneumothorax,0,865,050Y,M,AP,3056,2544,0.139,0.139,,50,0.5,1,0
00000865_001.png,Pneumothorax,1,865,050Y,M,AP,3056,2544,0.139,0.139,,50,0.5,1,0
00000865_002.png,Infiltration,2,865,050Y,M,PA,3056,2544,0.139,0.139,,50,0.5,1,1
00000865_003.png,Atelectasis,3,865,040Y,M,PA,2500,2048,0.171,0.171,,40,0.4,1,1
00000865_004.png,No Finding,4,865,041Y,M,PA,2500,2048,0.168,0.168,,41,0.41,1,1
00000865_005.png,No Finding,5,865,042Y,M,PA,2992,2991,0.143,0.143,,42,0.42,1,1
00000865_006.png,Atelectasis,6,865,043Y,M,PA,2992,2991,0.143,0.143,,43,0.43,1,1
00000865_007.png,Atelectasis|Consolidation,7,865,044Y,M,PA,2992,2991,0.143,0.143,,44,0.44,1,1
00000865_008.png,No Finding,8,865,045Y,M,PA,2992,2991,0.143,0.143,,45,0.45,1,1
00000865_009.png,Atelectasis,9,865,046Y,M,PA,2500,2048,0.168,0.168,,46,0.46,1,1
00000865_010.png,No Finding,10,865,047Y,M,PA,2992,2991,0.143,0.143,,47,0.47,1,1
00000865_011.png,Atelectasis,11,865,048Y,M,PA,2992,2991,0.143,0.143,,48,0.48,1,1
00000866_000.png,No Finding,0,866,052Y,M,PA,2500,2048,0.171,0.171,,52,0.52,1,1
00000868_000.png,No Finding,0,868,028Y,F,PA,2500,2048,0.171,0.171,,28,0.28,0,1
00000869_000.png,No Finding,0,869,075Y,F,PA,2544,3056,0.139,0.139,,75,0.75,0,1
00000869_001.png,No Finding,1,869,075Y,F,PA,2992,2991,0.143,0.143,,75,0.75,0,1
00000869_002.png,Atelectasis|Infiltration,2,869,075Y,F,AP,3056,2544,0.139,0.139,,75,0.75,0,0
00000869_003.png,Atelectasis|Consolidation,3,869,075Y,F,PA,2992,2991,0.143,0.143,,75,0.75,0,1
00000869_004.png,No Finding,4,869,075Y,F,PA,2992,2991,0.143,0.143,,75,0.75,0,1
00000869_005.png,No Finding,5,869,076Y,F,PA,2992,2991,0.143,0.143,,76,0.76,0,1
00000869_006.png,No Finding,6,869,068Y,F,PA,2990,2991,0.143,0.143,,68,0.68,0,1
00000869_007.png,Atelectasis|Infiltration,7,869,069Y,F,AP,2500,2048,0.168,0.168,,69,0.69,0,0
00000869_008.png,Atelectasis|Effusion,8,869,069Y,F,PA,2500,2048,0.168,0.168,,69,0.69,0,1
00000869_009.png,No Finding,9,869,070Y,F,PA,2814,2991,0.143,0.143,,70,0.7,0,1
00000870_000.png,No Finding,0,870,075Y,M,PA,2992,2991,0.143,0.143,,75,0.75,1,1
00000870_001.png,Effusion|Nodule,1,870,076Y,M,PA,2021,2021,0.194314,0.194314,,76,0.76,1,1
00000870_002.png,No Finding,2,870,077Y,M,PA,2021,2021,0.194311,0.194311,,77,0.77,1,1
00000870_003.png,No Finding,3,870,076Y,M,AP,3056,2544,0.139,0.139,,76,0.76,1,0
00000870_004.png,Effusion,4,870,076Y,M,AP,3056,2544,0.139,0.139,,76,0.76,1,0
00000870_005.png,No Finding,5,870,076Y,M,AP,3056,2544,0.139,0.139,,76,0.76,1,0
00000870_006.png,No Finding,6,870,076Y,M,AP,3056,2544,0.139,0.139,,76,0.76,1,0
00000870_007.png,No Finding,7,870,076Y,M,AP,3056,2544,0.139,0.139,,76,0.76,1,0
00000870_008.png,No Finding,8,870,076Y,M,AP,3056,2544,0.139,0.139,,76,0.76,1,0
00000870_009.png,No Finding,9,870,068Y,M,PA,2992,2991,0.143,0.143,,68,0.68,1,1
00000870_010.png,No Finding,10,870,069Y,M,AP,2500,2048,0.168,0.168,,69,0.69,1,0
00000870_011.png,Atelectasis|Edema|Pleural_Thickening,11,870,069Y,M,AP,2500,2048,0.168,0.168,,69,0.69,1,0
00000870_012.png,Effusion,12,870,069Y,M,AP,2500,2048,0.168,0.168,,69,0.69,1,0
00000870_013.png,Atelectasis,13,870,072Y,M,PA,2992,2991,0.143,0.143,,72,0.72,1,1
00000871_000.png,No Finding,0,871,017Y,M,PA,2500,2048,0.168,0.168,,17,0.17,1,1
00000872_000.png,No Finding,0,872,033Y,F,PA,2048,2500,0.171,0.171,,33,0.33,0,1
00000872_001.png,No Finding,1,872,035Y,F,PA,2048,2500,0.168,0.168,,35,0.35,0,1
00000872_002.png,No Finding,2,872,036Y,F,PA,2048,2500,0.168,0.168,,36,0.36,0,1
00000872_003.png,No Finding,3,872,037Y,F,PA,2658,2693,0.143,0.143,,37,0.37,0,1
00000872_004.png,No Finding,4,872,039Y,F,PA,2318,2662,0.143,0.143,,39,0.39,0,1
00000872_005.png,No Finding,5,872,040Y,F,PA,2434,2991,0.143,0.143,,40,0.4,0,1
00000872_006.png,Infiltration,6,872,041Y,F,PA,2626,2801,0.143,0.143,,41,0.41,0,1
00000872_007.png,Infiltration,7,872,041Y,F,PA,2554,2991,0.143,0.143,,41,0.41,0,1
00000875_000.png,Infiltration|Nodule,0,875,073Y,F,PA,2544,3056,0.139,0.139,,73,0.73,0,1
00000877_000.png,Atelectasis|Consolidation,0,877,040Y,M,PA,2544,3056,0.139,0.139,,40,0.4,1,1
00000877_001.png,No Finding,1,877,035Y,M,PA,2914,2991,0.143,0.143,,35,0.35,1,1
00000877_002.png,No Finding,2,877,035Y,M,AP,2500,2048,0.168,0.168,,35,0.35,1,0
00000877_003.png,Atelectasis|Infiltration,3,877,035Y,M,AP,2500,2048,0.168,0.168,,35,0.35,1,0
00000877_004.png,Atelectasis|Infiltration,4,877,035Y,M,AP,2500,2048,0.168,0.168,,35,0.35,1,0
00000877_005.png,Atelectasis|Consolidation,5,877,035Y,M,AP,2500,2048,0.168,0.168,,35,0.35,1,0
00000877_006.png,Consolidation,6,877,036Y,M,PA,2992,2991,0.143,0.143,,36,0.36,1,1
00000877_007.png,No Finding,7,877,038Y,M,PA,2992,2991,0.143,0.143,,38,0.38,1,1
00000877_008.png,Atelectasis|Edema,8,877,039Y,M,AP,2500,2048,0.168,0.168,,39,0.39,1,0
00000877_009.png,Atelectasis,9,877,039Y,M,AP,2500,2048,0.168,0.168,,39,0.39,1,0
00000877_010.png,No Finding,10,877,039Y,M,AP,2048,2500,0.168,0.168,,39,0.39,1,0
00000877_011.png,No Finding,11,877,039Y,M,AP,2500,2048,0.168,0.168,,39,0.39,1,0
00000877_012.png,No Finding,12,877,039Y,M,AP,2500,2048,0.168,0.168,,39,0.39,1,0
00000877_013.png,No Finding,13,877,039Y,M,AP,2500,2048,0.168,0.168,,39,0.39,1,0
00000877_014.png,Infiltration,14,877,039Y,M,AP,2500,2048,0.168,0.168,,39,0.39,1,0
00000877_015.png,No Finding,15,877,039Y,M,AP,2500,2048,0.168,0.168,,39,0.39,1,0
00000877_016.png,No Finding,16,877,039Y,M,AP,2500,2048,0.168,0.168,,39,0.39,1,0
00000877_017.png,No Finding,17,877,039Y,M,AP,2500,2048,0.168,0.168,,39,0.39,1,0
00000877_018.png,Infiltration,18,877,039Y,M,AP,2500,2048,0.168,0.168,,39,0.39,1,0
00000877_019.png,No Finding,19,877,039Y,M,AP,2500,2048,0.168,0.168,,39,0.39,1,0
00000877_020.png,No Finding,20,877,039Y,M,AP,2500,2048,0.168,0.168,,39,0.39,1,0
00000877_021.png,No Finding,21,877,039Y,M,AP,2500,2048,0.168,0.168,,39,0.39,1,0
00000877_022.png,No Finding,22,877,039Y,M,AP,2500,2048,0.168,0.168,,39,0.39,1,0
00000877_023.png,No Finding,23,877,039Y,M,AP,2500,2048,0.168,0.168,,39,0.39,1,0
00000877_024.png,No Finding,24,877,039Y,M,AP,2500,2048,0.168,0.168,,39,0.39,1,0
00000877_025.png,Atelectasis,25,877,039Y,M,AP,2500,2048,0.168,0.168,,39,0.39,1,0
00000877_026.png,No Finding,26,877,039Y,M,AP,2500,2048,0.168,0.168,,39,0.39,1,0
00000877_027.png,No Finding,27,877,039Y,M,AP,2500,2048,0.168,0.168,,39,0.39,1,0
00000877_028.png,Consolidation|Infiltration,28,877,039Y,M,AP,2500,2048,0.168,0.168,,39,0.39,1,0
00000877_029.png,No Finding,29,877,039Y,M,AP,2500,2048,0.168,0.168,,39,0.39,1,0
00000877_030.png,Edema|Effusion|Infiltration|Pneumonia,30,877,039Y,M,AP,2500,2048,0.168,0.168,,39,0.39,1,0
00000877_031.png,Consolidation,31,877,039Y,M,AP,2500,2048,0.168,0.168,,39,0.39,1,0
00000877_032.png,No Finding,32,877,039Y,M,AP,2500,2048,0.168,0.168,,39,0.39,1,0
00000877_033.png,No Finding,33,877,038Y,M,PA,3056,2516,0.139,0.139,,38,0.38,1,1
00000877_034.png,No Finding,34,877,040Y,M,PA,2870,2991,0.143,0.143,,40,0.4,1,1
00000877_035.png,Atelectasis|Edema,35,877,040Y,M,AP,3056,2544,0.139,0.139,,40,0.4,1,0
00000877_036.png,Atelectasis,36,877,040Y,M,AP,3056,2544,0.139,0.139,,40,0.4,1,0
00000877_037.png,Atelectasis|Infiltration,37,877,040Y,M,AP,3056,2544,0.139,0.139,,40,0.4,1,0
00000878_000.png,No Finding,0,878,061Y,M,PA,2992,2991,0.143,0.143,,61,0.61,1,1
00000880_000.png,No Finding,0,880,047Y,F,PA,2582,2991,0.143,0.143,,47,0.47,0,1
00000882_000.png,Emphysema,0,882,060Y,F,PA,2614,2501,0.143,0.143,,60,0.6,0,1
00000882_001.png,Nodule|Pleural_Thickening,1,882,060Y,F,AP,3056,2544,0.139,0.139,,60,0.6,0,0
00000882_002.png,Atelectasis|Effusion|Infiltration,2,882,060Y,F,AP,3056,2544,0.139,0.139,,60,0.6,0,0
00000882_003.png,Atelectasis|Consolidation,3,882,060Y,F,PA,2992,2991,0.143,0.143,,60,0.6,0,1
00000882_004.png,No Finding,4,882,061Y,F,PA,2586,2991,0.143,0.143,,61,0.61,0,1
00000882_005.png,No Finding,5,882,052Y,F,AP,2500,2048,0.171,0.171,,52,0.52,0,0
00000882_006.png,No Finding,6,882,058Y,F,PA,2810,2991,0.143,0.143,,58,0.58,0,1
00000882_007.png,No Finding,7,882,059Y,F,PA,2426,2991,0.143,0.143,,59,0.59,0,1
00000883_000.png,Infiltration,0,883,067Y,F,PA,2544,3056,0.139,0.139,,67,0.67,0,1
00000884_000.png,No Finding,0,884,035Y,F,PA,2620,2565,0.143,0.143,,35,0.35,0,1
00000885_000.png,No Finding,0,885,020Y,M,PA,2500,2048,0.168,0.168,,20,0.2,1,1
00000885_001.png,Infiltration,1,885,025Y,M,PA,2992,2991,0.143,0.143,,25,0.25,1,1
00000886_000.png,Pleural_Thickening,0,886,073Y,F,PA,2558,2729,0.143,0.143,,73,0.73,0,1
00000887_000.png,No Finding,0,887,064Y,M,PA,2992,2991,0.143,0.143,,64,0.64,1,1
00000887_001.png,Infiltration|Nodule,1,887,065Y,M,PA,2992,2991,0.143,0.143,,65,0.65,1,1
00000887_002.png,Nodule|Pleural_Thickening,2,887,065Y,M,AP,3056,2544,0.139,0.139,,65,0.65,1,0
00000887_003.png,No Finding,3,887,068Y,M,PA,2021,2021,0.194311,0.194311,,68,0.68,1,1
00000888_000.png,No Finding,0,888,038Y,F,AP,2500,2048,0.171,0.171,,38,0.38,0,0
00000888_001.png,No Finding,1,888,038Y,F,AP,2500,2048,0.171,0.171,,38,0.38,0,0
00000889_000.png,Nodule,0,889,050Y,F,PA,2590,2693,0.143,0.143,,50,0.5,0,1
00000890_000.png,No Finding,0,890,030Y,M,AP,2544,3056,0.139,0.139,,30,0.3,1,0
00000890_001.png,No Finding,1,890,030Y,M,AP,3008,2544,0.139,0.139,,30,0.3,1,0
00000890_002.png,Infiltration|Mass|Nodule,2,890,030Y,M,AP,3056,2544,0.139,0.139,,30,0.3,1,0
00000892_000.png,Infiltration,0,892,045Y,M,PA,2992,2991,0.143,0.143,,45,0.45,1,1
00000892_001.png,No Finding,1,892,045Y,M,AP,3056,2544,0.139,0.139,,45,0.45,1,0
00000892_002.png,No Finding,2,892,045Y,M,AP,3056,2544,0.139,0.139,,45,0.45,1,0
00000893_000.png,Pneumonia,0,893,043Y,F,PA,2544,3056,0.139,0.139,,43,0.43,0,1
00000894_000.png,No Finding,0,894,060Y,M,PA,2992,2991,0.143,0.143,,60,0.6,1,1
00000894_001.png,Pleural_Thickening,1,894,062Y,M,PA,2021,2021,0.194311,0.194311,,62,0.62,1,1
00000894_002.png,No Finding,2,894,050Y,M,PA,2048,2500,0.168,0.168,,50,0.5,1,1
00000894_003.png,Pleural_Thickening,3,894,056Y,M,PA,2992,2991,0.143,0.143,,56,0.56,1,1
00000894_004.png,Pleural_Thickening,4,894,058Y,M,PA,2820,2762,0.143,0.143,,58,0.58,1,1
00000895_000.png,Infiltration,0,895,047Y,F,PA,2766,2681,0.143,0.143,,47,0.47,0,1
00000898_000.png,No Finding,0,898,044Y,F,PA,2992,2991,0.143,0.143,,44,0.44,0,1
00000898_001.png,No Finding,1,898,035Y,F,PA,2500,2048,0.168,0.168,,35,0.35,0,1
00000899_000.png,No Finding,0,899,062Y,M,PA,2992,2991,0.143,0.143,,62,0.62,1,1
00000900_000.png,No Finding,0,900,059Y,M,PA,2500,2048,0.171,0.171,,59,0.59,1,1
00000900_001.png,Emphysema,1,900,061Y,M,PA,2500,2048,0.171,0.171,,61,0.61,1,1
00000902_000.png,Infiltration,0,902,061Y,M,PA,2992,2991,0.143,0.143,,61,0.61,1,1
00000902_001.png,Atelectasis|Infiltration,1,902,061Y,M,AP,3056,2544,0.139,0.139,,61,0.61,1,0
00000902_002.png,No Finding,2,902,061Y,M,AP,3056,2544,0.139,0.139,,61,0.61,1,0
00000902_003.png,Atelectasis|Infiltration,3,902,054Y,M,PA,2500,2048,0.168,0.168,,54,0.54,1,1
00000902_004.png,Nodule,4,902,055Y,M,PA,2992,2991,0.143,0.143,,55,0.55,1,1
00000903_000.png,No Finding,0,903,055Y,M,PA,2992,2991,0.143,0.143,,55,0.55,1,1
00000904_000.png,No Finding,0,904,036Y,M,PA,2500,2048,0.171,0.171,,36,0.36,1,1
00000905_000.png,No Finding,0,905,054Y,M,PA,2500,2048,0.168,0.168,,54,0.54,1,1
00000907_000.png,Mass|Pleural_Thickening,0,907,061Y,F,PA,2658,2613,0.143,0.143,,61,0.61,0,1
00000907_001.png,No Finding,1,907,062Y,F,PA,2992,2991,0.143,0.143,,62,0.62,0,1
00000907_002.png,Pleural_Thickening,2,907,065Y,F,PA,2992,2991,0.143,0.143,,65,0.65,0,1
00000908_000.png,Infiltration,0,908,050Y,F,PA,2048,2500,0.171,0.171,,50,0.5,0,1
00000908_001.png,No Finding,1,908,053Y,F,PA,2992,2991,0.143,0.143,,53,0.53,0,1
00000909_000.png,No Finding,0,909,032Y,F,PA,2698,2991,0.143,0.143,,32,0.32,0,1
00000909_001.png,No Finding,1,909,032Y,F,PA,2992,2991,0.143,0.143,,32,0.32,0,1
00000909_002.png,No Finding,2,909,033Y,F,AP,2500,2048,0.168,0.168,,33,0.33,0,0
00000910_000.png,No Finding,0,910,056Y,F,PA,2992,2991,0.143,0.143,,56,0.56,0,1
00000910_001.png,Atelectasis|Pneumonia,1,910,056Y,F,PA,2992,2991,0.143,0.143,,56,0.56,0,1
00000911_000.png,No Finding,0,911,014Y,M,PA,2048,2500,0.171,0.171,,14,0.14,1,1
00000911_001.png,No Finding,1,911,016Y,M,PA,2048,2500,0.168,0.168,,16,0.16,1,1
00000911_002.png,No Finding,2,911,016Y,M,AP,2048,2500,0.168,0.168,,16,0.16,1,0
00000911_003.png,No Finding,3,911,016Y,M,PA,2048,2500,0.168,0.168,,16,0.16,1,1
00000914_000.png,No Finding,0,914,064Y,M,PA,2500,2048,0.171,0.171,,64,0.64,1,1
00000914_001.png,No Finding,1,914,065Y,M,PA,2500,2048,0.168,0.168,,65,0.65,1,1
00000914_002.png,No Finding,2,914,066Y,M,PA,2500,2048,0.168,0.168,,66,0.66,1,1
00000914_003.png,No Finding,3,914,066Y,M,PA,2500,2048,0.168,0.168,,66,0.66,1,1
00000914_004.png,No Finding,4,914,068Y,M,PA,2500,2048,0.168,0.168,,68,0.68,1,1
00000914_005.png,No Finding,5,914,069Y,M,PA,2992,2991,0.143,0.143,,69,0.69,1,1
00000915_000.png,Infiltration,0,915,022Y,F,PA,2048,2500,0.171,0.171,,22,0.22,0,1
00000915_001.png,Infiltration,1,915,022Y,F,AP,2048,2500,0.171,0.171,,22,0.22,0,0
00000915_002.png,Consolidation|Infiltration|Mass,2,915,022Y,F,AP,2500,2048,0.171,0.171,,22,0.22,0,0
00000915_003.png,Infiltration,3,915,022Y,F,AP,2500,2048,0.171,0.171,,22,0.22,0,0
00000915_004.png,Infiltration,4,915,022Y,F,AP,2500,2048,0.171,0.171,,22,0.22,0,0
00000915_005.png,Infiltration|Pneumonia,5,915,022Y,F,PA,2048,2500,0.171,0.171,,22,0.22,0,1
00000915_006.png,No Finding,6,915,023Y,F,AP,2048,2500,0.168,0.168,,23,0.23,0,0
00000916_000.png,No Finding,0,916,014Y,F,PA,2048,2500,0.171,0.171,,14,0.14,0,1
00000917_000.png,No Finding,0,917,016Y,M,PA,2048,2500,0.171,0.171,,16,0.16,1,1
00000918_000.png,No Finding,0,918,047Y,M,PA,2500,2048,0.171,0.171,,47,0.47,1,1
00000919_000.png,No Finding,0,919,019Y,M,PA,2500,2048,0.168,0.168,,19,0.19,1,1
00000920_000.png,Atelectasis|Consolidation|Pneumothorax,0,920,044Y,M,AP,3056,2544,0.139,0.139,,44,0.44,1,0
00000920_001.png,Consolidation|Effusion|Mass,1,920,044Y,M,PA,2021,2021,0.194311,0.194311,,44,0.44,1,1
00000921_000.png,No Finding,0,921,053Y,M,PA,2021,2021,0.194311,0.194311,,53,0.53,1,1
00000922_000.png,No Finding,0,922,020Y,M,PA,2048,2500,0.168,0.168,,20,0.2,1,1
00000922_001.png,No Finding,1,922,020Y,M,PA,2048,2500,0.168,0.168,,20,0.2,1,1
00000923_000.png,No Finding,0,923,063Y,M,PA,2048,2500,0.171,0.171,,63,0.63,1,1
00000924_000.png,Fibrosis,0,924,047Y,F,PA,2048,2500,0.168,0.168,,47,0.47,0,1
00000925_000.png,No Finding,0,925,049Y,F,PA,2048,2500,0.171,0.171,,49,0.49,0,1
00000926_000.png,No Finding,0,926,023Y,F,PA,2048,2500,0.171,0.171,,23,0.23,0,1
00000926_001.png,No Finding,1,926,025Y,F,AP,2048,2500,0.168,0.168,,25,0.25,0,0
00000926_002.png,No Finding,2,926,026Y,F,PA,2048,2500,0.168,0.168,,26,0.26,0,1
00000927_000.png,No Finding,0,927,053Y,M,PA,2500,2048,0.168,0.168,,53,0.53,1,1
00000927_001.png,No Finding,1,927,054Y,M,PA,2500,2048,0.168,0.168,,54,0.54,1,1
00000927_002.png,No Finding,2,927,054Y,M,PA,2618,2497,0.143,0.143,,54,0.54,1,1
00000927_003.png,No Finding,3,927,055Y,M,AP,2500,2048,0.168,0.168,,55,0.55,1,0
00000927_004.png,Effusion,4,927,054Y,M,PA,2992,2991,0.143,0.143,,54,0.54,1,1
00000930_000.png,Consolidation,0,930,048Y,F,PA,2048,2500,0.171,0.171,,48,0.48,0,1
00000930_001.png,No Finding,1,930,049Y,F,PA,2500,2048,0.171,0.171,,49,0.49,0,1
00000930_002.png,No Finding,2,930,051Y,F,PA,2318,2665,0.143,0.143,,51,0.51,0,1
00000930_003.png,Infiltration,3,930,055Y,F,PA,2048,2500,0.168,0.168,,55,0.55,0,1
00000931_000.png,No Finding,0,931,060Y,F,PA,2936,2937,0.143,0.143,,60,0.6,0,1
00000932_000.png,Cardiomegaly|Effusion,0,932,045Y,F,PA,2048,2500,0.171,0.171,,45,0.45,0,1
00000933_000.png,No Finding,0,933,052Y,M,PA,2500,2048,0.171,0.171,,52,0.52,1,1
00000934_000.png,Atelectasis,0,934,040Y,F,PA,2048,2500,0.171,0.171,,40,0.4,0,1
00000935_000.png,No Finding,0,935,017Y,M,AP,2048,2500,0.168,0.168,,17,0.17,1,0
00000935_001.png,No Finding,1,935,018Y,M,PA,2992,2581,0.143,0.143,,18,0.18,1,1
00000936_000.png,No Finding,0,936,061Y,M,PA,2886,2781,0.143,0.143,,61,0.61,1,1
00000938_000.png,No Finding,0,938,052Y,F,PA,2048,2500,0.168,0.168,,52,0.52,0,1
00000938_001.png,Fibrosis,1,938,058Y,F,PA,2314,2991,0.143,0.143,,58,0.58,0,1
00000938_002.png,Edema,2,938,058Y,F,AP,3048,2544,0.139,0.139,,58,0.58,0,0
00000938_003.png,Consolidation|Effusion|Infiltration,3,938,058Y,F,AP,3056,2544,0.139,0.139,,58,0.58,0,0
00000938_004.png,Atelectasis|Effusion|Infiltration,4,938,058Y,F,AP,3056,2544,0.139,0.139,,58,0.58,0,0
00000938_005.png,Atelectasis|Effusion|Infiltration,5,938,058Y,F,AP,3056,2544,0.139,0.139,,58,0.58,0,0
00000938_006.png,Atelectasis|Effusion|Infiltration,6,938,058Y,F,PA,2528,3048,0.139,0.139,,58,0.58,0,1
00000939_000.png,No Finding,0,939,044Y,F,PA,2500,2048,0.171,0.171,,44,0.44,0,1
00000940_000.png,No Finding,0,940,047Y,M,PA,2500,2048,0.171,0.171,,47,0.47,1,1
00000941_000.png,No Finding,0,941,044Y,M,PA,2048,2500,0.168,0.168,,44,0.44,1,1
00000942_000.png,Hernia|Mass,0,942,048Y,F,PA,2048,2500,0.171,0.171,,48,0.48,0,1
00000942_001.png,Hernia,1,942,049Y,F,PA,2048,2500,0.171,0.171,,49,0.49,0,1
00000942_002.png,Hernia,2,942,054Y,F,PA,2992,2991,0.143,0.143,,54,0.54,0,1
00000943_000.png,No Finding,0,943,050Y,M,AP,2500,2048,0.171,0.171,,50,0.5,1,0
00000945_000.png,Fibrosis,0,945,080Y,M,PA,2500,2048,0.168,0.168,,80,0.8,1,1
00000946_000.png,No Finding,0,946,045Y,M,PA,2500,2048,0.168,0.168,,45,0.45,1,1
00000947_000.png,No Finding,0,947,014Y,M,PA,2048,2500,0.171,0.171,,14,0.14,1,1
00000947_001.png,No Finding,1,947,015Y,M,PA,2048,2500,0.171,0.171,,15,0.15,1,1
00000947_002.png,No Finding,2,947,016Y,M,PA,2048,2500,0.168,0.168,,16,0.16,1,1
00000947_003.png,No Finding,3,947,016Y,M,PA,2500,2048,0.168,0.168,,16,0.16,1,1
00000947_004.png,Infiltration,4,947,023Y,M,PA,2546,2991,0.143,0.143,,23,0.23,1,1
00000948_000.png,Cardiomegaly,0,948,072Y,M,PA,2500,2048,0.168,0.168,,72,0.72,1,1
00000949_000.png,No Finding,0,949,060Y,M,AP,2500,2048,0.168,0.168,,60,0.6,1,0
00000949_001.png,No Finding,1,949,060Y,M,AP,2500,2048,0.171,0.171,,60,0.6,1,0
00000949_002.png,No Finding,2,949,060Y,M,AP,2500,2048,0.171,0.171,,60,0.6,1,0
00000949_003.png,No Finding,3,949,060Y,M,PA,2500,2048,0.168,0.168,,60,0.6,1,1
00000949_004.png,Nodule,4,949,061Y,M,PA,2718,2991,0.143,0.143,,61,0.61,1,1
00000949_005.png,Effusion|Infiltration|Mass,5,949,062Y,M,PA,2992,2991,0.143,0.143,,62,0.62,1,1
00000949_006.png,No Finding,6,949,062Y,M,PA,2992,2991,0.143,0.143,,62,0.62,1,1
00000949_007.png,No Finding,7,949,062Y,M,AP,2500,2048,0.168,0.168,,62,0.62,1,0
00000949_008.png,No Finding,8,949,062Y,M,PA,2500,2048,0.168,0.168,,62,0.62,1,1
00000949_009.png,No Finding,9,949,062Y,M,PA,2992,2991,0.143,0.143,,62,0.62,1,1
00000950_000.png,No Finding,0,950,040Y,F,AP,2500,2048,0.168,0.168,,40,0.4,0,0
00000951_000.png,No Finding,0,951,042Y,M,PA,2500,2048,0.168,0.168,,42,0.42,1,1
00000952_000.png,No Finding,0,952,051Y,F,PA,2500,2048,0.171,0.171,,51,0.51,0,1
00000953_000.png,No Finding,0,953,066Y,M,PA,2021,2021,0.194311,0.194311,,66,0.66,1,1
00000955_000.png,No Finding,0,955,031Y,F,PA,2048,2500,0.171,0.171,,31,0.31,0,1
00000955_001.png,No Finding,1,955,032Y,F,PA,2048,2500,0.171,0.171,,32,0.32,0,1
00000955_002.png,Atelectasis,2,955,032Y,F,PA,2048,2500,0.171,0.171,,32,0.32,0,1
00000955_003.png,Infiltration,3,955,032Y,F,AP,2500,2048,0.171,0.171,,32,0.32,0,0
00000955_004.png,No Finding,4,955,033Y,F,AP,2500,2048,0.171,0.171,,33,0.33,0,0
00000955_005.png,No Finding,5,955,033Y,F,AP,2500,2048,0.171,0.171,,33,0.33,0,0
00000956_000.png,Infiltration,0,956,054Y,M,PA,2886,2991,0.143,0.143,,54,0.54,1,1
00000957_000.png,No Finding,0,957,063Y,M,PA,2500,2048,0.168,0.168,,63,0.63,1,1
00000957_001.png,Atelectasis,1,957,063Y,M,PA,2992,2991,0.143,0.143,,63,0.63,1,1
00000957_002.png,Atelectasis,2,957,066Y,M,PA,3056,2528,0.139,0.139,,66,0.66,1,1
00000958_000.png,No Finding,0,958,067Y,F,PA,2048,2500,0.168,0.168,,67,0.67,0,1
00000959_000.png,Infiltration,0,959,042Y,M,PA,2500,2048,0.171,0.171,,42,0.42,1,1
00000959_001.png,Mass,1,959,042Y,M,PA,2500,2048,0.171,0.171,,42,0.42,1,1
00000959_002.png,Infiltration|Mass,2,959,044Y,M,PA,2500,2048,0.168,0.168,,44,0.44,1,1
00000961_000.png,Cardiomegaly|Infiltration,0,961,061Y,F,PA,2048,2500,0.168,0.168,,61,0.61,0,1
00000962_000.png,No Finding,0,962,033Y,F,PA,2048,2500,0.168,0.168,,33,0.33,0,1
00000963_000.png,No Finding,0,963,046Y,M,AP,3056,2544,0.139,0.139,,46,0.46,1,0
00000963_001.png,No Finding,1,963,046Y,M,AP,2544,3056,0.139,0.139,,46,0.46,1,0
00000963_002.png,No Finding,2,963,046Y,M,AP,3056,2544,0.139,0.139,,46,0.46,1,0
00000963_003.png,No Finding,3,963,046Y,M,AP,3056,2544,0.139,0.139,,46,0.46,1,0
00000963_004.png,Pleural_Thickening,4,963,046Y,M,AP,3056,2544,0.139,0.139,,46,0.46,1,0
00000963_005.png,No Finding,5,963,046Y,M,AP,3056,2544,0.139,0.139,,46,0.46,1,0
00000963_006.png,No Finding,6,963,046Y,M,AP,3056,2544,0.139,0.139,,46,0.46,1,0
00000963_007.png,Pneumonia,7,963,036Y,M,PA,2048,2500,0.168,0.168,,36,0.36,1,1
00000963_008.png,Nodule,8,963,040Y,M,AP,2500,2048,0.168,0.168,,40,0.4,1,0
00000963_009.png,Fibrosis,9,963,039Y,M,PA,2992,2991,0.143,0.143,,39,0.39,1,1
00000963_010.png,Effusion,10,963,039Y,M,PA,2992,2991,0.143,0.143,,39,0.39,1,1
00000963_011.png,Atelectasis,11,963,040Y,M,AP,2500,2048,0.168,0.168,,40,0.4,1,0
00000963_012.png,Atelectasis,12,963,040Y,M,AP,2500,2048,0.168,0.168,,40,0.4,1,0
00000963_013.png,Atelectasis,13,963,040Y,M,AP,2500,2048,0.168,0.168,,40,0.4,1,0
00000963_014.png,Infiltration,14,963,040Y,M,AP,2500,2048,0.168,0.168,,40,0.4,1,0
00000963_015.png,Mass,15,963,040Y,M,AP,2500,2048,0.168,0.168,,40,0.4,1,0
00000963_016.png,Nodule,16,963,040Y,M,PA,2686,2991,0.143,0.143,,40,0.4,1,1
00000963_017.png,Fibrosis,17,963,040Y,M,AP,2500,2048,0.168,0.168,,40,0.4,1,0
00000963_018.png,Infiltration|Pneumothorax,18,963,041Y,M,AP,2500,2048,0.168,0.168,,41,0.41,1,0
00000963_019.png,No Finding,19,963,040Y,M,PA,2634,2801,0.143,0.143,,40,0.4,1,1
00000963_020.png,Effusion,20,963,040Y,M,PA,2992,2991,0.143,0.143,,40,0.4,1,1
00000963_021.png,No Finding,21,963,040Y,M,PA,2992,2991,0.143,0.143,,40,0.4,1,1
00000963_022.png,No Finding,22,963,040Y,M,PA,2992,2991,0.143,0.143,,40,0.4,1,1
00000963_023.png,Consolidation|Effusion,23,963,040Y,M,PA,2992,2991,0.143,0.143,,40,0.4,1,1
00000963_024.png,Effusion,24,963,040Y,M,PA,2774,2991,0.143,0.143,,40,0.4,1,1
00000963_025.png,Effusion,25,963,040Y,M,PA,2706,2991,0.143,0.143,,40,0.4,1,1
00000963_026.png,Effusion,26,963,040Y,M,PA,2642,2991,0.143,0.143,,40,0.4,1,1
00000963_027.png,Fibrosis|Infiltration,27,963,041Y,M,PA,2048,2500,0.168,0.168,,41,0.41,1,1
00000963_028.png,Infiltration,28,963,040Y,M,PA,2598,2991,0.143,0.143,,40,0.4,1,1
00000963_029.png,Pleural_Thickening,29,963,040Y,M,PA,2466,2511,0.143,0.143,,40,0.4,1,1
00000967_000.png,No Finding,0,967,021Y,F,PA,2048,2500,0.171,0.171,,21,0.21,0,1
00000967_001.png,No Finding,1,967,022Y,F,PA,2048,2500,0.171,0.171,,22,0.22,0,1
00000967_002.png,No Finding,2,967,023Y,F,PA,2048,2500,0.168,0.168,,23,0.23,0,1
00000968_000.png,Cardiomegaly|Emphysema,0,968,068Y,F,PA,2048,2500,0.168,0.168,,68,0.68,0,1
00000969_000.png,No Finding,0,969,079Y,F,PA,2624,2851,0.143,0.143,,79,0.79,0,1
00000970_000.png,No Finding,0,970,057Y,M,PA,2500,2048,0.168,0.168,,57,0.57,1,1
00000973_000.png,No Finding,0,973,050Y,M,PA,2048,2500,0.171,0.171,,50,0.5,1,1
00000973_001.png,No Finding,1,973,057Y,M,PA,2992,2991,0.143,0.143,,57,0.57,1,1
00000974_000.png,No Finding,0,974,054Y,F,PA,2048,2500,0.171,0.171,,54,0.54,0,1
00000974_001.png,No Finding,1,974,056Y,F,PA,2048,2500,0.168,0.168,,56,0.56,0,1
00000974_002.png,No Finding,2,974,058Y,F,PA,2836,2693,0.143,0.143,,58,0.58,0,1
00000974_003.png,No Finding,3,974,058Y,F,AP,2048,2500,0.168,0.168,,58,0.58,0,0
00000974_004.png,No Finding,4,974,058Y,F,PA,2992,2991,0.143,0.143,,58,0.58,0,1
00000974_005.png,No Finding,5,974,058Y,F,PA,2990,2991,0.143,0.143,,58,0.58,0,1
00000974_006.png,No Finding,6,974,058Y,F,AP,2500,2048,0.168,0.168,,58,0.58,0,0
00000974_007.png,No Finding,7,974,058Y,F,PA,2048,2500,0.168,0.168,,58,0.58,0,1
00000974_008.png,No Finding,8,974,058Y,F,PA,2730,2497,0.143,0.143,,58,0.58,0,1
00000974_009.png,No Finding,9,974,058Y,F,PA,2750,2609,0.143,0.143,,58,0.58,0,1
00000974_010.png,No Finding,10,974,058Y,F,PA,2992,2991,0.143,0.143,,58,0.58,0,1
00000975_000.png,No Finding,0,975,018Y,F,PA,2048,2500,0.171,0.171,,18,0.18,0,1
00000975_001.png,Infiltration,1,975,019Y,F,PA,2048,2500,0.171,0.171,,19,0.19,0,1
00000976_000.png,No Finding,0,976,016Y,M,PA,2500,2048,0.171,0.171,,16,0.16,1,1
00000976_001.png,No Finding,1,976,017Y,M,PA,2500,2048,0.171,0.171,,17,0.17,1,1
00000976_002.png,No Finding,2,976,018Y,M,PA,2500,2048,0.171,0.171,,18,0.18,1,1
00000976_003.png,No Finding,3,976,019Y,M,PA,2500,2048,0.168,0.168,,19,0.19,1,1
00000976_004.png,No Finding,4,976,020Y,M,PA,2500,2048,0.168,0.168,,20,0.2,1,1
00000976_005.png,No Finding,5,976,024Y,M,PA,2992,2991,0.143,0.143,,24,0.24,1,1
00000977_000.png,No Finding,0,977,045Y,F,PA,2048,2500,0.171,0.171,,45,0.45,0,1
00000978_000.png,Infiltration,0,978,072Y,M,AP,3056,2544,0.139,0.139,,72,0.72,1,0
00000979_000.png,Infiltration,0,979,052Y,F,PA,2992,2991,0.143,0.143,,52,0.52,0,1
00000979_001.png,No Finding,1,979,053Y,F,PA,2588,2619,0.143,0.143,,53,0.53,0,1
00000979_002.png,No Finding,2,979,050Y,F,PA,2642,2549,0.143,0.143,,50,0.5,0,1
00000979_003.png,Consolidation|Infiltration,3,979,051Y,F,PA,2248,2519,0.143,0.143,,51,0.51,0,1
00000979_004.png,Consolidation|Infiltration,4,979,052Y,F,AP,2500,2048,0.168,0.168,,52,0.52,0,0
00000979_005.png,Consolidation|Infiltration,5,979,052Y,F,AP,2500,2048,0.168,0.168,,52,0.52,0,0
00000979_006.png,Atelectasis|Infiltration,6,979,051Y,F,PA,2318,2322,0.143,0.143,,51,0.51,0,1
00000979_007.png,Effusion|Infiltration,7,979,051Y,F,PA,2670,2677,0.143,0.143,,51,0.51,0,1
00000979_008.png,Effusion|Infiltration|Pleural_Thickening,8,979,052Y,F,PA,2992,2991,0.143,0.143,,52,0.52,0,1
00000982_000.png,No Finding,0,982,063Y,F,AP,2500,2048,0.168,0.168,,63,0.63,0,0
00000983_000.png,Mass,0,983,047Y,M,PA,2508,2349,0.143,0.143,,47,0.47,1,1
00000984_000.png,No Finding,0,984,057Y,F,PA,2048,2500,0.171,0.171,,57,0.57,0,1
00000985_000.png,No Finding,0,985,063Y,M,PA,2500,2048,0.168,0.168,,63,0.63,1,1
00000987_000.png,No Finding,0,987,060Y,M,PA,2500,2048,0.171,0.171,,60,0.6,1,1
00000988_000.png,Emphysema,0,988,061Y,M,PA,2500,2048,0.171,0.171,,61,0.61,1,1
00000988_001.png,No Finding,1,988,062Y,M,PA,2500,2048,0.171,0.171,,62,0.62,1,1
00000989_000.png,Nodule,0,989,072Y,M,PA,2662,2739,0.143,0.143,,72,0.72,1,1
00000989_001.png,Consolidation|Infiltration,1,989,072Y,M,PA,2992,2991,0.143,0.143,,72,0.72,1,1
00000989_002.png,No Finding,2,989,072Y,M,PA,2992,2857,0.143,0.143,,72,0.72,1,1
00000990_000.png,No Finding,0,990,072Y,M,AP,2500,2048,0.168,0.168,,72,0.72,1,0
00000991_000.png,No Finding,0,991,052Y,M,PA,2992,2991,0.143,0.143,,52,0.52,1,1
00000992_000.png,Nodule,0,992,052Y,F,PA,2048,2500,0.171,0.171,,52,0.52,0,1
00000992_001.png,No Finding,1,992,052Y,F,PA,2048,2500,0.171,0.171,,52,0.52,0,1
00000993_000.png,Infiltration,0,993,047Y,F,PA,2992,2991,0.143,0.143,,47,0.47,0,1
00000995_000.png,No Finding,0,995,052Y,M,PA,2662,2991,0.143,0.143,,52,0.52,1,1
00000996_000.png,No Finding,0,996,039Y,M,PA,2862,2991,0.143,0.143,,39,0.39,1,1
00000996_001.png,No Finding,1,996,040Y,M,PA,3056,2544,0.139,0.139,,40,0.4,1,1
00000996_002.png,No Finding,2,996,041Y,M,PA,2021,2021,0.194311,0.194311,,41,0.41,1,1
00000996_003.png,No Finding,3,996,035Y,M,PA,2992,2985,0.143,0.143,,35,0.35,1,1
00000996_004.png,No Finding,4,996,036Y,M,PA,2500,2048,0.168,0.168,,36,0.36,1,1
00000996_005.png,No Finding,5,996,037Y,M,PA,2938,2991,0.143,0.143,,37,0.37,1,1
00000998_000.png,Atelectasis,0,998,051Y,M,PA,2500,2048,0.168,0.168,,51,0.51,1,1
00000999_000.png,Atelectasis|Nodule,0,999,048Y,M,PA,2500,2048,0.168,0.168,,48,0.48,1,1
00001000_000.png,Infiltration,0,1000,036Y,F,PA,2590,2991,0.143,0.143,,36,0.36,0,1
00001000_001.png,No Finding,1,1000,034Y,F,PA,2490,2717,0.143,0.143,,34,0.34,0,1
00001001_000.png,No Finding,0,1001,040Y,M,PA,3056,2544,0.139,0.139,,40,0.4,1,1
00001001_001.png,Infiltration,1,1001,040Y,M,AP,3056,2544,0.139,0.139,,40,0.4,1,0
00001001_002.png,Infiltration,2,1001,040Y,M,AP,3056,2544,0.139,0.139,,40,0.4,1,0
00001001_003.png,Atelectasis,3,1001,040Y,M,AP,3056,2544,0.139,0.139,,40,0.4,1,0
00001001_004.png,No Finding,4,1001,040Y,M,AP,3056,2544,0.139,0.139,,40,0.4,1,0
00001002_000.png,No Finding,0,1002,055Y,M,PA,2730,2701,0.143,0.143,,55,0.55,1,1
00001003_000.png,No Finding,0,1003,047Y,M,PA,2500,2048,0.171,0.171,,47,0.47,1,1
00001003_001.png,No Finding,1,1003,050Y,M,PA,2992,2991,0.143,0.143,,50,0.5,1,1
00001004_000.png,No Finding,0,1004,066Y,M,PA,2810,2991,0.143,0.143,,66,0.66,1,1
00001004_001.png,No Finding,1,1004,066Y,M,PA,2606,2991,0.143,0.143,,66,0.66,1,1
00001004_002.png,No Finding,2,1004,066Y,M,PA,2806,2871,0.143,0.143,,66,0.66,1,1
00001005_000.png,Mass,0,1005,028Y,M,AP,3056,2544,0.139,0.139,,28,0.28,1,0
00001005_001.png,No Finding,1,1005,030Y,M,AP,3056,2544,0.139,0.139,,30,0.3,1,0
00001005_002.png,Infiltration|Mass,2,1005,025Y,M,PA,2540,3012,0.139,0.139,,25,0.25,1,1
00001006_000.png,Pneumothorax,0,1006,026Y,M,PA,2622,2741,0.143,0.143,,26,0.26,1,1
00001006_001.png,Pneumothorax,1,1006,026Y,M,PA,2544,3056,0.139,0.139,,26,0.26,1,1
00001006_002.png,Infiltration,2,1006,026Y,M,PA,2530,2627,0.143,0.143,,26,0.26,1,1
00001006_003.png,Fibrosis|Nodule,3,1006,026Y,M,AP,3056,2544,0.139,0.139,,26,0.26,1,0
00001006_004.png,Atelectasis|Infiltration|Nodule|Pleural_Thickening,4,1006,026Y,M,AP,3056,2544,0.139,0.139,,26,0.26,1,0
00001006_005.png,No Finding,5,1006,026Y,M,PA,2992,2991,0.143,0.143,,26,0.26,1,1
00001006_006.png,Edema,6,1006,026Y,M,AP,3056,2544,0.139,0.139,,26,0.26,1,0
00001006_007.png,Nodule,7,1006,026Y,M,AP,3056,2544,0.139,0.139,,26,0.26,1,0
00001006_008.png,No Finding,8,1006,015Y,M,PA,2048,2500,0.171,0.171,,15,0.15,1,1
00001006_009.png,Infiltration|Nodule,9,1006,019Y,M,AP,2048,2500,0.168,0.168,,19,0.19,1,0
00001006_010.png,Infiltration,10,1006,019Y,M,AP,2500,2048,0.168,0.168,,19,0.19,1,0
00001006_011.png,Consolidation,11,1006,019Y,M,AP,2500,2048,0.168,0.168,,19,0.19,1,0
00001006_012.png,No Finding,12,1006,019Y,M,AP,2500,2048,0.168,0.168,,19,0.19,1,0
00001006_013.png,Infiltration,13,1006,019Y,M,AP,2500,2048,0.168,0.168,,19,0.19,1,0
00001006_014.png,Infiltration,14,1006,019Y,M,PA,2562,2581,0.143,0.143,,19,0.19,1,1
00001006_015.png,Infiltration|Nodule|Pneumothorax,15,1006,019Y,M,PA,2606,2991,0.143,0.143,,19,0.19,1,1
00001006_016.png,Infiltration,16,1006,019Y,M,PA,2426,2885,0.143,0.143,,19,0.19,1,1
00001006_017.png,Infiltration|Pneumothorax,17,1006,019Y,M,PA,2048,2500,0.168,0.168,,19,0.19,1,1
00001006_018.png,Infiltration|Pneumothorax,18,1006,019Y,M,PA,2818,2813,0.143,0.143,,19,0.19,1,1
00001006_019.png,Pneumothorax,19,1006,019Y,M,PA,2992,2991,0.143,0.143,,19,0.19,1,1
00001006_020.png,Pneumothorax,20,1006,019Y,M,PA,2478,2991,0.143,0.143,,19,0.19,1,1
00001006_021.png,Infiltration|Pneumothorax,21,1006,019Y,M,PA,2992,2991,0.143,0.143,,19,0.19,1,1
00001006_022.png,Pneumothorax,22,1006,022Y,M,AP,2500,2048,0.168,0.168,,22,0.22,1,0
00001006_023.png,Infiltration,23,1006,022Y,M,AP,2500,2048,0.168,0.168,,22,0.22,1,0
00001006_024.png,Pneumothorax,24,1006,021Y,M,PA,2992,2991,0.143,0.143,,21,0.21,1,1
00001006_025.png,Infiltration,25,1006,022Y,M,AP,2500,2048,0.168,0.168,,22,0.22,1,0
00001006_026.png,No Finding,26,1006,022Y,M,AP,2500,2048,0.168,0.168,,22,0.22,1,0
00001006_027.png,Infiltration,27,1006,022Y,M,PA,2676,2947,0.143,0.143,,22,0.22,1,1
00001006_028.png,Infiltration,28,1006,024Y,M,AP,2736,2544,0.139,0.139,,24,0.24,1,0
00001007_000.png,No Finding,0,1007,052Y,F,PA,2992,2991,0.143,0.143,,52,0.52,0,1
00001007_001.png,No Finding,1,1007,055Y,F,PA,2544,3056,0.139,0.139,,55,0.55,0,1
00001007_002.png,No Finding,2,1007,055Y,F,AP,3056,2544,0.139,0.139,,55,0.55,0,0
00001007_003.png,No Finding,3,1007,044Y,F,PA,2048,2500,0.168,0.168,,44,0.44,0,1
00001007_004.png,No Finding,4,1007,051Y,F,AP,3056,2544,0.139,0.139,,51,0.51,0,0
00001008_000.png,No Finding,0,1008,027Y,M,PA,2500,2048,0.171,0.171,,27,0.27,1,1
00001009_000.png,No Finding,0,1009,020Y,F,PA,2410,2269,0.143,0.143,,20,0.2,0,1
00001011_000.png,No Finding,0,1011,058Y,M,PA,2990,2991,0.143,0.143,,58,0.58,1,1
00001011_001.png,No Finding,1,1011,048Y,M,PA,2500,2048,0.171,0.171,,48,0.48,1,1
00001012_000.png,Nodule,0,1012,052Y,F,PA,2972,2322,0.143,0.143,,52,0.52,0,1
00001014_000.png,Mass,0,1014,050Y,F,PA,2021,2021,0.194311,0.194311,,50,0.5,0,1
00001014_001.png,Nodule,1,1014,050Y,F,PA,2021,2021,0.194311,0.194311,,50,0.5,0,1
00001015_000.png,No Finding,0,1015,040Y,F,PA,2048,2500,0.168,0.168,,40,0.4,0,1
00001016_000.png,No Finding,0,1016,045Y,F,PA,2544,3056,0.139,0.139,,45,0.45,0,1
00001017_000.png,Mass,0,1017,039Y,F,PA,2048,2500,0.171,0.171,,39,0.39,0,1
00001018_000.png,No Finding,0,1018,058Y,M,PA,2992,2725,0.143,0.143,,58,0.58,1,1
00001018_001.png,No Finding,1,1018,057Y,M,PA,2850,2887,0.143,0.143,,57,0.57,1,1
00001018_002.png,No Finding,2,1018,058Y,M,AP,2500,2048,0.168,0.168,,58,0.58,1,0
00001018_003.png,No Finding,3,1018,059Y,M,PA,2698,2991,0.143,0.143,,59,0.59,1,1
00001018_004.png,No Finding,4,1018,059Y,M,AP,2500,2048,0.168,0.168,,59,0.59,1,0
00001018_005.png,Pneumonia,5,1018,059Y,M,AP,2500,2048,0.168,0.168,,59,0.59,1,0
00001018_006.png,No Finding,6,1018,059Y,M,AP,2500,2048,0.168,0.168,,59,0.59,1,0
00001018_007.png,No Finding,7,1018,062Y,M,PA,2992,2991,0.143,0.143,,62,0.62,1,1
00001018_008.png,Infiltration,8,1018,063Y,M,PA,2992,2991,0.143,0.143,,63,0.63,1,1
00001019_000.png,No Finding,0,1019,071Y,F,PA,2992,2991,0.143,0.143,,71,0.71,0,1
00001019_001.png,No Finding,1,1019,062Y,F,PA,2048,2500,0.171,0.171,,62,0.62,0,1
00001019_002.png,Emphysema,2,1019,064Y,F,PA,2500,2048,0.168,0.168,,64,0.64,0,1
00001019_003.png,No Finding,3,1019,065Y,F,PA,2500,2048,0.168,0.168,,65,0.65,0,1
00001019_004.png,No Finding,4,1019,067Y,F,PA,2738,2991,0.143,0.143,,67,0.67,0,1
00001019_005.png,No Finding,5,1019,068Y,F,PA,2482,2991,0.143,0.143,,68,0.68,0,1
00001019_006.png,No Finding,6,1019,069Y,F,PA,2992,2991,0.143,0.143,,69,0.69,0,1
00001020_000.png,No Finding,0,1020,052Y,M,PA,2500,2048,0.171,0.171,,52,0.52,1,1
00001021_000.png,Pneumonia,0,1021,025Y,F,PA,2422,2951,0.143,0.143,,25,0.25,0,1
00001021_001.png,No Finding,1,1021,026Y,F,PA,2982,2817,0.143,0.143,,26,0.26,0,1
00001021_002.png,No Finding,2,1021,026Y,F,PA,2544,3056,0.139,0.139,,26,0.26,0,1
00001021_003.png,Infiltration,3,1021,027Y,F,PA,2992,2991,0.143,0.143,,27,0.27,0,1
00001021_004.png,No Finding,4,1021,027Y,F,PA,2992,2991,0.143,0.143,,27,0.27,0,1
00001021_005.png,Infiltration,5,1021,021Y,F,PA,2590,2769,0.143,0.143,,21,0.21,0,1
00001022_000.png,No Finding,0,1022,049Y,M,PA,2500,2048,0.171,0.171,,49,0.49,1,1
00001022_001.png,Cardiomegaly,1,1022,050Y,M,PA,2500,2048,0.171,0.171,,50,0.5,1,1
00001022_002.png,No Finding,2,1022,050Y,M,AP,2500,2048,0.171,0.171,,50,0.5,1,0
00001023_000.png,No Finding,0,1023,057Y,F,PA,2544,3056,0.139,0.139,,57,0.57,0,1
00001023_001.png,Nodule,1,1023,050Y,F,PA,2048,2500,0.168,0.168,,50,0.5,0,1
00001023_002.png,No Finding,2,1023,051Y,F,PA,2892,2951,0.143,0.143,,51,0.51,0,1
00001023_003.png,Pleural_Thickening,3,1023,055Y,F,PA,2992,2991,0.143,0.143,,55,0.55,0,1
00001025_000.png,No Finding,0,1025,045Y,M,PA,2021,2021,0.194308,0.194308,,45,0.45,1,1
00001026_000.png,Atelectasis|Cardiomegaly|Effusion,0,1026,048Y,M,PA,2992,2991,0.143,0.143,,48,0.48,1,1
00001028_000.png,Atelectasis|Consolidation|Fibrosis|Nodule,0,1028,093Y,M,AP,2500,2048,0.168,0.168,,93,0.93,1,0
00001028_001.png,No Finding,1,1028,093Y,M,AP,2500,2048,0.168,0.168,,93,0.93,1,0
00001029_000.png,No Finding,0,1029,024Y,M,AP,3056,2544,0.139,0.139,,24,0.24,1,0
00001029_001.png,No Finding,1,1029,024Y,M,AP,3056,2544,0.139,0.139,,24,0.24,1,0
00001029_002.png,Pneumothorax,2,1029,014Y,M,AP,2500,2048,0.171,0.171,,14,0.14,1,0
00001029_003.png,Pneumothorax,3,1029,014Y,M,AP,2500,2048,0.171,0.171,,14,0.14,1,0
00001029_004.png,Infiltration|Mass|Nodule,4,1029,018Y,M,AP,2500,2048,0.168,0.168,,18,0.18,1,0
00001029_005.png,Consolidation,5,1029,018Y,M,AP,2500,2048,0.168,0.168,,18,0.18,1,0
00001029_006.png,Consolidation|Infiltration,6,1029,019Y,M,AP,2500,2048,0.168,0.168,,19,0.19,1,0
00001029_007.png,No Finding,7,1029,019Y,M,AP,2500,2048,0.168,0.168,,19,0.19,1,0
00001029_008.png,No Finding,8,1029,019Y,M,AP,2500,2048,0.168,0.168,,19,0.19,1,0
00001029_009.png,No Finding,9,1029,021Y,M,AP,2500,2048,0.168,0.168,,21,0.21,1,0
00001029_010.png,No Finding,10,1029,021Y,M,PA,2992,2991,0.143,0.143,,21,0.21,1,1
00001029_011.png,No Finding,11,1029,022Y,M,AP,3056,2468,0.139,0.139,,22,0.22,1,0
00001029_012.png,No Finding,12,1029,022Y,M,PA,2758,2991,0.143,0.143,,22,0.22,1,1
00001029_013.png,Fibrosis,13,1029,023Y,M,AP,3056,2544,0.139,0.139,,23,0.23,1,0
00001029_014.png,Fibrosis,14,1029,023Y,M,AP,2920,2544,0.139,0.139,,23,0.23,1,0
00001029_015.png,Fibrosis,15,1029,023Y,M,PA,2762,2669,0.143,0.143,,23,0.23,1,1
00001029_016.png,Fibrosis,16,1029,023Y,M,AP,3056,2544,0.139,0.139,,23,0.23,1,0
00001029_017.png,No Finding,17,1029,023Y,M,AP,3056,2544,0.139,0.139,,23,0.23,1,0
00001029_018.png,No Finding,18,1029,023Y,M,AP,3056,2544,0.139,0.139,,23,0.23,1,0
00001030_000.png,Emphysema,0,1030,057Y,M,PA,2048,2500,0.168,0.168,,57,0.57,1,1
00001031_000.png,Nodule,0,1031,053Y,F,PA,2021,2021,0.194311,0.194311,,53,0.53,0,1
00001031_001.png,Consolidation|Effusion,1,1031,053Y,F,PA,1889,1886,0.194311,0.194311,,53,0.53,0,1
00001031_002.png,Infiltration,2,1031,046Y,F,PA,2716,2592,0.143,0.143,,46,0.46,0,1
00001031_003.png,Effusion|Infiltration,3,1031,046Y,F,PA,2622,2689,0.143,0.143,,46,0.46,0,1
00001032_000.png,No Finding,0,1032,043Y,M,PA,2048,2500,0.171,0.171,,43,0.43,1,1
00001033_000.png,No Finding,0,1033,063Y,M,PA,2500,2048,0.171,0.171,,63,0.63,1,1
00001035_000.png,No Finding,0,1035,058Y,M,PA,2992,2991,0.143,0.143,,58,0.58,1,1
00001035_001.png,Infiltration,1,1035,056Y,M,PA,2992,2991,0.143,0.143,,56,0.56,1,1
00001037_000.png,No Finding,0,1037,017Y,M,PA,2500,2048,0.168,0.168,,17,0.17,1,1
00001038_000.png,No Finding,0,1038,020Y,F,PA,2048,2500,0.168,0.168,,20,0.2,0,1
00001039_000.png,No Finding,0,1039,038Y,F,PA,2834,2991,0.143,0.143,,38,0.38,0,1
00001039_001.png,No Finding,1,1039,040Y,F,PA,2992,2991,0.143,0.143,,40,0.4,0,1
00001039_002.png,No Finding,2,1039,041Y,F,AP,2500,2048,0.168,0.168,,41,0.41,0,0
00001039_003.png,No Finding,3,1039,041Y,F,PA,2242,2377,0.143,0.143,,41,0.41,0,1
00001039_004.png,No Finding,4,1039,042Y,F,PA,2992,2991,0.143,0.143,,42,0.42,0,1
00001039_005.png,Emphysema,5,1039,042Y,F,AP,2960,2368,0.139,0.139,,42,0.42,0,0
00001039_006.png,No Finding,6,1039,042Y,F,AP,3036,2544,0.139,0.139,,42,0.42,0,0
00001039_007.png,Infiltration,7,1039,043Y,F,PA,2992,2991,0.143,0.143,,43,0.43,0,1
00001040_000.png,Nodule,0,1040,069Y,F,PA,2500,2048,0.171,0.171,,69,0.69,0,1
00001040_001.png,Nodule,1,1040,072Y,F,PA,2822,2573,0.143,0.143,,72,0.72,0,1
00001040_002.png,No Finding,2,1040,073Y,F,PA,2370,2991,0.143,0.143,,73,0.73,0,1
00001041_000.png,No Finding,0,1041,065Y,F,PA,2500,2048,0.168,0.168,,65,0.65,0,1
00001042_000.png,No Finding,0,1042,059Y,M,PA,2500,2048,0.171,0.171,,59,0.59,1,1
00001043_000.png,No Finding,0,1043,041Y,M,PA,2048,2500,0.168,0.168,,41,0.41,1,1
00001043_001.png,No Finding,1,1043,042Y,M,AP,2500,2048,0.168,0.168,,42,0.42,1,0
00001043_002.png,No Finding,2,1043,042Y,M,AP,2500,2048,0.168,0.168,,42,0.42,1,0
00001043_003.png,No Finding,3,1043,042Y,M,AP,2500,2048,0.168,0.168,,42,0.42,1,0
00001043_004.png,No Finding,4,1043,042Y,M,AP,2500,2048,0.168,0.168,,42,0.42,1,0
00001043_005.png,No Finding,5,1043,042Y,M,AP,2500,2048,0.168,0.168,,42,0.42,1,0
00001043_006.png,Infiltration,6,1043,047Y,M,PA,2734,2773,0.143,0.143,,47,0.47,1,1
00001043_007.png,Infiltration,7,1043,047Y,M,PA,2992,2991,0.143,0.143,,47,0.47,1,1
00001045_000.png,No Finding,0,1045,052Y,M,PA,2992,2991,0.143,0.143,,52,0.52,1,1
00001045_001.png,Infiltration,1,1045,052Y,M,AP,3056,2544,0.139,0.139,,52,0.52,1,0
00001045_002.png,No Finding,2,1045,043Y,M,PA,2500,2048,0.171,0.171,,43,0.43,1,1
00001045_003.png,No Finding,3,1045,053Y,M,PA,2500,2048,0.168,0.168,,53,0.53,1,1
00001045_004.png,No Finding,4,1045,052Y,M,AP,3056,2544,0.139,0.139,,52,0.52,1,0
00001047_000.png,No Finding,0,1047,076Y,F,PA,2048,2500,0.171,0.171,,76,0.76,0,1
00001047_001.png,No Finding,1,1047,077Y,F,PA,2048,2500,0.168,0.168,,77,0.77,0,1
00001047_002.png,Emphysema,2,1047,078Y,F,PA,2048,2500,0.168,0.168,,78,0.78,0,1
00001047_003.png,No Finding,3,1047,078Y,F,PA,2598,2991,0.143,0.143,,78,0.78,0,1
00001049_000.png,No Finding,0,1049,027Y,M,PA,2021,2021,0.194308,0.194308,,27,0.27,1,1
00001050_000.png,No Finding,0,1050,049Y,F,PA,2048,2500,0.171,0.171,,49,0.49,0,1
00001052_000.png,No Finding,0,1052,049Y,M,PA,2992,2991,0.143,0.143,,49,0.49,1,1
00001052_001.png,Fibrosis|Infiltration,1,1052,040Y,M,PA,2500,2048,0.168,0.168,,40,0.4,1,1
00001052_002.png,Fibrosis|Infiltration,2,1052,047Y,M,PA,2982,2991,0.143,0.143,,47,0.47,1,1
00001052_003.png,Fibrosis|Nodule,3,1052,047Y,M,PA,3056,2532,0.139,0.139,,47,0.47,1,1
00001052_004.png,No Finding,4,1052,047Y,M,PA,2804,2828,0.143,0.143,,47,0.47,1,1
00001055_000.png,Infiltration,0,1055,024Y,F,PA,2334,2148,0.143,0.143,,24,0.24,0,1
00001055_001.png,No Finding,1,1055,024Y,F,AP,3056,2544,0.139,0.139,,24,0.24,0,0
00001055_002.png,No Finding,2,1055,013Y,F,PA,2048,2500,0.171,0.171,,13,0.13,0,1
00001055_003.png,No Finding,3,1055,015Y,F,PA,2048,2500,0.171,0.171,,15,0.15,0,1
00001055_004.png,No Finding,4,1055,017Y,F,PA,2048,2500,0.168,0.168,,17,0.17,0,1
00001055_005.png,No Finding,5,1055,018Y,F,PA,2650,2741,0.143,0.143,,18,0.18,0,1
00001055_006.png,No Finding,6,1055,020Y,F,PA,2048,2500,0.168,0.168,,20,0.2,0,1
00001055_007.png,No Finding,7,1055,021Y,F,PA,2450,2513,0.143,0.143,,21,0.21,0,1
00001056_000.png,Atelectasis,0,1056,068Y,F,PA,2992,2991,0.143,0.143,,68,0.68,0,1
00001058_000.png,Atelectasis|Effusion,0,1058,077Y,M,PA,2500,2048,0.168,0.168,,77,0.77,1,1
00001059_000.png,No Finding,0,1059,067Y,F,PA,2992,2991,0.143,0.143,,67,0.67,0,1
00001059_001.png,No Finding,1,1059,068Y,F,PA,2698,2768,0.143,0.143,,68,0.68,0,1
00001059_002.png,No Finding,2,1059,069Y,F,PA,2021,2021,0.194311,0.194311,,69,0.69,0,1
00001059_003.png,No Finding,3,1059,058Y,F,PA,2048,2500,0.171,0.171,,58,0.58,0,1
00001059_004.png,No Finding,4,1059,061Y,F,PA,2910,2991,0.143,0.143,,61,0.61,0,1
00001059_005.png,No Finding,5,1059,062Y,F,PA,2610,2991,0.143,0.143,,62,0.62,0,1
00001059_006.png,No Finding,6,1059,064Y,F,PA,2518,2291,0.143,0.143,,64,0.64,0,1
00001059_007.png,No Finding,7,1059,065Y,F,PA,2486,2991,0.143,0.143,,65,0.65,0,1
00001059_008.png,No Finding,8,1059,066Y,F,PA,2544,3056,0.139,0.139,,66,0.66,0,1
00001060_000.png,No Finding,0,1060,057Y,M,PA,2500,2048,0.168,0.168,,57,0.57,1,1
00001061_000.png,No Finding,0,1061,032Y,F,PA,2048,2500,0.171,0.171,,32,0.32,0,1
00001062_000.png,No Finding,0,1062,037Y,M,PA,2500,2048,0.171,0.171,,37,0.37,1,1
00001063_000.png,Pleural_Thickening,0,1063,061Y,F,PA,2498,2991,0.143,0.143,,61,0.61,0,1
00001065_000.png,No Finding,0,1065,052Y,F,PA,2662,2721,0.143,0.143,,52,0.52,0,1
00001065_001.png,No Finding,1,1065,054Y,F,PA,2048,2500,0.168,0.168,,54,0.54,0,1
00001066_000.png,Infiltration,0,1066,040Y,F,PA,2544,3056,0.139,0.139,,40,0.4,0,1
00001067_000.png,No Finding,0,1067,056Y,F,PA,2048,2500,0.168,0.168,,56,0.56,0,1
00001068_000.png,No Finding,0,1068,049Y,F,PA,2992,2991,0.143,0.143,,49,0.49,0,1
00001068_001.png,No Finding,1,1068,049Y,F,AP,3056,2544,0.139,0.139,,49,0.49,0,0
00001068_002.png,No Finding,2,1068,049Y,F,PA,2544,3056,0.139,0.139,,49,0.49,0,1
00001068_003.png,No Finding,3,1068,045Y,F,PA,2742,2991,0.143,0.143,,45,0.45,0,1
00001068_004.png,Infiltration,4,1068,047Y,F,PA,2992,2991,0.143,0.143,,47,0.47,0,1
00001068_005.png,No Finding,5,1068,047Y,F,AP,2500,2048,0.168,0.168,,47,0.47,0,0
00001069_000.png,No Finding,0,1069,036Y,M,PA,2500,2048,0.171,0.171,,36,0.36,1,1
00001070_000.png,No Finding,0,1070,083Y,M,PA,2500,2048,0.168,0.168,,83,0.83,1,1
00001070_001.png,No Finding,1,1070,085Y,M,PA,2992,2991,0.143,0.143,,85,0.85,1,1
00001071_000.png,No Finding,0,1071,064Y,F,PA,2986,2991,0.143,0.143,,64,0.64,0,1
00001072_000.png,No Finding,0,1072,012Y,M,PA,2048,2500,0.171,0.171,,12,0.12,1,1
00001072_001.png,No Finding,1,1072,012Y,M,PA,2048,2500,0.171,0.171,,12,0.12,1,1
00001072_002.png,No Finding,2,1072,014Y,M,PA,2048,2500,0.168,0.168,,14,0.14,1,1
00001072_003.png,No Finding,3,1072,015Y,M,PA,2500,2048,0.168,0.168,,15,0.15,1,1
00001073_000.png,No Finding,0,1073,036Y,M,AP,2500,2048,0.168,0.168,,36,0.36,1,0
00001074_000.png,No Finding,0,1074,011Y,F,PA,2048,2500,0.171,0.171,,11,0.11,0,1
00001074_001.png,No Finding,1,1074,014Y,F,PA,2048,2500,0.168,0.168,,14,0.14,0,1
00001074_002.png,No Finding,2,1074,014Y,F,PA,2048,2500,0.168,0.168,,14,0.14,0,1
00001074_003.png,No Finding,3,1074,014Y,F,PA,2048,2500,0.168,0.168,,14,0.14,0,1
00001075_000.png,Infiltration,0,1075,059Y,F,PA,2992,2991,0.143,0.143,,59,0.59,0,1
00001075_001.png,No Finding,1,1075,059Y,F,AP,3056,2544,0.139,0.139,,59,0.59,0,0
00001075_002.png,Atelectasis|Infiltration|Mass|Pleural_Thickening,2,1075,059Y,F,AP,3056,2544,0.139,0.139,,59,0.59,0,0
00001075_003.png,Mass|Pleural_Thickening,3,1075,059Y,F,AP,3056,2544,0.139,0.139,,59,0.59,0,0
00001075_004.png,Mass,4,1075,059Y,F,PA,2838,2991,0.143,0.143,,59,0.59,0,1
00001075_005.png,Infiltration,5,1075,059Y,F,AP,3056,2544,0.139,0.139,,59,0.59,0,0
00001075_006.png,No Finding,6,1075,059Y,F,PA,2992,2991,0.143,0.143,,59,0.59,0,1
00001075_007.png,Effusion|Infiltration,7,1075,059Y,F,PA,2992,2991,0.143,0.143,,59,0.59,0,1
00001075_008.png,No Finding,8,1075,059Y,F,AP,2017,2012,0.1988,0.1988,,59,0.59,0,0
00001075_009.png,No Finding,9,1075,059Y,F,AP,3056,2544,0.139,0.139,,59,0.59,0,0
00001075_010.png,No Finding,10,1075,059Y,F,AP,3056,2544,0.139,0.139,,59,0.59,0,0
00001075_011.png,Infiltration,11,1075,059Y,F,AP,2544,3056,0.139,0.139,,59,0.59,0,0
00001075_012.png,No Finding,12,1075,059Y,F,AP,3056,2544,0.139,0.139,,59,0.59,0,0
00001075_013.png,Atelectasis|Infiltration,13,1075,059Y,F,AP,3056,2544,0.139,0.139,,59,0.59,0,0
00001075_014.png,Atelectasis|Infiltration,14,1075,059Y,F,AP,3056,2544,0.139,0.139,,59,0.59,0,0
00001075_015.png,No Finding,15,1075,059Y,F,AP,3056,2544,0.139,0.139,,59,0.59,0,0
00001075_016.png,Effusion|Infiltration|Pneumothorax,16,1075,059Y,F,AP,3056,2544,0.139,0.139,,59,0.59,0,0
00001075_017.png,Infiltration,17,1075,059Y,F,AP,3056,2544,0.139,0.139,,59,0.59,0,0
00001075_018.png,No Finding,18,1075,059Y,F,AP,3056,2544,0.139,0.139,,59,0.59,0,0
00001075_019.png,No Finding,19,1075,059Y,F,AP,3056,2544,0.139,0.139,,59,0.59,0,0
00001075_020.png,Atelectasis,20,1075,059Y,F,AP,3056,2544,0.139,0.139,,59,0.59,0,0
00001075_021.png,Infiltration,21,1075,059Y,F,AP,3056,2544,0.139,0.139,,59,0.59,0,0
00001075_022.png,Effusion|Infiltration|Pleural_Thickening,22,1075,059Y,F,PA,2992,2991,0.143,0.143,,59,0.59,0,1
00001075_023.png,No Finding,23,1075,059Y,F,AP,3056,2544,0.139,0.139,,59,0.59,0,0
00001075_024.png,No Finding,24,1075,059Y,F,PA,2372,2584,0.143,0.143,,59,0.59,0,1
00001075_025.png,Infiltration,25,1075,059Y,F,PA,2992,2991,0.143,0.143,,59,0.59,0,1
00001075_026.png,Effusion,26,1075,059Y,F,AP,3056,2544,0.139,0.139,,59,0.59,0,0
00001075_027.png,No Finding,27,1075,059Y,F,AP,3056,2544,0.139,0.139,,59,0.59,0,0
00001075_028.png,No Finding,28,1075,059Y,F,AP,3056,2544,0.139,0.139,,59,0.59,0,0
00001075_029.png,Nodule,29,1075,059Y,F,AP,3056,2544,0.139,0.139,,59,0.59,0,0
00001075_030.png,No Finding,30,1075,059Y,F,AP,3056,2544,0.139,0.139,,59,0.59,0,0
00001075_031.png,No Finding,31,1075,060Y,F,AP,3056,2544,0.139,0.139,,60,0.6,0,0
00001075_032.png,Infiltration,32,1075,060Y,F,AP,3056,2544,0.139,0.139,,60,0.6,0,0
00001075_033.png,Cardiomegaly|Effusion,33,1075,060Y,F,PA,2368,2383,0.143,0.143,,60,0.6,0,1
00001075_034.png,No Finding,34,1075,060Y,F,AP,3056,2544,0.139,0.139,,60,0.6,0,0
00001075_035.png,No Finding,35,1075,060Y,F,AP,3056,2544,0.139,0.139,,60,0.6,0,0
00001075_036.png,Atelectasis|Infiltration,36,1075,060Y,F,AP,3056,2544,0.139,0.139,,60,0.6,0,0
00001075_037.png,No Finding,37,1075,060Y,F,AP,3056,2544,0.139,0.139,,60,0.6,0,0
00001075_038.png,Cardiomegaly,38,1075,050Y,F,PA,2500,2048,0.171,0.171,,50,0.5,0,1
00001075_039.png,No Finding,39,1075,051Y,F,PA,2500,2048,0.168,0.168,,51,0.51,0,1
00001075_040.png,No Finding,40,1075,051Y,F,PA,2500,2048,0.168,0.168,,51,0.51,0,1
00001075_041.png,No Finding,41,1075,051Y,F,AP,2500,2048,0.171,0.171,,51,0.51,0,0
00001075_042.png,No Finding,42,1075,051Y,F,PA,2500,2048,0.168,0.168,,51,0.51,0,1
00001075_043.png,Infiltration,43,1075,051Y,F,PA,2048,2500,0.168,0.168,,51,0.51,0,1
00001075_044.png,No Finding,44,1075,051Y,F,PA,2048,2500,0.168,0.168,,51,0.51,0,1
00001075_045.png,Cardiomegaly,45,1075,055Y,F,PA,2500,2048,0.168,0.168,,55,0.55,0,1
00001075_046.png,Cardiomegaly|Effusion,46,1075,058Y,F,PA,3056,2476,0.139,0.139,,58,0.58,0,1
00001075_047.png,Atelectasis|Cardiomegaly,47,1075,059Y,F,PA,2706,2517,0.143,0.143,,59,0.59,0,1
00001075_048.png,Atelectasis,48,1075,059Y,F,PA,2356,2572,0.143,0.143,,59,0.59,0,1
00001077_000.png,No Finding,0,1077,077Y,F,PA,2048,2500,0.171,0.171,,77,0.77,0,1
00001077_001.png,No Finding,1,1077,078Y,F,PA,2048,2500,0.171,0.171,,78,0.78,0,1
00001077_002.png,No Finding,2,1077,085Y,F,PA,2048,2500,0.168,0.168,,85,0.85,0,1
00001078_000.png,No Finding,0,1078,066Y,M,AP,3056,2544,0.139,0.139,,66,0.66,1,0
00001078_001.png,No Finding,1,1078,069Y,M,PA,2021,2021,0.194311,0.194311,,69,0.69,1,1
00001078_002.png,No Finding,2,1078,063Y,M,PA,2992,2969,0.143,0.143,,63,0.63,1,1
00001080_000.png,Infiltration,0,1080,050Y,M,PA,2992,2991,0.143,0.143,,50,0.5,1,1
00001081_000.png,No Finding,0,1081,067Y,F,PA,2992,2991,0.143,0.143,,67,0.67,0,1
00001081_001.png,Pleural_Thickening,1,1081,068Y,F,PA,2048,2500,0.168,0.168,,68,0.68,0,1
00001081_002.png,No Finding,2,1081,069Y,F,PA,2678,2737,0.143,0.143,,69,0.69,0,1
00001081_003.png,No Finding,3,1081,071Y,F,PA,2476,2619,0.139,0.139,,71,0.71,0,1
00001082_000.png,No Finding,0,1082,022Y,M,AP,3056,2544,0.139,0.139,,22,0.22,1,0
00001082_001.png,No Finding,1,1082,022Y,M,AP,3056,2544,0.139,0.139,,22,0.22,1,0
00001082_002.png,Nodule,2,1082,022Y,M,AP,3056,2544,0.139,0.139,,22,0.22,1,0
00001082_003.png,No Finding,3,1082,023Y,M,AP,3056,2544,0.139,0.139,,23,0.23,1,0
00001082_004.png,Atelectasis|Infiltration,4,1082,023Y,M,AP,3056,2544,0.139,0.139,,23,0.23,1,0
00001082_005.png,No Finding,5,1082,019Y,M,AP,2500,2048,0.168,0.168,,19,0.19,1,0
00001082_006.png,No Finding,6,1082,018Y,M,PA,2782,2711,0.143,0.143,,18,0.18,1,1
00001083_000.png,No Finding,0,1083,056Y,M,PA,2982,2991,0.143,0.143,,56,0.56,1,1
00001084_000.png,No Finding,0,1084,045Y,M,PA,2500,2048,0.171,0.171,,45,0.45,1,1
00001084_001.png,No Finding,1,1084,049Y,M,PA,2500,2048,0.168,0.168,,49,0.49,1,1
00001085_000.png,Nodule,0,1085,089Y,M,PA,2048,2500,0.168,0.168,,89,0.89,1,1
00001085_001.png,Fibrosis|Infiltration|Mass|Pleural_Thickening,1,1085,091Y,M,PA,2048,2500,0.168,0.168,,91,0.91,1,1
00001086_000.png,Cardiomegaly,0,1086,073Y,F,PA,2021,2021,0.194311,0.194311,,73,0.73,0,1
00001086_001.png,No Finding,1,1086,069Y,F,PA,2294,2537,0.143,0.143,,69,0.69,0,1
00001089_000.png,Nodule,0,1089,030Y,M,PA,2500,2048,0.171,0.171,,30,0.3,1,1
00001089_001.png,No Finding,1,1089,030Y,M,PA,2500,2048,0.171,0.171,,30,0.3,1,1
00001089_002.png,No Finding,2,1089,032Y,M,PA,2500,2048,0.171,0.171,,32,0.32,1,1
00001089_003.png,Atelectasis,3,1089,033Y,M,PA,2500,2048,0.168,0.168,,33,0.33,1,1
00001090_000.png,No Finding,0,1090,066Y,F,AP,2500,2048,0.168,0.168,,66,0.66,0,0
00001092_000.png,Atelectasis,0,1092,059Y,M,PA,2500,2048,0.171,0.171,,59,0.59,1,1
00001094_000.png,No Finding,0,1094,075Y,M,PA,2666,2991,0.143,0.143,,75,0.75,1,1
00001094_001.png,No Finding,1,1094,076Y,M,AP,2500,2048,0.168,0.168,,76,0.76,1,0
00001094_002.png,No Finding,2,1094,076Y,M,AP,2500,2048,0.168,0.168,,76,0.76,1,0
00001094_003.png,No Finding,3,1094,075Y,M,PA,2788,2449,0.143,0.143,,75,0.75,1,1
00001095_000.png,No Finding,0,1095,064Y,M,PA,2500,2048,0.168,0.168,,64,0.64,1,1
00001096_000.png,No Finding,0,1096,059Y,F,PA,2992,2991,0.143,0.143,,59,0.59,0,1
00001096_001.png,Cardiomegaly|Effusion,1,1096,062Y,F,PA,2606,2589,0.143,0.143,,62,0.62,0,1
00001096_002.png,No Finding,2,1096,062Y,F,PA,2992,2991,0.143,0.143,,62,0.62,0,1
00001097_000.png,Cardiomegaly|Mass,0,1097,082Y,F,PA,2048,2500,0.168,0.168,,82,0.82,0,1
00001098_000.png,No Finding,0,1098,052Y,F,PA,2048,2500,0.168,0.168,,52,0.52,0,1
00001099_000.png,No Finding,0,1099,024Y,F,AP,2500,2048,0.171,0.171,,24,0.24,0,0
00001100_000.png,No Finding,0,1100,053Y,M,PA,2500,2048,0.168,0.168,,53,0.53,1,1
00001100_001.png,No Finding,1,1100,055Y,M,PA,2642,2991,0.143,0.143,,55,0.55,1,1
00001100_002.png,No Finding,2,1100,059Y,M,PA,3056,2544,0.139,0.139,,59,0.59,1,1
00001101_000.png,No Finding,0,1101,045Y,F,PA,2992,2991,0.143,0.143,,45,0.45,0,1
00001101_001.png,No Finding,1,1101,045Y,F,AP,3056,2544,0.139,0.139,,45,0.45,0,0
00001101_002.png,No Finding,2,1101,045Y,F,AP,3056,2544,0.139,0.139,,45,0.45,0,0
00001101_003.png,Effusion,3,1101,045Y,F,PA,2992,2991,0.143,0.143,,45,0.45,0,1
00001101_004.png,Effusion,4,1101,045Y,F,PA,2746,2991,0.143,0.143,,45,0.45,0,1
00001101_005.png,Edema,5,1101,037Y,F,AP,2500,2048,0.171,0.171,,37,0.37,0,0
00001101_006.png,No Finding,6,1101,037Y,F,PA,2048,2500,0.171,0.171,,37,0.37,0,1
00001101_007.png,No Finding,7,1101,037Y,F,PA,2048,2500,0.171,0.171,,37,0.37,0,1
00001101_008.png,No Finding,8,1101,038Y,F,PA,2500,2048,0.168,0.168,,38,0.38,0,1
00001101_009.png,No Finding,9,1101,042Y,F,PA,2762,2948,0.143,0.143,,42,0.42,0,1
00001101_010.png,No Finding,10,1101,042Y,F,PA,2992,2991,0.143,0.143,,42,0.42,0,1
00001101_011.png,No Finding,11,1101,042Y,F,AP,2500,2048,0.168,0.168,,42,0.42,0,0
00001101_012.png,Atelectasis,12,1101,042Y,F,AP,2500,2048,0.168,0.168,,42,0.42,0,0
00001101_013.png,No Finding,13,1101,043Y,F,PA,2992,2991,0.143,0.143,,43,0.43,0,1
00001101_014.png,No Finding,14,1101,043Y,F,PA,2992,2991,0.143,0.143,,43,0.43,0,1
00001101_015.png,No Finding,15,1101,043Y,F,AP,2500,2048,0.168,0.168,,43,0.43,0,0
00001101_016.png,Infiltration,16,1101,044Y,F,PA,2892,2948,0.143,0.143,,44,0.44,0,1
00001101_017.png,No Finding,17,1101,044Y,F,AP,2896,2544,0.139,0.139,,44,0.44,0,0
00001101_018.png,No Finding,18,1101,044Y,F,AP,2984,2544,0.139,0.139,,44,0.44,0,0
00001101_019.png,No Finding,19,1101,044Y,F,AP,3056,2544,0.139,0.139,,44,0.44,0,0
00001101_020.png,No Finding,20,1101,044Y,F,AP,3056,2544,0.139,0.139,,44,0.44,0,0
00001101_021.png,Infiltration,21,1101,045Y,F,PA,2544,3056,0.139,0.139,,45,0.45,0,1
00001101_022.png,No Finding,22,1101,045Y,F,AP,3056,2544,0.139,0.139,,45,0.45,0,0
00001102_000.png,No Finding,0,1102,022Y,M,PA,2574,2221,0.143,0.143,,22,0.22,1,1
00001103_000.png,Consolidation,0,1103,067Y,F,PA,2021,2021,0.194311,0.194311,,67,0.67,0,1
00001103_001.png,No Finding,1,1103,068Y,F,PA,2021,2021,0.194311,0.194311,,68,0.68,0,1
00001103_002.png,No Finding,2,1103,060Y,F,PA,2546,2991,0.143,0.143,,60,0.6,0,1
00001103_003.png,No Finding,3,1103,061Y,F,PA,2802,2991,0.143,0.143,,61,0.61,0,1
00001105_000.png,No Finding,0,1105,065Y,F,PA,2048,2500,0.171,0.171,,65,0.65,0,1
00001106_000.png,Edema|Fibrosis,0,1106,068Y,F,PA,2590,2991,0.143,0.143,,68,0.68,0,1
00001106_001.png,No Finding,1,1106,068Y,F,AP,3056,2544,0.139,0.139,,68,0.68,0,0
00001108_000.png,No Finding,0,1108,059Y,M,PA,2021,2021,0.194311,0.194311,,59,0.59,1,1
00001108_001.png,Atelectasis,1,1108,059Y,M,PA,2020,2021,0.194311,0.194311,,59,0.59,1,1
00001108_002.png,Infiltration,2,1108,061Y,M,PA,2021,2021,0.194311,0.194311,,61,0.61,1,1
00001108_003.png,Effusion,3,1108,060Y,M,AP,3056,2544,0.139,0.139,,60,0.6,1,0
00001108_004.png,Atelectasis|Pneumonia,4,1108,050Y,M,PA,2992,2991,0.143,0.143,,50,0.5,1,1
00001111_000.png,No Finding,0,1111,045Y,F,PA,2992,2991,0.143,0.143,,45,0.45,0,1
00001112_000.png,No Finding,0,1112,064Y,F,PA,2021,2021,0.194311,0.194311,,64,0.64,0,1
00001112_001.png,No Finding,1,1112,064Y,F,PA,2021,2021,0.194311,0.194311,,64,0.64,0,1
00001113_000.png,No Finding,0,1113,053Y,M,AP,2500,2048,0.171,0.171,,53,0.53,1,0
00001116_000.png,No Finding,0,1116,055Y,M,PA,2500,2048,0.168,0.168,,55,0.55,1,1
00001117_000.png,No Finding,0,1117,084Y,M,PA,2992,2991,0.143,0.143,,84,0.84,1,1
00001118_000.png,No Finding,0,1118,052Y,M,PA,2500,2048,0.168,0.168,,52,0.52,1,1
00001120_000.png,No Finding,0,1120,055Y,M,PA,2500,2048,0.168,0.168,,55,0.55,1,1
00001120_001.png,No Finding,1,1120,056Y,M,PA,2758,2777,0.143,0.143,,56,0.56,1,1
00001120_002.png,No Finding,2,1120,057Y,M,PA,2992,2991,0.143,0.143,,57,0.57,1,1
00001120_003.png,No Finding,3,1120,059Y,M,PA,2500,2048,0.168,0.168,,59,0.59,1,1
00001121_000.png,No Finding,0,1121,053Y,M,PA,2500,2048,0.168,0.168,,53,0.53,1,1
00001121_001.png,No Finding,1,1121,057Y,M,PA,2926,2709,0.143,0.143,,57,0.57,1,1
00001124_000.png,No Finding,0,1124,031Y,M,PA,2346,2613,0.143,0.143,,31,0.31,1,1
00001125_000.png,No Finding,0,1125,054Y,M,PA,2992,2991,0.143,0.143,,54,0.54,1,1
00001125_001.png,No Finding,1,1125,052Y,M,PA,2992,2991,0.143,0.143,,52,0.52,1,1
00001125_002.png,No Finding,2,1125,053Y,M,PA,2992,2991,0.143,0.143,,53,0.53,1,1
00001126_000.png,No Finding,0,1126,064Y,M,AP,2500,2048,0.171,0.171,,64,0.64,1,0
00001127_000.png,No Finding,0,1127,044Y,M,PA,2500,2048,0.171,0.171,,44,0.44,1,1
00001128_000.png,No Finding,0,1128,062Y,F,AP,2500,2048,0.171,0.171,,62,0.62,0,0
00001128_001.png,No Finding,1,1128,063Y,F,AP,2048,2500,0.171,0.171,,63,0.63,0,0
00001129_000.png,No Finding,0,1129,064Y,F,PA,2021,2021,0.194311,0.194311,,64,0.64,0,1
00001129_001.png,No Finding,1,1129,064Y,F,PA,2021,2021,0.194311,0.194311,,64,0.64,0,1
00001129_002.png,No Finding,2,1129,052Y,F,PA,2048,2500,0.171,0.171,,52,0.52,0,1
00001130_000.png,No Finding,0,1130,044Y,M,PA,2020,2021,0.194311,0.194311,,44,0.44,1,1
00001131_000.png,No Finding,0,1131,038Y,F,PA,2992,2991,0.143,0.143,,38,0.38,0,1
00001132_000.png,No Finding,0,1132,060Y,F,PA,2992,2991,0.143,0.143,,60,0.6,0,1
00001132_001.png,No Finding,1,1132,051Y,F,PA,2048,2500,0.171,0.171,,51,0.51,0,1
00001133_000.png,No Finding,0,1133,058Y,F,PA,2500,2048,0.168,0.168,,58,0.58,0,1
00001135_000.png,No Finding,0,1135,022Y,F,AP,2500,2048,0.168,0.168,,22,0.22,0,0
00001136_000.png,No Finding,0,1136,013Y,F,PA,2048,2500,0.171,0.171,,13,0.13,0,1
00001136_001.png,No Finding,1,1136,015Y,F,PA,2048,2500,0.168,0.168,,15,0.15,0,1
00001136_002.png,No Finding,2,1136,016Y,F,PA,2048,2500,0.168,0.168,,16,0.16,0,1
00001136_003.png,No Finding,3,1136,019Y,F,PA,2770,2789,0.143,0.143,,19,0.19,0,1
00001137_000.png,No Finding,0,1137,017Y,F,AP,2500,2048,0.171,0.171,,17,0.17,0,0
00001137_001.png,No Finding,1,1137,018Y,F,PA,2048,2500,0.168,0.168,,18,0.18,0,1
00001137_002.png,No Finding,2,1137,018Y,F,PA,2048,2500,0.168,0.168,,18,0.18,0,1
00001138_000.png,No Finding,0,1138,051Y,F,PA,2048,2500,0.171,0.171,,51,0.51,0,1
00001140_000.png,Atelectasis,0,1140,050Y,M,PA,2021,2020,0.194311,0.194311,,50,0.5,1,1
00001140_001.png,Atelectasis|Pleural_Thickening,1,1140,050Y,M,PA,2021,2021,0.194311,0.194311,,50,0.5,1,1
00001140_002.png,Pleural_Thickening,2,1140,037Y,M,PA,2048,2500,0.171,0.171,,37,0.37,1,1
00001140_003.png,Pleural_Thickening,3,1140,042Y,M,PA,2662,2991,0.143,0.143,,42,0.42,1,1
00001140_004.png,Fibrosis,4,1140,043Y,M,PA,2992,2991,0.143,0.143,,43,0.43,1,1
00001140_005.png,Atelectasis,5,1140,043Y,M,AP,2500,2048,0.168,0.168,,43,0.43,1,0
00001141_000.png,No Finding,0,1141,023Y,F,PA,2992,2991,0.143,0.143,,23,0.23,0,1
00001142_000.png,Effusion,0,1142,051Y,M,PA,2500,2048,0.168,0.168,,51,0.51,1,1
00001143_000.png,No Finding,0,1143,063Y,F,PA,3056,2544,0.139,0.139,,63,0.63,0,1
00001143_001.png,No Finding,1,1143,051Y,F,PA,2048,2500,0.171,0.171,,51,0.51,0,1
00001143_002.png,No Finding,2,1143,053Y,F,PA,2048,2500,0.171,0.171,,53,0.53,0,1
00001143_003.png,No Finding,3,1143,057Y,F,PA,2992,2991,0.143,0.143,,57,0.57,0,1
00001144_000.png,No Finding,0,1144,044Y,M,PA,2500,2048,0.168,0.168,,44,0.44,1,1
00001145_000.png,No Finding,0,1145,028Y,M,PA,3056,2544,0.139,0.139,,28,0.28,1,1
00001145_001.png,Atelectasis|Infiltration,1,1145,030Y,M,AP,3056,2544,0.139,0.139,,30,0.3,1,0
00001145_002.png,Effusion|Infiltration,2,1145,030Y,M,AP,3056,2544,0.139,0.139,,30,0.3,1,0
00001145_003.png,Mass,3,1145,027Y,M,PA,2992,2991,0.143,0.143,,27,0.27,1,1
00001145_004.png,No Finding,4,1145,028Y,M,PA,2992,2991,0.143,0.143,,28,0.28,1,1
00001146_000.png,No Finding,0,1146,052Y,M,PA,2500,2048,0.171,0.171,,52,0.52,1,1
00001147_000.png,No Finding,0,1147,042Y,M,PA,3056,2544,0.139,0.139,,42,0.42,1,1
00001147_001.png,No Finding,1,1147,038Y,M,PA,2626,2641,0.143,0.143,,38,0.38,1,1
00001147_002.png,No Finding,2,1147,039Y,M,PA,2670,2991,0.143,0.143,,39,0.39,1,1
00001149_000.png,Infiltration,0,1149,056Y,F,PA,2992,2991,0.143,0.143,,56,0.56,0,1
00001149_001.png,No Finding,1,1149,047Y,F,PA,2048,2500,0.171,0.171,,47,0.47,0,1
00001150_000.png,No Finding,0,1150,073Y,F,PA,2500,2048,0.168,0.168,,73,0.73,0,1
00001151_000.png,No Finding,0,1151,063Y,F,PA,2021,2011,0.194311,0.194311,,63,0.63,0,1
00001151_001.png,No Finding,1,1151,063Y,F,AP,3056,2544,0.139,0.139,,63,0.63,0,0
00001151_002.png,No Finding,2,1151,063Y,F,AP,3056,2544,0.139,0.139,,63,0.63,0,0
00001151_003.png,Infiltration,3,1151,055Y,F,AP,2500,2048,0.168,0.168,,55,0.55,0,0
00001151_004.png,Effusion|Infiltration,4,1151,055Y,F,AP,2500,2048,0.168,0.168,,55,0.55,0,0
00001151_005.png,Atelectasis|Consolidation|Edema,5,1151,055Y,F,AP,2500,2048,0.168,0.168,,55,0.55,0,0
00001151_006.png,No Finding,6,1151,055Y,F,AP,2500,2048,0.168,0.168,,55,0.55,0,0
00001151_007.png,No Finding,7,1151,055Y,F,AP,2500,2048,0.168,0.168,,55,0.55,0,0
00001151_008.png,No Finding,8,1151,056Y,F,PA,2500,2577,0.143,0.143,,56,0.56,0,1
00001152_000.png,Infiltration,0,1152,032Y,F,PA,2992,2991,0.143,0.143,,32,0.32,0,1
00001152_001.png,Atelectasis,1,1152,032Y,F,PA,2492,3056,0.139,0.139,,32,0.32,0,1
00001152_002.png,Atelectasis,2,1152,032Y,F,PA,2992,2991,0.143,0.143,,32,0.32,0,1
00001152_003.png,Edema,3,1152,032Y,F,AP,3056,2544,0.139,0.139,,32,0.32,0,0
00001152_004.png,Edema,4,1152,032Y,F,AP,3040,2544,0.139,0.139,,32,0.32,0,0
00001153_000.png,Fibrosis|Pleural_Thickening,0,1153,064Y,M,PA,2500,2048,0.168,0.168,,64,0.64,1,1
00001153_001.png,No Finding,1,1153,064Y,M,AP,2500,2048,0.168,0.168,,64,0.64,1,0
00001153_002.png,Infiltration|Pleural_Thickening,2,1153,064Y,M,PA,2500,2048,0.168,0.168,,64,0.64,1,1
00001153_003.png,No Finding,3,1153,064Y,M,AP,2500,2048,0.168,0.168,,64,0.64,1,0
00001153_004.png,Atelectasis,4,1153,064Y,M,AP,2500,2048,0.168,0.168,,64,0.64,1,0
00001153_005.png,Effusion,5,1153,064Y,M,PA,2048,2500,0.168,0.168,,64,0.64,1,1
00001153_006.png,No Finding,6,1153,064Y,M,PA,2500,2048,0.168,0.168,,64,0.64,1,1
00001154_000.png,No Finding,0,1154,065Y,F,PA,2794,2541,0.143,0.143,,65,0.65,0,1
00001154_001.png,No Finding,1,1154,055Y,F,PA,2048,2500,0.171,0.171,,55,0.55,0,1
00001154_002.png,No Finding,2,1154,056Y,F,PA,2048,2500,0.168,0.168,,56,0.56,0,1
00001154_003.png,Nodule,3,1154,060Y,F,PA,2678,2991,0.143,0.143,,60,0.6,0,1
00001154_004.png,No Finding,4,1154,061Y,F,PA,2782,2991,0.143,0.143,,61,0.61,0,1
00001154_005.png,No Finding,5,1154,062Y,F,PA,2818,2713,0.143,0.143,,62,0.62,0,1
00001154_006.png,No Finding,6,1154,063Y,F,PA,2452,2656,0.139,0.139,,63,0.63,0,1
00001154_007.png,No Finding,7,1154,064Y,F,PA,2992,2991,0.143,0.143,,64,0.64,0,1
00001155_000.png,No Finding,0,1155,052Y,M,PA,2500,2048,0.168,0.168,,52,0.52,1,1
00001156_000.png,No Finding,0,1156,067Y,F,PA,2500,2048,0.168,0.168,,67,0.67,0,1
00001156_001.png,No Finding,1,1156,075Y,F,PA,2544,3056,0.139,0.139,,75,0.75,0,1
00001156_002.png,No Finding,2,1156,075Y,F,PA,2992,2991,0.143,0.143,,75,0.75,0,1
00001157_000.png,No Finding,0,1157,046Y,F,PA,2500,2048,0.168,0.168,,46,0.46,0,1
00001157_001.png,Cardiomegaly,1,1157,046Y,F,PA,2048,2500,0.168,0.168,,46,0.46,0,1
00001157_002.png,Emphysema,2,1157,046Y,F,AP,2500,2048,0.168,0.168,,46,0.46,0,0
00001157_003.png,No Finding,3,1157,046Y,F,PA,2500,2048,0.168,0.168,,46,0.46,0,1
00001157_004.png,No Finding,4,1157,046Y,F,PA,2500,2048,0.168,0.168,,46,0.46,0,1
00001157_005.png,Effusion,5,1157,046Y,F,PA,2500,2048,0.168,0.168,,46,0.46,0,1
00001158_000.png,No Finding,0,1158,067Y,M,PA,2500,2048,0.171,0.171,,67,0.67,1,1
00001158_001.png,Mass,1,1158,067Y,M,PA,2500,2048,0.171,0.171,,67,0.67,1,1
00001158_002.png,Atelectasis|Mass,2,1158,067Y,M,PA,2500,2048,0.171,0.171,,67,0.67,1,1
00001158_003.png,No Finding,3,1158,067Y,M,PA,2500,2048,0.171,0.171,,67,0.67,1,1
00001159_000.png,No Finding,0,1159,055Y,F,PA,2992,2991,0.143,0.143,,55,0.55,0,1
00001159_001.png,Infiltration,1,1159,055Y,F,PA,2992,2991,0.143,0.143,,55,0.55,0,1
00001159_002.png,No Finding,2,1159,055Y,F,PA,2992,2991,0.143,0.143,,55,0.55,0,1
00001160_000.png,No Finding,0,1160,068Y,F,PA,2048,2500,0.171,0.171,,68,0.68,0,1
00001161_000.png,No Finding,0,1161,023Y,M,PA,2048,2500,0.168,0.168,,23,0.23,1,1
00001161_001.png,No Finding,1,1161,023Y,M,PA,2048,2500,0.168,0.168,,23,0.23,1,1
00001162_000.png,Pneumonia,0,1162,082Y,M,AP,2500,2048,0.168,0.168,,82,0.82,1,0
00001163_000.png,No Finding,0,1163,055Y,F,PA,2650,2985,0.143,0.143,,55,0.55,0,1
00001165_000.png,No Finding,0,1165,033Y,M,PA,2500,2048,0.168,0.168,,33,0.33,1,1
00001165_001.png,No Finding,1,1165,034Y,M,PA,2962,2991,0.143,0.143,,34,0.34,1,1
00001166_000.png,Infiltration,0,1166,049Y,F,PA,2021,2020,0.194311,0.194311,,49,0.49,0,1
00001166_001.png,No Finding,1,1166,037Y,F,PA,2048,2500,0.168,0.168,,37,0.37,0,1
00001167_000.png,Consolidation|Fibrosis|Infiltration|Nodule,0,1167,051Y,F,PA,2992,2991,0.143,0.143,,51,0.51,0,1
00001168_000.png,No Finding,0,1168,056Y,F,PA,2992,2991,0.143,0.143,,56,0.56,0,1
00001169_000.png,No Finding,0,1169,046Y,F,PA,2992,2991,0.143,0.143,,46,0.46,0,1
00001169_001.png,No Finding,1,1169,038Y,F,PA,2500,2048,0.171,0.171,,38,0.38,0,1
00001170_000.png,No Finding,0,1170,020Y,M,PA,2456,2968,0.139,0.139,,20,0.2,1,1
00001170_001.png,Infiltration,1,1170,021Y,M,PA,2500,2048,0.171,0.171,,21,0.21,1,1
00001170_002.png,No Finding,2,1170,021Y,M,PA,2500,2048,0.171,0.171,,21,0.21,1,1
00001170_003.png,No Finding,3,1170,021Y,M,PA,2500,2048,0.171,0.171,,21,0.21,1,1
00001170_004.png,No Finding,4,1170,021Y,M,PA,2048,2500,0.171,0.171,,21,0.21,1,1
00001170_005.png,Emphysema|Pleural_Thickening,5,1170,021Y,M,PA,2500,2048,0.171,0.171,,21,0.21,1,1
00001170_006.png,Pleural_Thickening|Pneumothorax,6,1170,021Y,M,PA,2500,2048,0.171,0.171,,21,0.21,1,1
00001170_007.png,No Finding,7,1170,023Y,M,AP,2500,2048,0.168,0.168,,23,0.23,1,0
00001170_008.png,No Finding,8,1170,023Y,M,AP,2500,2048,0.168,0.168,,23,0.23,1,0
00001170_009.png,No Finding,9,1170,023Y,M,AP,2500,2048,0.168,0.168,,23,0.23,1,0
00001170_010.png,Consolidation,10,1170,023Y,M,AP,2500,2048,0.168,0.168,,23,0.23,1,0
00001170_011.png,No Finding,11,1170,023Y,M,AP,2500,2048,0.168,0.168,,23,0.23,1,0
00001170_012.png,Pneumothorax,12,1170,023Y,M,AP,2500,2048,0.168,0.168,,23,0.23,1,0
00001170_013.png,No Finding,13,1170,023Y,M,AP,2500,2048,0.168,0.168,,23,0.23,1,0
00001170_014.png,No Finding,14,1170,023Y,M,AP,2500,2048,0.168,0.168,,23,0.23,1,0
00001170_015.png,Pneumothorax,15,1170,023Y,M,AP,2500,2048,0.168,0.168,,23,0.23,1,0
00001170_016.png,Effusion|Pneumothorax,16,1170,023Y,M,AP,2500,2048,0.168,0.168,,23,0.23,1,0
00001170_017.png,Atelectasis|Pneumothorax,17,1170,023Y,M,AP,2500,2048,0.168,0.168,,23,0.23,1,0
00001170_018.png,Infiltration|Pneumothorax,18,1170,023Y,M,AP,2500,2048,0.168,0.168,,23,0.23,1,0
00001170_019.png,Atelectasis|Pneumothorax,19,1170,023Y,M,AP,2500,2048,0.168,0.168,,23,0.23,1,0
00001170_020.png,Atelectasis|Pneumothorax,20,1170,023Y,M,PA,2500,2048,0.168,0.168,,23,0.23,1,1
00001170_021.png,Atelectasis|Pneumothorax,21,1170,023Y,M,PA,2500,2048,0.168,0.168,,23,0.23,1,1
00001170_022.png,Atelectasis|Pneumothorax,22,1170,023Y,M,AP,2500,2048,0.168,0.168,,23,0.23,1,0
00001170_023.png,Pneumothorax,23,1170,023Y,M,PA,2048,2500,0.168,0.168,,23,0.23,1,1
00001170_024.png,Pneumothorax,24,1170,023Y,M,AP,2500,2048,0.168,0.168,,23,0.23,1,0
00001170_025.png,No Finding,25,1170,023Y,M,AP,2500,2048,0.168,0.168,,23,0.23,1,0
00001170_026.png,Effusion|Pleural_Thickening|Pneumothorax,26,1170,023Y,M,AP,2500,2048,0.168,0.168,,23,0.23,1,0
00001170_027.png,Effusion|Pleural_Thickening|Pneumothorax,27,1170,023Y,M,AP,2500,2048,0.168,0.168,,23,0.23,1,0
00001170_028.png,Pneumothorax,28,1170,023Y,M,AP,2500,2048,0.168,0.168,,23,0.23,1,0
00001170_029.png,Pneumothorax,29,1170,023Y,M,AP,2500,2048,0.168,0.168,,23,0.23,1,0
00001170_030.png,Pneumothorax,30,1170,023Y,M,PA,2048,2500,0.168,0.168,,23,0.23,1,1
00001170_031.png,No Finding,31,1170,023Y,M,PA,2048,2500,0.168,0.168,,23,0.23,1,1
00001170_032.png,No Finding,32,1170,023Y,M,PA,2500,2048,0.168,0.168,,23,0.23,1,1
00001170_033.png,Infiltration|Pleural_Thickening|Pneumothorax,33,1170,023Y,M,AP,2048,2500,0.168,0.168,,23,0.23,1,0
00001170_034.png,Pneumothorax,34,1170,023Y,M,PA,2048,2500,0.168,0.168,,23,0.23,1,1
00001170_035.png,Pneumothorax,35,1170,023Y,M,PA,2048,2500,0.168,0.168,,23,0.23,1,1
00001170_036.png,Pneumothorax,36,1170,023Y,M,PA,2048,2500,0.168,0.168,,23,0.23,1,1
00001170_037.png,Pneumothorax,37,1170,023Y,M,PA,2048,2500,0.168,0.168,,23,0.23,1,1
00001170_038.png,No Finding,38,1170,023Y,M,PA,2048,2500,0.168,0.168,,23,0.23,1,1
00001170_039.png,Pneumothorax,39,1170,023Y,M,PA,2048,2500,0.168,0.168,,23,0.23,1,1
00001170_040.png,Pneumothorax,40,1170,023Y,M,PA,2048,2500,0.168,0.168,,23,0.23,1,1
00001170_041.png,Pneumothorax,41,1170,023Y,M,AP,2500,2048,0.168,0.168,,23,0.23,1,0
00001170_042.png,Mass|Pleural_Thickening,42,1170,023Y,M,PA,2500,2048,0.168,0.168,,23,0.23,1,1
00001170_043.png,Mass|Pleural_Thickening,43,1170,023Y,M,PA,2048,2500,0.168,0.168,,23,0.23,1,1
00001170_044.png,No Finding,44,1170,023Y,M,PA,2048,2500,0.168,0.168,,23,0.23,1,1
00001170_045.png,Pleural_Thickening|Pneumothorax,45,1170,023Y,M,PA,2048,2500,0.168,0.168,,23,0.23,1,1
00001170_046.png,Atelectasis|Effusion|Pneumothorax,46,1170,023Y,M,PA,2048,2500,0.168,0.168,,23,0.23,1,1
00001170_047.png,Pleural_Thickening|Pneumothorax,47,1170,024Y,M,PA,2500,2048,0.168,0.168,,24,0.24,1,1
00001170_048.png,No Finding,48,1170,024Y,M,PA,2566,2881,0.143,0.143,,24,0.24,1,1
00001170_049.png,Fibrosis,49,1170,025Y,M,PA,2782,2873,0.143,0.143,,25,0.25,1,1
00001170_050.png,No Finding,50,1170,025Y,M,PA,2686,2991,0.143,0.143,,25,0.25,1,1
00001170_051.png,No Finding,51,1170,026Y,M,AP,2500,2048,0.168,0.168,,26,0.26,1,0
00001170_052.png,No Finding,52,1170,026Y,M,AP,2048,2500,0.168,0.168,,26,0.26,1,0
00001170_053.png,Consolidation,53,1170,026Y,M,AP,2500,2048,0.168,0.168,,26,0.26,1,0
00001170_054.png,No Finding,54,1170,026Y,M,AP,2500,2048,0.168,0.168,,26,0.26,1,0
00001170_055.png,No Finding,55,1170,025Y,M,PA,2992,2991,0.143,0.143,,25,0.25,1,1
00001171_000.png,No Finding,0,1171,052Y,M,PA,2748,2937,0.143,0.143,,52,0.52,1,1
00001172_000.png,No Finding,0,1172,047Y,M,PA,2500,2048,0.168,0.168,,47,0.47,1,1
00001173_000.png,No Finding,0,1173,032Y,M,PA,2500,2048,0.168,0.168,,32,0.32,1,1
00001174_000.png,No Finding,0,1174,050Y,M,PA,2474,2837,0.143,0.143,,50,0.5,1,1
00001175_000.png,No Finding,0,1175,061Y,M,PA,2990,2991,0.143,0.143,,61,0.61,1,1
00001177_000.png,No Finding,0,1177,060Y,M,PA,2992,2991,0.143,0.143,,60,0.6,1,1
00001178_000.png,No Finding,0,1178,039Y,F,PA,2992,2991,0.143,0.143,,39,0.39,0,1
00001179_000.png,No Finding,0,1179,009Y,F,AP,2048,2500,0.171,0.171,,9,0.09,0,0
00001179_001.png,No Finding,1,1179,010Y,F,AP,2048,2500,0.171,0.171,,10,0.1,0,0
00001181_000.png,No Finding,0,1181,018Y,F,AP,2500,2048,0.168,0.168,,18,0.18,0,0
00001182_000.png,No Finding,0,1182,026Y,M,PA,2048,2500,0.171,0.171,,26,0.26,1,1
00001182_001.png,Mass|Nodule,1,1182,027Y,M,PA,2500,2048,0.171,0.171,,27,0.27,1,1
00001182_002.png,No Finding,2,1182,027Y,M,PA,2500,2048,0.171,0.171,,27,0.27,1,1
00001182_003.png,Nodule,3,1182,028Y,M,PA,2500,2048,0.171,0.171,,28,0.28,1,1
00001182_004.png,Pneumonia,4,1182,028Y,M,PA,2500,2048,0.171,0.171,,28,0.28,1,1
00001182_005.png,Mass|Nodule,5,1182,028Y,M,PA,2500,2048,0.168,0.168,,28,0.28,1,1
00001182_006.png,No Finding,6,1182,029Y,M,PA,2500,2048,0.168,0.168,,29,0.29,1,1
00001182_007.png,No Finding,7,1182,029Y,M,PA,2500,2048,0.168,0.168,,29,0.29,1,1
00001182_008.png,Mass,8,1182,029Y,M,PA,2500,2048,0.168,0.168,,29,0.29,1,1
00001182_009.png,No Finding,9,1182,029Y,M,PA,2500,2048,0.168,0.168,,29,0.29,1,1
00001182_010.png,Mass,10,1182,030Y,M,PA,2500,2048,0.168,0.168,,30,0.3,1,1
00001182_011.png,No Finding,11,1182,030Y,M,PA,2500,2048,0.168,0.168,,30,0.3,1,1
00001185_000.png,No Finding,0,1185,057Y,M,PA,2500,2048,0.168,0.168,,57,0.57,1,1
00001186_000.png,No Finding,0,1186,045Y,F,AP,2048,2500,0.168,0.168,,45,0.45,0,0
00001187_000.png,Infiltration|Pleural_Thickening,0,1187,067Y,F,AP,2500,2048,0.168,0.168,,67,0.67,0,0
00001187_001.png,Effusion|Mass,1,1187,067Y,F,PA,2048,2500,0.168,0.168,,67,0.67,0,1
00001187_002.png,Mass,2,1187,067Y,F,PA,2048,2500,0.168,0.168,,67,0.67,0,1
00001187_003.png,Mass,3,1187,067Y,F,PA,2048,2500,0.168,0.168,,67,0.67,0,1
00001187_004.png,No Finding,4,1187,067Y,F,AP,2500,2048,0.168,0.168,,67,0.67,0,0
00001187_005.png,Mass,5,1187,067Y,F,PA,2048,2500,0.168,0.168,,67,0.67,0,1
00001187_006.png,No Finding,6,1187,067Y,F,PA,2048,2500,0.168,0.168,,67,0.67,0,1
00001188_000.png,No Finding,0,1188,052Y,F,PA,2686,2581,0.143,0.143,,52,0.52,0,1
00001189_000.png,No Finding,0,1189,060Y,M,PA,2048,2500,0.168,0.168,,60,0.6,1,1
00001190_000.png,No Finding,0,1190,022Y,M,AP,2500,2048,0.168,0.168,,22,0.22,1,0
00001190_001.png,No Finding,1,1190,022Y,M,AP,2500,2048,0.168,0.168,,22,0.22,1,0
00001190_002.png,Consolidation,2,1190,023Y,M,PA,2992,2991,0.143,0.143,,23,0.23,1,1
00001190_003.png,No Finding,3,1190,024Y,M,PA,2048,2500,0.168,0.168,,24,0.24,1,1
00001192_000.png,No Finding,0,1192,056Y,M,PA,2992,2991,0.143,0.143,,56,0.56,1,1
00001192_001.png,No Finding,1,1192,049Y,M,PA,2766,2681,0.143,0.143,,49,0.49,1,1
00001193_000.png,No Finding,0,1193,052Y,F,PA,2048,2500,0.171,0.171,,52,0.52,0,1
00001194_000.png,Pneumothorax,0,1194,039Y,M,AP,2500,2048,0.168,0.168,,39,0.39,1,0
00001194_001.png,No Finding,1,1194,039Y,M,AP,2500,2048,0.168,0.168,,39,0.39,1,0
00001194_002.png,Effusion|Pneumothorax,2,1194,039Y,M,PA,2048,2500,0.168,0.168,,39,0.39,1,1
00001194_003.png,No Finding,3,1194,041Y,M,PA,2992,2991,0.143,0.143,,41,0.41,1,1
00001194_004.png,No Finding,4,1194,041Y,M,PA,2992,2991,0.143,0.143,,41,0.41,1,1
00001194_005.png,Pneumothorax,5,1194,041Y,M,PA,2462,2677,0.143,0.143,,41,0.41,1,1
00001194_006.png,No Finding,6,1194,042Y,M,AP,2048,2500,0.168,0.168,,42,0.42,1,0
00001195_000.png,No Finding,0,1195,036Y,M,PA,2822,2991,0.143,0.143,,36,0.36,1,1
00001196_000.png,No Finding,0,1196,013Y,M,PA,2048,2500,0.171,0.171,,13,0.13,1,1
00001197_000.png,Infiltration,0,1197,050Y,M,PA,2992,2991,0.143,0.143,,50,0.5,1,1
00001199_000.png,No Finding,0,1199,050Y,M,PA,2500,2048,0.171,0.171,,50,0.5,1,1
00001199_001.png,No Finding,1,1199,051Y,M,PA,2500,2048,0.168,0.168,,51,0.51,1,1
00001199_002.png,Emphysema,2,1199,052Y,M,AP,2500,2048,0.168,0.168,,52,0.52,1,0
00001199_003.png,Atelectasis|Emphysema,3,1199,052Y,M,AP,2500,2048,0.168,0.168,,52,0.52,1,0
00001199_004.png,Atelectasis,4,1199,052Y,M,PA,2500,2048,0.168,0.168,,52,0.52,1,1
00001199_005.png,Atelectasis,5,1199,052Y,M,PA,2500,2048,0.168,0.168,,52,0.52,1,1
00001199_006.png,No Finding,6,1199,054Y,M,PA,2048,2500,0.168,0.168,,54,0.54,1,1
00001199_007.png,Pleural_Thickening,7,1199,054Y,M,AP,2500,2048,0.168,0.168,,54,0.54,1,0
00001199_008.png,Atelectasis,8,1199,054Y,M,AP,2500,2048,0.168,0.168,,54,0.54,1,0
00001200_000.png,Atelectasis|Pneumonia,0,1200,022Y,M,AP,2500,2048,0.171,0.171,,22,0.22,1,0
00001200_001.png,No Finding,1,1200,022Y,M,AP,2500,2048,0.171,0.171,,22,0.22,1,0
00001200_002.png,No Finding,2,1200,022Y,M,PA,2500,2048,0.171,0.171,,22,0.22,1,1
00001200_003.png,Atelectasis,3,1200,022Y,M,AP,2500,2048,0.171,0.171,,22,0.22,1,0
00001200_004.png,No Finding,4,1200,022Y,M,AP,2500,2048,0.171,0.171,,22,0.22,1,0
00001200_005.png,No Finding,5,1200,022Y,M,PA,2500,2048,0.168,0.168,,22,0.22,1,1
00001200_006.png,No Finding,6,1200,022Y,M,AP,2500,2048,0.171,0.171,,22,0.22,1,0
00001200_007.png,Atelectasis|Infiltration,7,1200,024Y,M,AP,2500,2048,0.168,0.168,,24,0.24,1,0
00001200_008.png,Atelectasis|Infiltration,8,1200,024Y,M,AP,2500,2048,0.168,0.168,,24,0.24,1,0
00001200_009.png,Atelectasis|Infiltration,9,1200,024Y,M,AP,2500,2048,0.168,0.168,,24,0.24,1,0
00001200_010.png,No Finding,10,1200,024Y,M,AP,2500,2048,0.168,0.168,,24,0.24,1,0
00001200_011.png,No Finding,11,1200,024Y,M,AP,2500,2048,0.168,0.168,,24,0.24,1,0
00001200_012.png,Edema|Effusion|Infiltration,12,1200,024Y,M,AP,2500,2048,0.168,0.168,,24,0.24,1,0
00001200_013.png,Edema|Effusion|Infiltration,13,1200,024Y,M,AP,2500,2048,0.168,0.168,,24,0.24,1,0
00001200_014.png,Edema|Effusion|Infiltration,14,1200,024Y,M,AP,2500,2048,0.168,0.168,,24,0.24,1,0
00001200_015.png,Infiltration|Nodule,15,1200,024Y,M,AP,2500,2048,0.168,0.168,,24,0.24,1,0
00001200_016.png,Infiltration|Nodule,16,1200,024Y,M,AP,2500,2048,0.168,0.168,,24,0.24,1,0
00001200_017.png,Infiltration,17,1200,024Y,M,AP,2500,2048,0.168,0.168,,24,0.24,1,0
00001200_018.png,Infiltration,18,1200,024Y,M,AP,2500,2048,0.168,0.168,,24,0.24,1,0
00001200_019.png,Infiltration,19,1200,024Y,M,AP,2500,2048,0.168,0.168,,24,0.24,1,0
00001200_020.png,No Finding,20,1200,024Y,M,AP,2500,2048,0.168,0.168,,24,0.24,1,0
00001200_021.png,Infiltration,21,1200,024Y,M,AP,2500,2048,0.168,0.168,,24,0.24,1,0
00001200_022.png,Infiltration,22,1200,024Y,M,AP,2500,2048,0.168,0.168,,24,0.24,1,0
00001200_023.png,Infiltration,23,1200,024Y,M,AP,2500,2048,0.168,0.168,,24,0.24,1,0
00001201_000.png,No Finding,0,1201,043Y,M,PA,2500,2048,0.171,0.171,,43,0.43,1,1
00001204_000.png,No Finding,0,1204,057Y,F,PA,2990,2991,0.143,0.143,,57,0.57,0,1
00001204_001.png,No Finding,1,1204,050Y,F,PA,2992,2991,0.143,0.143,,50,0.5,0,1
00001205_000.png,Infiltration,0,1205,049Y,F,PA,2544,3056,0.139,0.139,,49,0.49,0,1
00001205_001.png,No Finding,1,1205,050Y,F,PA,2992,2461,0.143,0.143,,50,0.5,0,1
00001205_002.png,Hernia|Infiltration,2,1205,051Y,F,PA,2544,3056,0.139,0.139,,51,0.51,0,1
00001205_003.png,Hernia,3,1205,052Y,F,PA,2021,2021,0.194311,0.194311,,52,0.52,0,1
00001205_004.png,No Finding,4,1205,043Y,F,PA,2048,2500,0.168,0.168,,43,0.43,0,1
00001205_005.png,No Finding,5,1205,044Y,F,PA,2992,2991,0.143,0.143,,44,0.44,0,1
00001205_006.png,No Finding,6,1205,045Y,F,PA,2992,2991,0.143,0.143,,45,0.45,0,1
00001205_007.png,Infiltration,7,1205,046Y,F,PA,2506,2733,0.143,0.143,,46,0.46,0,1
00001205_008.png,Fibrosis,8,1205,047Y,F,PA,2506,2991,0.143,0.143,,47,0.47,0,1
00001206_000.png,No Finding,0,1206,053Y,F,PA,2048,2500,0.171,0.171,,53,0.53,0,1
00001206_001.png,Effusion,1,1206,053Y,F,AP,2500,2048,0.171,0.171,,53,0.53,0,0
00001206_002.png,No Finding,2,1206,053Y,F,AP,2500,2048,0.171,0.171,,53,0.53,0,0
00001206_003.png,Atelectasis,3,1206,053Y,F,PA,2048,2500,0.171,0.171,,53,0.53,0,1
00001206_004.png,Effusion,4,1206,053Y,F,PA,2500,2048,0.171,0.171,,53,0.53,0,1
00001206_005.png,Emphysema,5,1206,053Y,F,AP,2500,2048,0.171,0.171,,53,0.53,0,0
00001206_006.png,No Finding,6,1206,053Y,F,PA,2048,2500,0.171,0.171,,53,0.53,0,1
00001206_007.png,Atelectasis|Emphysema|Pneumothorax,7,1206,053Y,F,PA,2048,2500,0.171,0.171,,53,0.53,0,1
00001206_008.png,No Finding,8,1206,053Y,F,PA,2048,2500,0.171,0.171,,53,0.53,0,1
00001207_000.png,No Finding,0,1207,041Y,F,PA,2252,2353,0.143,0.143,,41,0.41,0,1
00001208_000.png,No Finding,0,1208,029Y,F,PA,2992,2991,0.143,0.143,,29,0.29,0,1
00001208_001.png,No Finding,1,1208,029Y,F,AP,3056,2544,0.139,0.139,,29,0.29,0,0
00001208_002.png,No Finding,2,1208,029Y,F,PA,2992,2991,0.143,0.143,,29,0.29,0,1
00001208_003.png,No Finding,3,1208,029Y,F,PA,2992,2991,0.143,0.143,,29,0.29,0,1
00001208_004.png,No Finding,4,1208,029Y,F,AP,3056,2544,0.139,0.139,,29,0.29,0,0
00001208_005.png,No Finding,5,1208,029Y,F,PA,2992,2991,0.143,0.143,,29,0.29,0,1
00001209_000.png,No Finding,0,1209,045Y,M,AP,3056,2544,0.139,0.139,,45,0.45,1,0
00001209_001.png,Effusion|Infiltration,1,1209,045Y,M,PA,2021,2021,0.194311,0.194311,,45,0.45,1,1
00001210_000.png,No Finding,0,1210,065Y,M,PA,3056,2544,0.139,0.139,,65,0.65,1,1
00001210_001.png,No Finding,1,1210,065Y,M,PA,3056,2544,0.139,0.139,,65,0.65,1,1
00001210_002.png,Infiltration,2,1210,067Y,M,PA,2021,2021,0.194311,0.194311,,67,0.67,1,1
00001210_003.png,No Finding,3,1210,067Y,M,PA,2021,2021,0.194311,0.194311,,67,0.67,1,1
00001210_004.png,No Finding,4,1210,063Y,M,PA,3056,2456,0.139,0.139,,63,0.63,1,1
00001210_005.png,Effusion,5,1210,063Y,M,PA,2992,2991,0.143,0.143,,63,0.63,1,1
00001210_006.png,No Finding,6,1210,063Y,M,AP,3056,2544,0.139,0.139,,63,0.63,1,0
00001210_007.png,No Finding,7,1210,063Y,M,PA,2992,2991,0.143,0.143,,63,0.63,1,1
00001211_000.png,No Finding,0,1211,040Y,M,PA,2678,2991,0.143,0.143,,40,0.4,1,1
00001212_000.png,No Finding,0,1212,052Y,F,PA,2048,2500,0.171,0.171,,52,0.52,0,1
00001213_000.png,No Finding,0,1213,037Y,F,PA,2048,2500,0.171,0.171,,37,0.37,0,1
00001213_001.png,No Finding,1,1213,039Y,F,PA,2358,2991,0.143,0.143,,39,0.39,0,1
00001213_002.png,No Finding,2,1213,042Y,F,PA,2992,2991,0.143,0.143,,42,0.42,0,1
00001213_003.png,No Finding,3,1213,043Y,F,PA,2048,2500,0.168,0.168,,43,0.43,0,1
00001213_004.png,No Finding,4,1213,043Y,F,PA,2314,2991,0.143,0.143,,43,0.43,0,1
00001214_000.png,Mass,0,1214,067Y,F,PA,2048,2500,0.171,0.171,,67,0.67,0,1
00001215_000.png,No Finding,0,1215,036Y,M,PA,2048,2500,0.171,0.171,,36,0.36,1,1
00001215_001.png,No Finding,1,1215,042Y,M,PA,2638,2991,0.143,0.143,,42,0.42,1,1
00001217_000.png,No Finding,0,1217,058Y,F,PA,2570,2991,0.143,0.143,,58,0.58,0,1
00001217_001.png,No Finding,1,1217,058Y,F,PA,2482,2377,0.143,0.143,,58,0.58,0,1
00001218_000.png,No Finding,0,1218,023Y,F,PA,2048,2500,0.168,0.168,,23,0.23,0,1
00001219_000.png,Infiltration,0,1219,055Y,F,PA,2476,3052,0.139,0.139,,55,0.55,0,1
00001220_000.png,Atelectasis,0,1220,012Y,M,PA,2048,2500,0.171,0.171,,12,0.12,1,1
00001220_001.png,No Finding,1,1220,019Y,M,PA,2500,2048,0.168,0.168,,19,0.19,1,1
00001221_000.png,No Finding,0,1221,051Y,F,PA,2500,2048,0.168,0.168,,51,0.51,0,1
00001221_001.png,No Finding,1,1221,052Y,F,AP,2500,2048,0.168,0.168,,52,0.52,0,0
00001221_002.png,No Finding,2,1221,052Y,F,PA,2048,2500,0.168,0.168,,52,0.52,0,1
00001221_003.png,No Finding,3,1221,059Y,F,PA,2846,2991,0.143,0.143,,59,0.59,0,1
00001221_004.png,No Finding,4,1221,059Y,F,AP,2820,2544,0.139,0.139,,59,0.59,0,0
00001222_000.png,No Finding,0,1222,051Y,M,PA,3056,2544,0.139,0.139,,51,0.51,1,1
00001222_001.png,No Finding,1,1222,052Y,M,PA,2992,2991,0.143,0.143,,52,0.52,1,1
00001222_002.png,No Finding,2,1222,052Y,M,AP,3056,2544,0.139,0.139,,52,0.52,1,0
00001222_003.png,No Finding,3,1222,052Y,M,PA,2021,2021,0.194311,0.194311,,52,0.52,1,1
00001222_004.png,No Finding,4,1222,041Y,M,PA,2500,2048,0.171,0.171,,41,0.41,1,1
00001222_005.png,No Finding,5,1222,041Y,M,PA,2500,2048,0.171,0.171,,41,0.41,1,1
00001222_006.png,No Finding,6,1222,044Y,M,PA,2992,2991,0.143,0.143,,44,0.44,1,1
00001222_007.png,No Finding,7,1222,045Y,M,PA,2992,2991,0.143,0.143,,45,0.45,1,1
00001222_008.png,No Finding,8,1222,045Y,M,AP,2500,2048,0.168,0.168,,45,0.45,1,0
00001222_009.png,Edema|Effusion|Infiltration,9,1222,045Y,M,AP,2500,2048,0.168,0.168,,45,0.45,1,0
00001222_010.png,Consolidation|Effusion,10,1222,045Y,M,AP,2500,2048,0.168,0.168,,45,0.45,1,0
00001222_011.png,No Finding,11,1222,046Y,M,PA,2992,2991,0.143,0.143,,46,0.46,1,1
00001222_012.png,No Finding,12,1222,046Y,M,AP,2500,2048,0.168,0.168,,46,0.46,1,0
00001223_000.png,No Finding,0,1223,014Y,F,AP,2500,2048,0.168,0.168,,14,0.14,0,0
00001223_001.png,No Finding,1,1223,017Y,F,PA,2746,2581,0.143,0.143,,17,0.17,0,1
00001224_000.png,No Finding,0,1224,022Y,F,PA,2992,2991,0.143,0.143,,22,0.22,0,1
00001224_001.png,No Finding,1,1224,023Y,F,PA,2992,2991,0.143,0.143,,23,0.23,0,1
00001225_000.png,No Finding,0,1225,041Y,M,PA,2500,2048,0.171,0.171,,41,0.41,1,1
00001225_001.png,No Finding,1,1225,051Y,M,PA,2992,2991,0.143,0.143,,51,0.51,1,1
00001226_000.png,No Finding,0,1226,080Y,M,AP,2500,2048,0.171,0.171,,80,0.8,1,0
00001226_001.png,Effusion,1,1226,080Y,M,AP,2500,2048,0.171,0.171,,80,0.8,1,0
00001226_002.png,Effusion,2,1226,080Y,M,AP,2500,2048,0.171,0.171,,80,0.8,1,0
00001226_003.png,Effusion,3,1226,080Y,M,AP,2500,2048,0.171,0.171,,80,0.8,1,0
00001226_004.png,Effusion,4,1226,080Y,M,AP,2500,2048,0.171,0.171,,80,0.8,1,0
00001227_000.png,No Finding,0,1227,053Y,M,PA,2992,2991,0.143,0.143,,53,0.53,1,1
00001229_000.png,Fibrosis,0,1229,066Y,M,PA,2500,2048,0.171,0.171,,66,0.66,1,1
00001230_000.png,No Finding,0,1230,038Y,M,PA,2992,2991,0.143,0.143,,38,0.38,1,1
00001230_001.png,No Finding,1,1230,025Y,M,PA,2500,2048,0.171,0.171,,25,0.25,1,1
00001230_002.png,No Finding,2,1230,026Y,M,PA,2500,2048,0.171,0.171,,26,0.26,1,1
00001230_003.png,No Finding,3,1230,026Y,M,PA,2500,2048,0.171,0.171,,26,0.26,1,1
00001230_004.png,No Finding,4,1230,026Y,M,PA,2500,2048,0.171,0.171,,26,0.26,1,1
00001230_005.png,No Finding,5,1230,033Y,M,PA,2992,2991,0.143,0.143,,33,0.33,1,1
00001230_006.png,No Finding,6,1230,033Y,M,PA,2992,2991,0.143,0.143,,33,0.33,1,1
00001230_007.png,Infiltration,7,1230,033Y,M,PA,2992,2991,0.143,0.143,,33,0.33,1,1
00001230_008.png,No Finding,8,1230,034Y,M,PA,2992,2991,0.143,0.143,,34,0.34,1,1
00001231_000.png,No Finding,0,1231,039Y,M,PA,2500,2048,0.171,0.171,,39,0.39,1,1
00001231_001.png,No Finding,1,1231,040Y,M,PA,2500,2048,0.171,0.171,,40,0.4,1,1
00001231_002.png,No Finding,2,1231,041Y,M,PA,2500,2048,0.168,0.168,,41,0.41,1,1
00001232_000.png,Cardiomegaly|Effusion,0,1232,061Y,F,PA,2500,2048,0.168,0.168,,61,0.61,0,1
00001232_001.png,Effusion,1,1232,061Y,F,PA,2500,2048,0.168,0.168,,61,0.61,0,1
00001232_002.png,Atelectasis|Cardiomegaly|Effusion|Infiltration,2,1232,061Y,F,AP,2500,2048,0.168,0.168,,61,0.61,0,0
00001232_003.png,Cardiomegaly|Effusion|Infiltration,3,1232,062Y,F,PA,2048,2500,0.168,0.168,,62,0.62,0,1
00001232_004.png,No Finding,4,1232,063Y,F,PA,2048,2500,0.168,0.168,,63,0.63,0,1
00001232_005.png,No Finding,5,1232,062Y,F,PA,2992,2991,0.143,0.143,,62,0.62,0,1
00001232_006.png,No Finding,6,1232,063Y,F,AP,2500,2048,0.168,0.168,,63,0.63,0,0
00001233_000.png,Emphysema,0,1233,058Y,F,PA,2518,2785,0.143,0.143,,58,0.58,0,1
00001234_000.png,No Finding,0,1234,055Y,M,PA,2992,2991,0.143,0.143,,55,0.55,1,1
00001235_000.png,Effusion|Pleural_Thickening,0,1235,034Y,F,PA,2048,2500,0.171,0.171,,34,0.34,0,1
00001235_001.png,Effusion|Fibrosis|Pneumonia,1,1235,035Y,F,PA,2048,2500,0.171,0.171,,35,0.35,0,1
00001236_000.png,Atelectasis,0,1236,051Y,F,PA,2992,2991,0.143,0.143,,51,0.51,0,1
00001237_000.png,No Finding,0,1237,037Y,M,PA,2500,2048,0.171,0.171,,37,0.37,1,1
00001237_001.png,No Finding,1,1237,038Y,M,PA,2500,2048,0.171,0.171,,38,0.38,1,1
00001238_000.png,Fibrosis,0,1238,023Y,F,PA,2544,3056,0.139,0.139,,23,0.23,0,1
00001238_001.png,No Finding,1,1238,013Y,F,PA,2048,2500,0.168,0.168,,13,0.13,0,1
00001238_002.png,No Finding,2,1238,014Y,F,PA,2430,2991,0.143,0.143,,14,0.14,0,1
00001238_003.png,No Finding,3,1238,015Y,F,PA,2248,2225,0.143,0.143,,15,0.15,0,1
00001239_000.png,No Finding,0,1239,025Y,F,PA,2558,2253,0.143,0.143,,25,0.25,0,1
00001240_000.png,No Finding,0,1240,052Y,F,PA,2048,2500,0.168,0.168,,52,0.52,0,1
00001241_000.png,No Finding,0,1241,050Y,M,PA,2936,2937,0.143,0.143,,50,0.5,1,1
00001242_000.png,No Finding,0,1242,055Y,F,PA,2048,2500,0.171,0.171,,55,0.55,0,1
00001243_000.png,No Finding,0,1243,017Y,M,PA,2048,2500,0.168,0.168,,17,0.17,1,1
00001243_001.png,No Finding,1,1243,019Y,M,PA,2306,2245,0.143,0.143,,19,0.19,1,1
00001245_000.png,No Finding,0,1245,058Y,M,PA,2918,2909,0.143,0.143,,58,0.58,1,1
00001245_001.png,No Finding,1,1245,059Y,M,PA,2992,2991,0.143,0.143,,59,0.59,1,1
00001246_000.png,No Finding,0,1246,015Y,F,PA,2992,2991,0.143,0.143,,15,0.15,0,1
00001249_000.png,No Finding,0,1249,040Y,M,AP,2500,2048,0.168,0.168,,40,0.4,1,0
00001249_001.png,No Finding,1,1249,040Y,M,AP,2500,2048,0.168,0.168,,40,0.4,1,0
00001249_002.png,Edema,2,1249,040Y,M,AP,2500,2048,0.168,0.168,,40,0.4,1,0
00001249_003.png,Edema,3,1249,040Y,M,AP,2500,2048,0.168,0.168,,40,0.4,1,0
00001249_004.png,Edema,4,1249,040Y,M,AP,2500,2048,0.168,0.168,,40,0.4,1,0
00001249_005.png,Edema|Effusion,5,1249,040Y,M,AP,2500,2048,0.168,0.168,,40,0.4,1,0
00001249_006.png,Edema,6,1249,040Y,M,AP,2500,2048,0.168,0.168,,40,0.4,1,0
00001249_007.png,Infiltration,7,1249,040Y,M,PA,2992,2991,0.143,0.143,,40,0.4,1,1
00001249_008.png,Edema|Infiltration,8,1249,041Y,M,AP,2500,2048,0.168,0.168,,41,0.41,1,0
00001249_009.png,Cardiomegaly,9,1249,041Y,M,AP,2500,2048,0.168,0.168,,41,0.41,1,0
00001249_010.png,Cardiomegaly,10,1249,041Y,M,PA,2992,2991,0.143,0.143,,41,0.41,1,1
00001250_000.png,No Finding,0,1250,066Y,F,PA,2048,2500,0.168,0.168,,66,0.66,0,1
00001250_001.png,Atelectasis|Pneumonia,1,1250,066Y,F,PA,2048,2500,0.168,0.168,,66,0.66,0,1
00001250_002.png,Atelectasis|Infiltration,2,1250,066Y,F,PA,2992,2991,0.143,0.143,,66,0.66,0,1
00001250_003.png,Infiltration,3,1250,066Y,F,PA,2446,2581,0.143,0.143,,66,0.66,0,1
00001250_004.png,Atelectasis|Infiltration,4,1250,066Y,F,PA,2670,2991,0.143,0.143,,66,0.66,0,1
00001250_005.png,Infiltration,5,1250,067Y,F,AP,2500,2048,0.168,0.168,,67,0.67,0,0
00001250_006.png,Infiltration|Pneumonia,6,1250,067Y,F,AP,2500,2048,0.168,0.168,,67,0.67,0,0
00001250_007.png,No Finding,7,1250,067Y,F,AP,2500,2048,0.168,0.168,,67,0.67,0,0
00001250_008.png,No Finding,8,1250,067Y,F,AP,2500,2048,0.168,0.168,,67,0.67,0,0
00001250_009.png,Infiltration,9,1250,067Y,F,AP,2500,2048,0.168,0.168,,67,0.67,0,0
00001250_010.png,Infiltration|Nodule,10,1250,067Y,F,AP,2500,2048,0.168,0.168,,67,0.67,0,0
00001250_011.png,Infiltration,11,1250,067Y,F,AP,2500,2048,0.168,0.168,,67,0.67,0,0
00001250_012.png,Infiltration,12,1250,067Y,F,AP,2500,2048,0.168,0.168,,67,0.67,0,0
00001250_013.png,Infiltration,13,1250,067Y,F,AP,2500,2048,0.168,0.168,,67,0.67,0,0
00001250_014.png,Infiltration,14,1250,067Y,F,AP,2500,2048,0.168,0.168,,67,0.67,0,0
00001250_015.png,Infiltration,15,1250,067Y,F,AP,2500,2048,0.168,0.168,,67,0.67,0,0
00001250_016.png,Infiltration,16,1250,067Y,F,AP,2500,2048,0.168,0.168,,67,0.67,0,0
00001250_017.png,Infiltration,17,1250,067Y,F,AP,2500,2048,0.168,0.168,,67,0.67,0,0
00001251_000.png,Atelectasis,0,1251,043Y,F,AP,2048,2500,0.171,0.171,,43,0.43,0,0
00001251_001.png,No Finding,1,1251,046Y,F,PA,2992,2991,0.143,0.143,,46,0.46,0,1
00001252_000.png,No Finding,0,1252,010Y,M,PA,2048,2500,0.171,0.171,,10,0.1,1,1
00001252_001.png,No Finding,1,1252,012Y,M,PA,2048,2500,0.171,0.171,,12,0.12,1,1
00001252_002.png,No Finding,2,1252,014Y,M,PA,2048,2500,0.168,0.168,,14,0.14,1,1
00001253_000.png,No Finding,0,1253,054Y,M,PA,2021,2021,0.194311,0.194311,,54,0.54,1,1
00001253_001.png,No Finding,1,1253,054Y,M,PA,1877,2021,0.194311,0.194311,,54,0.54,1,1
00001253_002.png,No Finding,2,1253,046Y,M,PA,2500,2048,0.168,0.168,,46,0.46,1,1
00001253_003.png,No Finding,3,1253,046Y,M,PA,2992,2991,0.143,0.143,,46,0.46,1,1
00001253_004.png,No Finding,4,1253,047Y,M,PA,2992,2991,0.143,0.143,,47,0.47,1,1
00001253_005.png,No Finding,5,1253,050Y,M,PA,2654,2588,0.143,0.143,,50,0.5,1,1
00001254_000.png,No Finding,0,1254,059Y,M,PA,2992,2991,0.143,0.143,,59,0.59,1,1
00001255_000.png,No Finding,0,1255,011Y,M,PA,2048,2500,0.171,0.171,,11,0.11,1,1
00001255_001.png,No Finding,1,1255,012Y,M,PA,2048,2500,0.171,0.171,,12,0.12,1,1
00001255_002.png,No Finding,2,1255,013Y,M,PA,2048,2500,0.171,0.171,,13,0.13,1,1
00001255_003.png,Infiltration,3,1255,013Y,M,PA,2048,2500,0.171,0.171,,13,0.13,1,1
00001255_004.png,Infiltration,4,1255,013Y,M,AP,2500,2048,0.171,0.171,,13,0.13,1,0
00001255_005.png,No Finding,5,1255,013Y,M,AP,2048,2500,0.171,0.171,,13,0.13,1,0
00001255_006.png,No Finding,6,1255,013Y,M,AP,2500,2048,0.171,0.171,,13,0.13,1,0
00001255_007.png,Edema|Pleural_Thickening,7,1255,013Y,M,AP,2500,2048,0.171,0.171,,13,0.13,1,0
00001255_008.png,Infiltration,8,1255,013Y,M,AP,2500,2048,0.171,0.171,,13,0.13,1,0
00001255_009.png,Infiltration|Nodule,9,1255,013Y,M,AP,2500,2048,0.171,0.171,,13,0.13,1,0
00001255_010.png,Infiltration,10,1255,013Y,M,AP,2500,2048,0.171,0.171,,13,0.13,1,0
00001255_011.png,Infiltration|Mass,11,1255,013Y,M,AP,2048,2500,0.171,0.171,,13,0.13,1,0
00001255_012.png,Infiltration|Mass,12,1255,013Y,M,AP,2500,2048,0.171,0.171,,13,0.13,1,0
00001255_013.png,Consolidation,13,1255,013Y,M,AP,2500,2048,0.171,0.171,,13,0.13,1,0
00001255_014.png,Infiltration,14,1255,013Y,M,AP,2048,2500,0.171,0.171,,13,0.13,1,0
00001255_015.png,No Finding,15,1255,013Y,M,AP,2500,2048,0.171,0.171,,13,0.13,1,0
00001255_016.png,No Finding,16,1255,013Y,M,AP,2500,2048,0.171,0.171,,13,0.13,1,0
00001255_017.png,Infiltration,17,1255,013Y,M,AP,2500,2048,0.171,0.171,,13,0.13,1,0
00001255_018.png,Infiltration,18,1255,013Y,M,AP,2048,2500,0.171,0.171,,13,0.13,1,0
00001255_019.png,Consolidation,19,1255,013Y,M,AP,2500,2048,0.171,0.171,,13,0.13,1,0
00001255_020.png,Infiltration,20,1255,013Y,M,AP,2500,2048,0.171,0.171,,13,0.13,1,0
00001255_021.png,Infiltration,21,1255,013Y,M,AP,2048,2500,0.171,0.171,,13,0.13,1,0
00001255_022.png,No Finding,22,1255,013Y,M,AP,2048,2500,0.171,0.171,,13,0.13,1,0
00001255_023.png,Infiltration|Nodule,23,1255,013Y,M,AP,2500,2048,0.171,0.171,,13,0.13,1,0
00001255_024.png,Infiltration,24,1255,013Y,M,AP,2500,2048,0.171,0.171,,13,0.13,1,0
00001255_025.png,Cardiomegaly|Infiltration,25,1255,013Y,M,AP,2500,2048,0.171,0.171,,13,0.13,1,0
00001255_026.png,Infiltration,26,1255,013Y,M,AP,2500,2048,0.171,0.171,,13,0.13,1,0
00001255_027.png,Infiltration,27,1255,013Y,M,AP,2500,2048,0.171,0.171,,13,0.13,1,0
00001255_028.png,No Finding,28,1255,013Y,M,AP,2500,2048,0.171,0.171,,13,0.13,1,0
00001255_029.png,No Finding,29,1255,013Y,M,AP,2500,2048,0.171,0.171,,13,0.13,1,0
00001255_030.png,No Finding,30,1255,013Y,M,AP,2500,2048,0.171,0.171,,13,0.13,1,0
00001255_031.png,Infiltration|Pneumonia,31,1255,013Y,M,AP,2048,2500,0.171,0.171,,13,0.13,1,0
00001255_032.png,No Finding,32,1255,013Y,M,AP,2500,2048,0.171,0.171,,13,0.13,1,0
00001255_033.png,Consolidation,33,1255,013Y,M,AP,2048,2500,0.171,0.171,,13,0.13,1,0
00001255_034.png,Consolidation,34,1255,013Y,M,AP,2500,2048,0.171,0.171,,13,0.13,1,0
00001255_035.png,No Finding,35,1255,013Y,M,AP,2500,2048,0.171,0.171,,13,0.13,1,0
00001255_036.png,Consolidation,36,1255,013Y,M,AP,2500,2048,0.171,0.171,,13,0.13,1,0
00001255_037.png,No Finding,37,1255,013Y,M,AP,2048,2500,0.171,0.171,,13,0.13,1,0
00001257_000.png,No Finding,0,1257,066Y,M,PA,2992,2991,0.143,0.143,,66,0.66,1,1
00001258_000.png,No Finding,0,1258,048Y,F,PA,2602,2693,0.143,0.143,,48,0.48,0,1
00001259_000.png,No Finding,0,1259,017Y,M,PA,2500,2048,0.171,0.171,,17,0.17,1,1
00001260_000.png,No Finding,0,1260,048Y,F,PA,2048,2500,0.171,0.171,,48,0.48,0,1
00001261_000.png,No Finding,0,1261,058Y,M,PA,2750,2991,0.143,0.143,,58,0.58,1,1
00001261_001.png,No Finding,1,1261,058Y,M,PA,2992,2991,0.143,0.143,,58,0.58,1,1
00001263_000.png,No Finding,0,1263,065Y,F,PA,2048,2500,0.171,0.171,,65,0.65,0,1
00001264_000.png,No Finding,0,1264,035Y,F,PA,2048,2500,0.171,0.171,,35,0.35,0,1
00001264_001.png,No Finding,1,1264,037Y,F,PA,2048,2500,0.168,0.168,,37,0.37,0,1
00001265_000.png,No Finding,0,1265,017Y,F,PA,2048,2500,0.171,0.171,,17,0.17,0,1
00001265_001.png,No Finding,1,1265,018Y,F,PA,2048,2500,0.171,0.171,,18,0.18,0,1
00001266_000.png,No Finding,0,1266,031Y,M,PA,2992,2991,0.143,0.143,,31,0.31,1,1
00001268_000.png,Cardiomegaly,0,1268,061Y,M,PA,2500,2048,0.168,0.168,,61,0.61,1,1
00001268_001.png,No Finding,1,1268,061Y,M,PA,2500,2048,0.168,0.168,,61,0.61,1,1
00001268_002.png,Atelectasis,2,1268,061Y,M,PA,2500,2048,0.168,0.168,,61,0.61,1,1
00001268_003.png,Atelectasis|Emphysema,3,1268,061Y,M,AP,2500,2048,0.168,0.168,,61,0.61,1,0
00001268_004.png,Atelectasis,4,1268,061Y,M,AP,2500,2048,0.168,0.168,,61,0.61,1,0
00001268_005.png,No Finding,5,1268,061Y,M,AP,2500,2048,0.171,0.171,,61,0.61,1,0
00001268_006.png,Atelectasis,6,1268,061Y,M,AP,2500,2048,0.168,0.168,,61,0.61,1,0
00001269_000.png,No Finding,0,1269,044Y,F,PA,2048,2500,0.171,0.171,,44,0.44,0,1
00001270_000.png,No Finding,0,1270,031Y,F,PA,2048,2500,0.171,0.171,,31,0.31,0,1
00001270_001.png,No Finding,1,1270,038Y,F,PA,2612,2465,0.143,0.143,,38,0.38,0,1
00001270_002.png,Emphysema|Mass,2,1270,039Y,F,AP,2500,2048,0.168,0.168,,39,0.39,0,0
00001270_003.png,No Finding,3,1270,039Y,F,PA,2048,2500,0.168,0.168,,39,0.39,0,1
00001270_004.png,Emphysema,4,1270,038Y,F,PA,2570,2430,0.143,0.143,,38,0.38,0,1
00001270_005.png,Atelectasis,5,1270,038Y,F,PA,2598,2441,0.143,0.143,,38,0.38,0,1
00001271_000.png,No Finding,0,1271,022Y,M,AP,3056,2544,0.139,0.139,,22,0.22,1,0
00001271_001.png,Consolidation,1,1271,023Y,M,PA,2992,2991,0.143,0.143,,23,0.23,1,1
00001271_002.png,Consolidation|Infiltration,2,1271,025Y,M,AP,3056,2544,0.139,0.139,,25,0.25,1,0
00001272_000.png,No Finding,0,1272,029Y,F,PA,1732,2018,0.194311,0.194311,,29,0.29,0,1
00001273_000.png,No Finding,0,1273,065Y,F,PA,2610,2991,0.143,0.143,,65,0.65,0,1
00001274_000.png,No Finding,0,1274,083Y,F,PA,2048,2500,0.171,0.171,,83,0.83,0,1
00001274_001.png,No Finding,1,1274,083Y,F,PA,2048,2500,0.171,0.171,,83,0.83,0,1
00001275_000.png,No Finding,0,1275,071Y,M,PA,2500,2048,0.171,0.171,,71,0.71,1,1
00001276_000.png,No Finding,0,1276,023Y,M,PA,2422,2329,0.143,0.143,,23,0.23,1,1
00001278_000.png,No Finding,0,1278,050Y,F,AP,2048,2500,0.168,0.168,,50,0.5,0,0
00001278_001.png,Effusion,1,1278,050Y,F,AP,2500,2048,0.168,0.168,,50,0.5,0,0
00001278_002.png,Atelectasis|Effusion|Infiltration|Mass,2,1278,053Y,F,AP,2500,2048,0.168,0.168,,53,0.53,0,0
00001278_003.png,Effusion,3,1278,053Y,F,AP,2500,2048,0.168,0.168,,53,0.53,0,0
00001278_004.png,Nodule,4,1278,054Y,F,AP,2048,2500,0.168,0.168,,54,0.54,0,0
00001278_005.png,No Finding,5,1278,054Y,F,AP,2500,2048,0.168,0.168,,54,0.54,0,0
00001278_006.png,No Finding,6,1278,054Y,F,AP,2500,2048,0.168,0.168,,54,0.54,0,0
00001278_007.png,No Finding,7,1278,054Y,F,AP,2500,2048,0.168,0.168,,54,0.54,0,0
00001278_008.png,Atelectasis|Consolidation|Mass,8,1278,054Y,F,AP,2500,2048,0.168,0.168,,54,0.54,0,0
00001278_009.png,Effusion,9,1278,054Y,F,AP,2500,2048,0.168,0.168,,54,0.54,0,0
00001278_010.png,Effusion|Nodule,10,1278,054Y,F,AP,2500,2048,0.168,0.168,,54,0.54,0,0
00001278_011.png,Effusion,11,1278,054Y,F,AP,2500,2048,0.168,0.168,,54,0.54,0,0
00001278_012.png,No Finding,12,1278,054Y,F,AP,2500,2048,0.168,0.168,,54,0.54,0,0
00001278_013.png,No Finding,13,1278,054Y,F,AP,2500,2048,0.168,0.168,,54,0.54,0,0
00001278_014.png,Nodule,14,1278,054Y,F,AP,2500,2048,0.168,0.168,,54,0.54,0,0
00001278_015.png,Atelectasis|Consolidation|Infiltration,15,1278,054Y,F,AP,2500,2048,0.168,0.168,,54,0.54,0,0
00001278_016.png,Effusion|Infiltration,16,1278,054Y,F,AP,2500,2048,0.168,0.168,,54,0.54,0,0
00001278_017.png,No Finding,17,1278,054Y,F,AP,2500,2048,0.168,0.168,,54,0.54,0,0
00001278_018.png,Effusion|Infiltration,18,1278,054Y,F,AP,2500,2048,0.168,0.168,,54,0.54,0,0
00001278_019.png,No Finding,19,1278,054Y,F,AP,2500,2048,0.168,0.168,,54,0.54,0,0
00001278_020.png,No Finding,20,1278,054Y,F,AP,2500,2048,0.168,0.168,,54,0.54,0,0
00001280_000.png,No Finding,0,1280,034Y,F,PA,2048,2500,0.171,0.171,,34,0.34,0,1
00001280_001.png,No Finding,1,1280,035Y,F,PA,2048,2500,0.171,0.171,,35,0.35,0,1
00001280_002.png,No Finding,2,1280,035Y,F,PA,2048,2500,0.171,0.171,,35,0.35,0,1
00001280_003.png,No Finding,3,1280,035Y,F,PA,2048,2500,0.171,0.171,,35,0.35,0,1
00001280_004.png,No Finding,4,1280,037Y,F,PA,2048,2500,0.168,0.168,,37,0.37,0,1
00001281_000.png,No Finding,0,1281,043Y,M,PA,2500,2048,0.168,0.168,,43,0.43,1,1
00001282_000.png,No Finding,0,1282,046Y,F,PA,2048,2500,0.171,0.171,,46,0.46,0,1
00001284_000.png,No Finding,0,1284,082Y,M,PA,3056,2544,0.139,0.139,,82,0.82,1,1
00001284_001.png,Effusion|Infiltration,1,1284,083Y,M,PA,2021,2021,0.194311,0.194311,,83,0.83,1,1
00001285_000.png,Nodule|Pleural_Thickening,0,1285,031Y,M,PA,2992,2991,0.143,0.143,,31,0.31,1,1
00001285_001.png,Edema|Infiltration|Pneumonia,1,1285,033Y,M,AP,2500,2048,0.168,0.168,,33,0.33,1,0
00001285_002.png,Edema|Infiltration|Pneumonia,2,1285,033Y,M,AP,2500,2048,0.168,0.168,,33,0.33,1,0
00001285_003.png,Infiltration,3,1285,033Y,M,AP,2500,2048,0.168,0.168,,33,0.33,1,0
00001285_004.png,Infiltration|Nodule,4,1285,033Y,M,AP,2500,2048,0.168,0.168,,33,0.33,1,0
00001286_000.png,Infiltration|Nodule,0,1286,025Y,M,AP,2048,2500,0.168,0.168,,25,0.25,1,0
00001286_001.png,No Finding,1,1286,025Y,M,AP,2500,2048,0.168,0.168,,25,0.25,1,0
00001286_002.png,Infiltration|Nodule,2,1286,026Y,M,AP,2500,2048,0.168,0.168,,26,0.26,1,0
00001286_003.png,Nodule,3,1286,026Y,M,AP,2500,2048,0.168,0.168,,26,0.26,1,0
00001286_004.png,Nodule,4,1286,027Y,M,AP,2500,2048,0.168,0.168,,27,0.27,1,0
00001286_005.png,Pneumothorax,5,1286,027Y,M,AP,2500,2048,0.168,0.168,,27,0.27,1,0
00001286_006.png,No Finding,6,1286,026Y,M,PA,2992,2991,0.143,0.143,,26,0.26,1,1
00001286_007.png,Consolidation|Nodule,7,1286,027Y,M,AP,2500,2048,0.168,0.168,,27,0.27,1,0
00001286_008.png,Consolidation|Infiltration,8,1286,027Y,M,AP,2500,2048,0.168,0.168,,27,0.27,1,0
00001286_009.png,Consolidation|Effusion|Pleural_Thickening,9,1286,027Y,M,PA,2992,2991,0.143,0.143,,27,0.27,1,1
00001287_000.png,No Finding,0,1287,059Y,F,PA,2048,2500,0.171,0.171,,59,0.59,0,1
00001288_000.png,No Finding,0,1288,050Y,M,PA,2500,2048,0.168,0.168,,50,0.5,1,1
00001290_000.png,No Finding,0,1290,076Y,M,PA,2021,2021,0.194311,0.194311,,76,0.76,1,1
00001292_000.png,No Finding,0,1292,066Y,F,PA,2500,2048,0.168,0.168,,66,0.66,0,1
00001292_001.png,No Finding,1,1292,068Y,F,PA,2992,2991,0.143,0.143,,68,0.68,0,1
00001293_000.png,Infiltration,0,1293,045Y,F,PA,2544,3056,0.139,0.139,,45,0.45,0,1
00001294_000.png,No Finding,0,1294,077Y,F,PA,2282,2493,0.143,0.143,,77,0.77,0,1
00001295_000.png,No Finding,0,1295,018Y,F,PA,2686,2991,0.143,0.143,,18,0.18,0,1
00001296_000.png,No Finding,0,1296,059Y,M,PA,2770,2553,0.143,0.143,,59,0.59,1,1
00001296_001.png,No Finding,1,1296,059Y,M,PA,2992,2991,0.143,0.143,,59,0.59,1,1
00001297_000.png,Pleural_Thickening,0,1297,061Y,M,PA,2500,2048,0.171,0.171,,61,0.61,1,1
00001297_001.png,No Finding,1,1297,062Y,M,PA,2500,2048,0.168,0.168,,62,0.62,1,1
00001297_002.png,Infiltration,2,1297,062Y,M,PA,2500,2048,0.168,0.168,,62,0.62,1,1
00001298_000.png,No Finding,0,1298,046Y,M,PA,2048,2500,0.168,0.168,,46,0.46,1,1
00001298_001.png,No Finding,1,1298,048Y,M,PA,2826,2893,0.143,0.143,,48,0.48,1,1
00001298_002.png,No Finding,2,1298,049Y,M,PA,2992,2991,0.143,0.143,,49,0.49,1,1
00001298_003.png,No Finding,3,1298,049Y,M,PA,2758,2991,0.143,0.143,,49,0.49,1,1
00001298_004.png,No Finding,4,1298,049Y,M,AP,2048,2500,0.168,0.168,,49,0.49,1,0
00001298_005.png,No Finding,5,1298,049Y,M,AP,2500,2048,0.168,0.168,,49,0.49,1,0
00001298_006.png,No Finding,6,1298,049Y,M,AP,2500,2048,0.168,0.168,,49,0.49,1,0
00001298_007.png,No Finding,7,1298,049Y,M,AP,2500,2048,0.168,0.168,,49,0.49,1,0
00001298_008.png,No Finding,8,1298,049Y,M,AP,2500,2048,0.168,0.168,,49,0.49,1,0
00001298_009.png,No Finding,9,1298,049Y,M,AP,2500,2048,0.168,0.168,,49,0.49,1,0
00001300_000.png,No Finding,0,1300,059Y,F,PA,2048,2500,0.168,0.168,,59,0.59,0,1
00001301_000.png,No Finding,0,1301,055Y,F,PA,2992,2991,0.143,0.143,,55,0.55,0,1
00001301_001.png,Infiltration,1,1301,056Y,F,AP,2500,2048,0.168,0.168,,56,0.56,0,0
00001301_002.png,No Finding,2,1301,056Y,F,PA,2992,2991,0.143,0.143,,56,0.56,0,1
00001301_003.png,No Finding,3,1301,057Y,F,AP,2500,2048,0.168,0.168,,57,0.57,0,0
00001301_004.png,Atelectasis|Effusion,4,1301,056Y,F,PA,2992,2991,0.143,0.143,,56,0.56,0,1
00001301_005.png,Infiltration,5,1301,057Y,F,PA,2990,2991,0.143,0.143,,57,0.57,0,1
00001301_006.png,Infiltration,6,1301,057Y,F,AP,2500,2048,0.168,0.168,,57,0.57,0,0
00001301_007.png,Infiltration,7,1301,057Y,F,AP,2500,2048,0.168,0.168,,57,0.57,0,0
00001301_008.png,Atelectasis|Consolidation|Effusion|Infiltration,8,1301,057Y,F,AP,2500,2048,0.168,0.168,,57,0.57,0,0
00001301_009.png,Atelectasis|Consolidation|Effusion|Infiltration,9,1301,057Y,F,AP,2500,2048,0.168,0.168,,57,0.57,0,0
00001301_010.png,Edema|Infiltration,10,1301,057Y,F,AP,2500,2048,0.168,0.168,,57,0.57,0,0
00001301_011.png,Infiltration,11,1301,057Y,F,AP,2500,2048,0.168,0.168,,57,0.57,0,0
00001301_012.png,Edema|Infiltration,12,1301,057Y,F,AP,2500,2048,0.168,0.168,,57,0.57,0,0
00001301_013.png,Infiltration,13,1301,057Y,F,AP,2500,2048,0.168,0.168,,57,0.57,0,0
00001301_014.png,No Finding,14,1301,057Y,F,AP,2500,2048,0.168,0.168,,57,0.57,0,0
00001301_015.png,Infiltration,15,1301,057Y,F,AP,2500,2048,0.168,0.168,,57,0.57,0,0
00001301_016.png,Effusion,16,1301,057Y,F,AP,2500,2048,0.168,0.168,,57,0.57,0,0
00001301_017.png,Consolidation,17,1301,057Y,F,AP,2500,2048,0.168,0.168,,57,0.57,0,0
00001301_018.png,No Finding,18,1301,057Y,F,AP,2500,2048,0.168,0.168,,57,0.57,0,0
00001301_019.png,No Finding,19,1301,057Y,F,AP,2500,2048,0.168,0.168,,57,0.57,0,0
00001301_020.png,Edema,20,1301,057Y,F,AP,2500,2048,0.168,0.168,,57,0.57,0,0
00001301_021.png,Atelectasis,21,1301,057Y,F,AP,2500,2048,0.168,0.168,,57,0.57,0,0
00001301_022.png,No Finding,22,1301,057Y,F,AP,2500,2048,0.168,0.168,,57,0.57,0,0
00001301_023.png,Atelectasis|Effusion,23,1301,057Y,F,AP,2500,2048,0.168,0.168,,57,0.57,0,0
00001301_024.png,Atelectasis,24,1301,057Y,F,AP,2500,2048,0.168,0.168,,57,0.57,0,0
00001301_025.png,Edema|Effusion,25,1301,057Y,F,AP,2500,2048,0.168,0.168,,57,0.57,0,0
00001301_026.png,Edema|Effusion,26,1301,057Y,F,AP,2500,2048,0.168,0.168,,57,0.57,0,0
00001301_027.png,Infiltration,27,1301,057Y,F,AP,2500,2048,0.168,0.168,,57,0.57,0,0
00001301_028.png,No Finding,28,1301,057Y,F,AP,2500,2048,0.168,0.168,,57,0.57,0,0
00001301_029.png,Consolidation,29,1301,057Y,F,AP,2500,2048,0.168,0.168,,57,0.57,0,0
00001301_030.png,No Finding,30,1301,057Y,F,AP,2500,2048,0.168,0.168,,57,0.57,0,0
00001301_031.png,Consolidation,31,1301,057Y,F,AP,2500,2048,0.168,0.168,,57,0.57,0,0
00001301_032.png,Infiltration,32,1301,057Y,F,AP,2500,2048,0.168,0.168,,57,0.57,0,0
00001301_033.png,Edema|Infiltration,33,1301,057Y,F,AP,2500,2048,0.168,0.168,,57,0.57,0,0
00001301_034.png,Atelectasis|Effusion|Infiltration,34,1301,057Y,F,AP,2500,2048,0.168,0.168,,57,0.57,0,0
00001301_035.png,Atelectasis|Effusion|Infiltration,35,1301,057Y,F,AP,2500,2048,0.168,0.168,,57,0.57,0,0
00001301_036.png,Atelectasis|Consolidation|Effusion,36,1301,057Y,F,AP,2500,2048,0.168,0.168,,57,0.57,0,0
00001301_037.png,Consolidation|Infiltration,37,1301,057Y,F,AP,2500,2048,0.168,0.168,,57,0.57,0,0
00001301_038.png,Effusion|Infiltration,38,1301,057Y,F,AP,2500,2048,0.168,0.168,,57,0.57,0,0
00001301_039.png,Edema|Effusion|Pneumonia,39,1301,057Y,F,AP,2500,2048,0.168,0.168,,57,0.57,0,0
00001301_040.png,Atelectasis|Consolidation,40,1301,057Y,F,AP,2500,2048,0.168,0.168,,57,0.57,0,0
00001301_041.png,Edema|Infiltration,41,1301,057Y,F,AP,2500,2048,0.168,0.168,,57,0.57,0,0
00001301_042.png,Atelectasis|Cardiomegaly|Edema|Effusion|Infiltration|Pneumothorax,42,1301,057Y,F,AP,2500,2048,0.168,0.168,,57,0.57,0,0
00001301_043.png,Atelectasis|Cardiomegaly|Effusion|Mass,43,1301,057Y,F,AP,2500,2048,0.168,0.168,,57,0.57,0,0
00001301_044.png,Atelectasis|Cardiomegaly|Consolidation|Effusion|Mass,44,1301,057Y,F,AP,2500,2048,0.168,0.168,,57,0.57,0,0
00001301_045.png,Effusion|Infiltration,45,1301,058Y,F,AP,2500,2048,0.168,0.168,,58,0.58,0,0
00001301_046.png,Atelectasis|Cardiomegaly|Consolidation|Effusion|Mass,46,1301,058Y,F,AP,2500,2048,0.168,0.168,,58,0.58,0,0
00001301_047.png,Effusion,47,1301,058Y,F,AP,2500,2048,0.168,0.168,,58,0.58,0,0
00001301_048.png,Atelectasis|Effusion,48,1301,058Y,F,AP,2500,2048,0.168,0.168,,58,0.58,0,0
00001302_000.png,No Finding,0,1302,056Y,F,PA,2500,2048,0.171,0.171,,56,0.56,0,1
00001305_000.png,No Finding,0,1305,031Y,M,AP,2048,2500,0.171,0.171,,31,0.31,1,0
00001305_001.png,No Finding,1,1305,031Y,M,AP,2048,2500,0.171,0.171,,31,0.31,1,0
00001306_000.png,Fibrosis,0,1306,059Y,M,PA,2048,2500,0.171,0.171,,59,0.59,1,1
00001307_000.png,Atelectasis,0,1307,079Y,M,PA,2500,2048,0.168,0.168,,79,0.79,1,1
00001307_001.png,No Finding,1,1307,081Y,M,PA,2992,2991,0.143,0.143,,81,0.81,1,1
00001308_000.png,Pleural_Thickening,0,1308,013Y,M,PA,2048,2500,0.171,0.171,,13,0.13,1,1
00001308_001.png,No Finding,1,1308,014Y,M,PA,2048,2500,0.171,0.171,,14,0.14,1,1
00001308_002.png,No Finding,2,1308,014Y,M,PA,2048,2500,0.168,0.168,,14,0.14,1,1
00001309_000.png,No Finding,0,1309,054Y,M,PA,2048,2500,0.171,0.171,,54,0.54,1,1
00001309_001.png,Atelectasis,1,1309,054Y,M,AP,2500,2048,0.171,0.171,,54,0.54,1,0
00001309_002.png,Effusion,2,1309,054Y,M,PA,2500,2048,0.171,0.171,,54,0.54,1,1
00001309_003.png,No Finding,3,1309,054Y,M,AP,2500,2048,0.171,0.171,,54,0.54,1,0
00001310_000.png,No Finding,0,1310,060Y,M,PA,2500,2048,0.168,0.168,,60,0.6,1,1
00001310_001.png,No Finding,1,1310,065Y,M,PA,2992,2991,0.143,0.143,,65,0.65,1,1
00001311_000.png,No Finding,0,1311,015Y,M,PA,2992,2625,0.143,0.143,,15,0.15,1,1
00001313_000.png,Infiltration,0,1313,063Y,F,PA,2992,2991,0.143,0.143,,63,0.63,0,1
00001314_000.png,Pleural_Thickening,0,1314,035Y,M,PA,2500,2048,0.171,0.171,,35,0.35,1,1
00001314_001.png,No Finding,1,1314,035Y,M,PA,2500,2048,0.171,0.171,,35,0.35,1,1
00001315_000.png,Fibrosis,0,1315,039Y,M,PA,2500,2048,0.171,0.171,,39,0.39,1,1
00001315_001.png,Consolidation|Infiltration,1,1315,042Y,M,AP,2500,2048,0.168,0.168,,42,0.42,1,0
00001315_002.png,Consolidation|Infiltration,2,1315,042Y,M,PA,2500,2048,0.168,0.168,,42,0.42,1,1
00001315_003.png,No Finding,3,1315,045Y,M,AP,2500,2048,0.168,0.168,,45,0.45,1,0
00001315_004.png,Atelectasis|Infiltration,4,1315,045Y,M,AP,2500,2048,0.168,0.168,,45,0.45,1,0
00001315_005.png,No Finding,5,1315,046Y,M,AP,2500,2048,0.168,0.168,,46,0.46,1,0
00001315_006.png,No Finding,6,1315,046Y,M,AP,2500,2048,0.168,0.168,,46,0.46,1,0
00001316_000.png,Fibrosis,0,1316,083Y,F,PA,2048,2500,0.171,0.171,,83,0.83,0,1
00001317_000.png,Infiltration|Pneumonia,0,1317,048Y,M,PA,2954,2991,0.143,0.143,,48,0.48,1,1
00001317_001.png,Infiltration,1,1317,048Y,M,PA,2630,2991,0.143,0.143,,48,0.48,1,1
00001317_002.png,Pneumonia,2,1317,048Y,M,PA,2992,2991,0.143,0.143,,48,0.48,1,1
00001317_003.png,Consolidation,3,1317,048Y,M,PA,2992,2991,0.143,0.143,,48,0.48,1,1
00001317_004.png,Consolidation|Infiltration,4,1317,048Y,M,AP,2500,2048,0.168,0.168,,48,0.48,1,0
00001317_005.png,Consolidation|Infiltration,5,1317,048Y,M,AP,2500,2048,0.168,0.168,,48,0.48,1,0
00001317_006.png,Consolidation,6,1317,048Y,M,AP,2500,2048,0.168,0.168,,48,0.48,1,0
00001317_007.png,Consolidation,7,1317,048Y,M,AP,2500,2048,0.168,0.168,,48,0.48,1,0
00001318_000.png,No Finding,0,1318,064Y,F,PA,2774,2623,0.143,0.143,,64,0.64,0,1
00001318_001.png,No Finding,1,1318,054Y,F,PA,2048,2500,0.171,0.171,,54,0.54,0,1
00001318_002.png,No Finding,2,1318,058Y,F,PA,2048,2500,0.168,0.168,,58,0.58,0,1
00001318_003.png,No Finding,3,1318,058Y,F,PA,2992,2991,0.143,0.143,,58,0.58,0,1
00001318_004.png,No Finding,4,1318,061Y,F,PA,2992,2991,0.143,0.143,,61,0.61,0,1
00001318_005.png,No Finding,5,1318,063Y,F,PA,2578,2991,0.143,0.143,,63,0.63,0,1
00001319_000.png,Pleural_Thickening,0,1319,017Y,M,PA,2500,2048,0.171,0.171,,17,0.17,1,1
00001319_001.png,No Finding,1,1319,019Y,M,PA,2500,2048,0.168,0.168,,19,0.19,1,1
00001319_002.png,No Finding,2,1319,020Y,M,PA,2992,2729,0.143,0.143,,20,0.2,1,1
00001320_000.png,Infiltration,0,1320,053Y,F,PA,2402,2197,0.143,0.143,,53,0.53,0,1
00001320_001.png,Nodule,1,1320,047Y,F,PA,2992,2991,0.143,0.143,,47,0.47,0,1
00001320_002.png,Fibrosis|Infiltration|Nodule,2,1320,048Y,F,PA,2698,2991,0.143,0.143,,48,0.48,0,1
00001320_003.png,Atelectasis,3,1320,048Y,F,PA,2992,2991,0.143,0.143,,48,0.48,0,1
00001320_004.png,No Finding,4,1320,048Y,F,PA,2992,2991,0.143,0.143,,48,0.48,0,1
00001320_005.png,Fibrosis|Pleural_Thickening,5,1320,051Y,F,PA,2518,2585,0.143,0.143,,51,0.51,0,1
00001320_006.png,Fibrosis|Infiltration,6,1320,052Y,F,PA,3056,2540,0.139,0.139,,52,0.52,0,1
00001321_000.png,No Finding,0,1321,045Y,F,PA,2736,2828,0.143,0.143,,45,0.45,0,1
00001322_000.png,No Finding,0,1322,072Y,F,PA,2990,2991,0.143,0.143,,72,0.72,0,1
00001322_001.png,Nodule,1,1322,074Y,F,PA,2854,2991,0.143,0.143,,74,0.74,0,1
00001322_002.png,Infiltration,2,1322,074Y,F,PA,2682,2505,0.143,0.143,,74,0.74,0,1
00001322_003.png,Effusion|Mass,3,1322,075Y,F,AP,2500,2048,0.168,0.168,,75,0.75,0,0
00001322_004.png,Atelectasis,4,1322,074Y,F,PA,2728,2523,0.143,0.143,,74,0.74,0,1
00001325_000.png,No Finding,0,1325,068Y,M,PA,2930,2925,0.143,0.143,,68,0.68,1,1
00001326_000.png,No Finding,0,1326,069Y,F,PA,2718,2837,0.143,0.143,,69,0.69,0,1
00001326_001.png,No Finding,1,1326,061Y,F,PA,2406,2325,0.143,0.143,,61,0.61,0,1
00001326_002.png,No Finding,2,1326,062Y,F,AP,2500,2048,0.168,0.168,,62,0.62,0,0
00001326_003.png,Fibrosis,3,1326,062Y,F,PA,2992,2991,0.143,0.143,,62,0.62,0,1
00001326_004.png,No Finding,4,1326,064Y,F,PA,2606,2991,0.143,0.143,,64,0.64,0,1
00001326_005.png,No Finding,5,1326,066Y,F,PA,2658,2577,0.143,0.143,,66,0.66,0,1
00001326_006.png,No Finding,6,1326,067Y,F,PA,2282,2441,0.143,0.143,,67,0.67,0,1
00001327_000.png,No Finding,0,1327,064Y,F,PA,2544,3056,0.139,0.139,,64,0.64,0,1
00001327_001.png,No Finding,1,1327,066Y,F,PA,2021,2021,0.194311,0.194311,,66,0.66,0,1
00001327_002.png,No Finding,2,1327,057Y,F,PA,2992,2991,0.143,0.143,,57,0.57,0,1
00001327_003.png,No Finding,3,1327,060Y,F,PA,2666,2677,0.143,0.143,,60,0.6,0,1
00001327_004.png,No Finding,4,1327,061Y,F,PA,2992,2991,0.143,0.143,,61,0.61,0,1
00001327_005.png,No Finding,5,1327,062Y,F,PA,2992,2991,0.143,0.143,,62,0.62,0,1
00001328_000.png,Hernia|Infiltration,0,1328,057Y,F,PA,3056,2544,0.139,0.139,,57,0.57,0,1
00001329_000.png,No Finding,0,1329,033Y,F,PA,2318,2489,0.143,0.143,,33,0.33,0,1
00001330_000.png,Cardiomegaly|Effusion,0,1330,075Y,M,AP,3056,2544,0.139,0.139,,75,0.75,1,0
00001330_001.png,Cardiomegaly|Infiltration,1,1330,075Y,M,AP,3056,2544,0.139,0.139,,75,0.75,1,0
00001330_002.png,Effusion,2,1330,075Y,M,AP,3056,2544,0.139,0.139,,75,0.75,1,0
00001330_003.png,Infiltration,3,1330,075Y,M,PA,2992,2991,0.143,0.143,,75,0.75,1,1
00001330_004.png,Effusion,4,1330,075Y,M,AP,3056,2544,0.139,0.139,,75,0.75,1,0
00001333_000.png,Nodule,0,1333,048Y,M,PA,2500,2048,0.171,0.171,,48,0.48,1,1
00001333_001.png,No Finding,1,1333,055Y,M,PA,2992,2991,0.143,0.143,,55,0.55,1,1
00001334_000.png,No Finding,0,1334,044Y,F,PA,2838,2629,0.143,0.143,,44,0.44,0,1
00001334_001.png,No Finding,1,1334,045Y,F,PA,2894,2865,0.143,0.143,,45,0.45,0,1
00001334_002.png,No Finding,2,1334,047Y,F,PA,2992,2991,0.143,0.143,,47,0.47,0,1
00001334_003.png,No Finding,3,1334,049Y,F,PA,2992,2991,0.143,0.143,,49,0.49,0,1
00001336_000.png,No Finding,0,1336,016Y,M,PA,2048,2500,0.171,0.171,,16,0.16,1,1
00001339_000.png,No Finding,0,1339,051Y,M,PA,2992,2991,0.143,0.143,,51,0.51,1,1
00001341_000.png,No Finding,0,1341,054Y,F,PA,2992,2569,0.143,0.143,,54,0.54,0,1
00001342_000.png,Infiltration,0,1342,063Y,F,AP,2500,2048,0.171,0.171,,63,0.63,0,0
00001342_001.png,No Finding,1,1342,063Y,F,PA,2048,2500,0.168,0.168,,63,0.63,0,1
00001343_000.png,Effusion,0,1343,060Y,F,PA,2742,2991,0.143,0.143,,60,0.6,0,1
00001344_000.png,No Finding,0,1344,074Y,M,PA,2500,2048,0.171,0.171,,74,0.74,1,1
00001345_000.png,No Finding,0,1345,051Y,F,PA,2770,2677,0.143,0.143,,51,0.51,0,1
00001346_000.png,No Finding,0,1346,060Y,M,PA,2992,2991,0.143,0.143,,60,0.6,1,1
00001349_000.png,Mass,0,1349,055Y,M,PA,2500,2048,0.171,0.171,,55,0.55,1,1
00001351_000.png,No Finding,0,1351,058Y,M,PA,2021,2021,0.194311,0.194311,,58,0.58,1,1
00001352_000.png,No Finding,0,1352,047Y,F,PA,2698,2529,0.143,0.143,,47,0.47,0,1
00001353_000.png,No Finding,0,1353,035Y,F,PA,2048,2500,0.168,0.168,,35,0.35,0,1
00001354_000.png,No Finding,0,1354,044Y,M,PA,2992,2991,0.143,0.143,,44,0.44,1,1
00001355_000.png,No Finding,0,1355,043Y,F,PA,2544,3056,0.139,0.139,,43,0.43,0,1
00001355_001.png,No Finding,1,1355,043Y,F,AP,3056,2544,0.139,0.139,,43,0.43,0,0
00001355_002.png,Atelectasis,2,1355,043Y,F,AP,3056,2544,0.139,0.139,,43,0.43,0,0
00001355_003.png,No Finding,3,1355,043Y,F,PA,2021,2021,0.194311,0.194311,,43,0.43,0,1
00001355_004.png,No Finding,4,1355,043Y,F,AP,3056,2544,0.139,0.139,,43,0.43,0,0
00001355_005.png,Cardiomegaly,5,1355,043Y,F,AP,3056,2544,0.139,0.139,,43,0.43,0,0
00001355_006.png,Infiltration,6,1355,043Y,F,AP,3056,2544,0.139,0.139,,43,0.43,0,0
00001355_007.png,No Finding,7,1355,036Y,F,PA,2992,2991,0.143,0.143,,36,0.36,0,1
00001355_008.png,No Finding,8,1355,037Y,F,PA,2992,2991,0.143,0.143,,37,0.37,0,1
00001355_009.png,No Finding,9,1355,037Y,F,PA,2992,2991,0.143,0.143,,37,0.37,0,1
00001355_010.png,No Finding,10,1355,037Y,F,PA,2992,2991,0.143,0.143,,37,0.37,0,1
00001355_011.png,No Finding,11,1355,037Y,F,PA,2992,2991,0.143,0.143,,37,0.37,0,1
00001355_012.png,No Finding,12,1355,038Y,F,PA,2992,2991,0.143,0.143,,38,0.38,0,1
00001356_000.png,No Finding,0,1356,050Y,M,PA,2992,2991,0.143,0.143,,50,0.5,1,1
00001357_000.png,No Finding,0,1357,037Y,M,PA,2500,2048,0.171,0.171,,37,0.37,1,1
00001358_000.png,No Finding,0,1358,036Y,F,PA,2970,2981,0.143,0.143,,36,0.36,0,1
00001358_001.png,Infiltration,1,1358,037Y,F,PA,2698,2991,0.143,0.143,,37,0.37,0,1
00001359_000.png,No Finding,0,1359,045Y,M,PA,2992,2991,0.143,0.143,,45,0.45,1,1
00001360_000.png,Atelectasis,0,1360,053Y,M,PA,1699,2021,0.194311,0.194311,,53,0.53,1,1
00001361_000.png,No Finding,0,1361,044Y,M,PA,2544,3056,0.139,0.139,,44,0.44,1,1
00001362_000.png,No Finding,0,1362,048Y,F,PA,2048,2500,0.168,0.168,,48,0.48,0,1
00001362_001.png,No Finding,1,1362,048Y,F,AP,2500,2048,0.168,0.168,,48,0.48,0,0
00001362_002.png,Infiltration,2,1362,048Y,F,AP,2500,2048,0.168,0.168,,48,0.48,0,0
00001362_003.png,Atelectasis,3,1362,048Y,F,PA,2500,2048,0.168,0.168,,48,0.48,0,1
00001362_004.png,No Finding,4,1362,048Y,F,AP,2500,2048,0.168,0.168,,48,0.48,0,0
00001362_005.png,Atelectasis,5,1362,049Y,F,AP,2500,2048,0.168,0.168,,49,0.49,0,0
00001362_006.png,Atelectasis|Effusion,6,1362,049Y,F,AP,2500,2048,0.168,0.168,,49,0.49,0,0
00001362_007.png,No Finding,7,1362,049Y,F,AP,2500,2048,0.168,0.168,,49,0.49,0,0
00001362_008.png,No Finding,8,1362,050Y,F,AP,2500,2048,0.168,0.168,,50,0.5,0,0
00001362_009.png,No Finding,9,1362,050Y,F,PA,2992,2991,0.143,0.143,,50,0.5,0,1
00001362_010.png,No Finding,10,1362,051Y,F,PA,2706,2991,0.143,0.143,,51,0.51,0,1
00001362_011.png,No Finding,11,1362,052Y,F,AP,2500,2048,0.168,0.168,,52,0.52,0,0
00001362_012.png,No Finding,12,1362,052Y,F,AP,2500,2048,0.168,0.168,,52,0.52,0,0
00001362_013.png,No Finding,13,1362,051Y,F,PA,2830,2845,0.143,0.143,,51,0.51,0,1
00001362_014.png,No Finding,14,1362,052Y,F,AP,2500,2048,0.168,0.168,,52,0.52,0,0
00001362_015.png,Atelectasis,15,1362,052Y,F,AP,2500,2048,0.168,0.168,,52,0.52,0,0
00001362_016.png,No Finding,16,1362,052Y,F,PA,2992,2877,0.143,0.143,,52,0.52,0,1
00001362_017.png,No Finding,17,1362,052Y,F,AP,2500,2048,0.168,0.168,,52,0.52,0,0
00001363_000.png,No Finding,0,1363,020Y,F,PA,2554,2991,0.143,0.143,,20,0.2,0,1
00001364_000.png,No Finding,0,1364,059Y,M,PA,2021,2021,0.194311,0.194311,,59,0.59,1,1
00001364_001.png,No Finding,1,1364,051Y,M,PA,2992,2991,0.143,0.143,,51,0.51,1,1
00001364_002.png,No Finding,2,1364,052Y,M,AP,2500,2048,0.168,0.168,,52,0.52,1,0
00001364_003.png,No Finding,3,1364,052Y,M,AP,2500,2048,0.168,0.168,,52,0.52,1,0
00001364_004.png,Infiltration|Pneumothorax,4,1364,051Y,M,PA,2992,2991,0.143,0.143,,51,0.51,1,1
00001364_005.png,Pneumothorax,5,1364,052Y,M,PA,2500,2048,0.168,0.168,,52,0.52,1,1
00001364_006.png,No Finding,6,1364,053Y,M,PA,2048,2500,0.168,0.168,,53,0.53,1,1
00001365_000.png,No Finding,0,1365,012Y,F,PA,2048,2500,0.171,0.171,,12,0.12,0,1
00001365_001.png,No Finding,1,1365,013Y,F,PA,2048,2500,0.171,0.171,,13,0.13,0,1
00001365_002.png,No Finding,2,1365,014Y,F,PA,2048,2500,0.171,0.171,,14,0.14,0,1
00001366_000.png,No Finding,0,1366,059Y,F,PA,2048,2500,0.168,0.168,,59,0.59,0,1
00001368_000.png,No Finding,0,1368,060Y,F,PA,2048,2500,0.168,0.168,,60,0.6,0,1
00001368_001.png,No Finding,1,1368,060Y,F,PA,2706,2581,0.143,0.143,,60,0.6,0,1
00001369_000.png,Cardiomegaly,0,1369,035Y,F,PA,2048,2500,0.171,0.171,,35,0.35,0,1
00001370_000.png,No Finding,0,1370,040Y,M,PA,2048,2500,0.171,0.171,,40,0.4,1,1
00001371_000.png,No Finding,0,1371,053Y,M,PA,2500,2048,0.171,0.171,,53,0.53,1,1
00001371_001.png,No Finding,1,1371,055Y,M,AP,2500,2048,0.168,0.168,,55,0.55,1,0
00001371_002.png,No Finding,2,1371,055Y,M,AP,2500,2048,0.168,0.168,,55,0.55,1,0
00001371_003.png,No Finding,3,1371,055Y,M,AP,2500,2048,0.168,0.168,,55,0.55,1,0
00001371_004.png,No Finding,4,1371,055Y,M,AP,2500,2048,0.168,0.168,,55,0.55,1,0
00001371_005.png,No Finding,5,1371,060Y,M,PA,2992,2991,0.143,0.143,,60,0.6,1,1
00001373_000.png,No Finding,0,1373,053Y,M,AP,2500,2048,0.168,0.168,,53,0.53,1,0
00001373_001.png,Cardiomegaly,1,1373,054Y,M,AP,2500,2048,0.168,0.168,,54,0.54,1,0
00001373_002.png,Cardiomegaly|Infiltration,2,1373,054Y,M,AP,2500,2048,0.168,0.168,,54,0.54,1,0
00001373_003.png,No Finding,3,1373,055Y,M,AP,2500,2048,0.168,0.168,,55,0.55,1,0
00001373_004.png,Consolidation,4,1373,055Y,M,PA,2680,2623,0.143,0.143,,55,0.55,1,1
00001373_005.png,No Finding,5,1373,056Y,M,PA,2992,2991,0.143,0.143,,56,0.56,1,1
00001373_006.png,Cardiomegaly,6,1373,056Y,M,PA,2992,2991,0.143,0.143,,56,0.56,1,1
00001373_007.png,No Finding,7,1373,056Y,M,PA,2992,2991,0.143,0.143,,56,0.56,1,1
00001373_008.png,Cardiomegaly|Effusion,8,1373,058Y,M,PA,2500,2048,0.168,0.168,,58,0.58,1,1
00001373_009.png,Cardiomegaly,9,1373,058Y,M,AP,2500,2048,0.168,0.168,,58,0.58,1,0
00001373_010.png,Cardiomegaly|Effusion|Pneumonia,10,1373,058Y,M,AP,3056,2544,0.139,0.139,,58,0.58,1,0
00001373_011.png,Atelectasis|Cardiomegaly,11,1373,058Y,M,AP,3056,2544,0.139,0.139,,58,0.58,1,0
00001373_012.png,Cardiomegaly,12,1373,058Y,M,AP,3016,2544,0.139,0.139,,58,0.58,1,0
00001373_013.png,Cardiomegaly,13,1373,058Y,M,AP,3056,2544,0.139,0.139,,58,0.58,1,0
00001373_014.png,Cardiomegaly|Effusion,14,1373,058Y,M,AP,2884,2544,0.139,0.139,,58,0.58,1,0
00001373_015.png,Cardiomegaly|Effusion,15,1373,058Y,M,AP,3056,2544,0.139,0.139,,58,0.58,1,0
00001373_016.png,No Finding,16,1373,059Y,M,AP,3056,2544,0.139,0.139,,59,0.59,1,0
00001373_017.png,Infiltration,17,1373,059Y,M,AP,3056,2544,0.139,0.139,,59,0.59,1,0
00001373_018.png,Atelectasis|Cardiomegaly|Effusion,18,1373,059Y,M,PA,2992,2991,0.143,0.143,,59,0.59,1,1
00001373_019.png,No Finding,19,1373,059Y,M,AP,3056,2544,0.139,0.139,,59,0.59,1,0
00001373_020.png,No Finding,20,1373,059Y,M,AP,3056,2544,0.139,0.139,,59,0.59,1,0
00001373_021.png,Cardiomegaly,21,1373,059Y,M,AP,3056,2544,0.139,0.139,,59,0.59,1,0
00001373_022.png,Cardiomegaly,22,1373,059Y,M,AP,3056,2544,0.139,0.139,,59,0.59,1,0
00001373_023.png,No Finding,23,1373,059Y,M,AP,3056,2544,0.139,0.139,,59,0.59,1,0
00001373_024.png,No Finding,24,1373,059Y,M,AP,3056,2544,0.139,0.139,,59,0.59,1,0
00001373_025.png,Cardiomegaly|Infiltration,25,1373,059Y,M,AP,3056,2544,0.139,0.139,,59,0.59,1,0
00001373_026.png,Cardiomegaly,26,1373,060Y,M,AP,2500,2048,0.168,0.168,,60,0.6,1,0
00001373_027.png,Infiltration,27,1373,060Y,M,AP,2500,2048,0.168,0.168,,60,0.6,1,0
00001373_028.png,No Finding,28,1373,059Y,M,AP,3056,2544,0.139,0.139,,59,0.59,1,0
00001373_029.png,Infiltration,29,1373,059Y,M,AP,3056,2544,0.139,0.139,,59,0.59,1,0
00001373_030.png,Cardiomegaly|Edema|Effusion,30,1373,059Y,M,AP,3056,2544,0.139,0.139,,59,0.59,1,0
00001373_031.png,Cardiomegaly|Edema|Effusion,31,1373,059Y,M,AP,3056,2544,0.139,0.139,,59,0.59,1,0
00001373_032.png,Cardiomegaly|Consolidation|Edema,32,1373,059Y,M,AP,3056,2544,0.139,0.139,,59,0.59,1,0
00001373_033.png,Cardiomegaly|Effusion,33,1373,059Y,M,AP,3056,2544,0.139,0.139,,59,0.59,1,0
00001373_034.png,Infiltration,34,1373,059Y,M,AP,3056,2544,0.139,0.139,,59,0.59,1,0
00001373_035.png,Cardiomegaly|Effusion,35,1373,060Y,M,AP,3056,2544,0.139,0.139,,60,0.6,1,0
00001373_036.png,Atelectasis|Cardiomegaly|Consolidation|Effusion,36,1373,060Y,M,AP,3056,2544,0.139,0.139,,60,0.6,1,0
00001373_037.png,Cardiomegaly|Effusion,37,1373,060Y,M,AP,3056,2544,0.139,0.139,,60,0.6,1,0
00001373_038.png,Effusion,38,1373,060Y,M,AP,3056,2544,0.139,0.139,,60,0.6,1,0
00001373_039.png,Atelectasis|Cardiomegaly,39,1373,060Y,M,AP,3056,2544,0.139,0.139,,60,0.6,1,0
00001373_040.png,Atelectasis|Effusion,40,1373,060Y,M,AP,3056,2544,0.139,0.139,,60,0.6,1,0
00001373_041.png,Effusion,41,1373,060Y,M,AP,3056,2544,0.139,0.139,,60,0.6,1,0
00001373_042.png,Cardiomegaly|Effusion,42,1373,060Y,M,AP,3056,2544,0.139,0.139,,60,0.6,1,0
00001373_043.png,No Finding,43,1373,060Y,M,AP,3056,2544,0.139,0.139,,60,0.6,1,0
00001373_044.png,Effusion,44,1373,060Y,M,AP,3056,2544,0.139,0.139,,60,0.6,1,0
00001373_045.png,Consolidation|Effusion,45,1373,060Y,M,AP,3056,2544,0.139,0.139,,60,0.6,1,0
00001373_046.png,No Finding,46,1373,060Y,M,AP,3056,2544,0.139,0.139,,60,0.6,1,0
00001373_047.png,Cardiomegaly|Effusion,47,1373,060Y,M,AP,3056,2544,0.139,0.139,,60,0.6,1,0
00001373_048.png,Cardiomegaly|Effusion,48,1373,060Y,M,AP,3056,2544,0.139,0.139,,60,0.6,1,0
00001373_049.png,Cardiomegaly|Effusion,49,1373,060Y,M,AP,3056,2544,0.139,0.139,,60,0.6,1,0
00001373_050.png,Effusion|Infiltration,50,1373,060Y,M,AP,3056,2544,0.139,0.139,,60,0.6,1,0
00001373_051.png,Effusion|Infiltration,51,1373,060Y,M,AP,3056,2544,0.139,0.139,,60,0.6,1,0
00001373_052.png,Effusion|Infiltration,52,1373,060Y,M,AP,3056,2544,0.139,0.139,,60,0.6,1,0
00001373_053.png,Atelectasis|Effusion|Infiltration,53,1373,060Y,M,AP,3056,2544,0.139,0.139,,60,0.6,1,0
00001373_054.png,Effusion|Infiltration,54,1373,060Y,M,AP,3056,2544,0.139,0.139,,60,0.6,1,0
00001373_055.png,Consolidation,55,1373,060Y,M,AP,3056,2544,0.139,0.139,,60,0.6,1,0
00001374_000.png,No Finding,0,1374,024Y,F,PA,2500,2048,0.171,0.171,,24,0.24,0,1
00001375_000.png,No Finding,0,1375,061Y,M,PA,2544,3056,0.139,0.139,,61,0.61,1,1
00001376_000.png,No Finding,0,1376,047Y,M,AP,2500,2048,0.171,0.171,,47,0.47,1,0
00001376_001.png,No Finding,1,1376,048Y,M,PA,2500,2048,0.168,0.168,,48,0.48,1,1
00001376_002.png,No Finding,2,1376,048Y,M,PA,2500,2048,0.168,0.168,,48,0.48,1,1
00001376_003.png,No Finding,3,1376,048Y,M,PA,2500,2048,0.168,0.168,,48,0.48,1,1
00001376_004.png,No Finding,4,1376,049Y,M,PA,2500,2048,0.168,0.168,,49,0.49,1,1
00001376_005.png,No Finding,5,1376,050Y,M,AP,2500,2048,0.168,0.168,,50,0.5,1,0
00001376_006.png,Effusion,6,1376,049Y,M,PA,2992,2991,0.143,0.143,,49,0.49,1,1
00001376_007.png,Effusion,7,1376,049Y,M,PA,2682,2677,0.143,0.143,,49,0.49,1,1
00001376_008.png,Pneumothorax,8,1376,050Y,M,AP,2500,2048,0.168,0.168,,50,0.5,1,0
00001376_009.png,No Finding,9,1376,050Y,M,AP,2500,2048,0.168,0.168,,50,0.5,1,0
00001376_010.png,Effusion|Pneumothorax,10,1376,050Y,M,AP,2500,2048,0.168,0.168,,50,0.5,1,0
00001377_000.png,Atelectasis|Effusion,0,1377,054Y,F,AP,2048,2500,0.171,0.171,,54,0.54,0,0
00001377_001.png,No Finding,1,1377,054Y,F,AP,2048,2500,0.171,0.171,,54,0.54,0,0
00001377_002.png,No Finding,2,1377,054Y,F,AP,2500,2048,0.171,0.171,,54,0.54,0,0
00001377_003.png,Atelectasis|Effusion,3,1377,054Y,F,PA,2048,2500,0.171,0.171,,54,0.54,0,1
00001377_004.png,Effusion,4,1377,054Y,F,PA,2048,2500,0.171,0.171,,54,0.54,0,1
00001377_005.png,Effusion,5,1377,054Y,F,PA,2048,2500,0.171,0.171,,54,0.54,0,1
00001379_000.png,No Finding,0,1379,051Y,M,PA,2992,2991,0.143,0.143,,51,0.51,1,1
00001380_000.png,No Finding,0,1380,059Y,M,PA,2021,2021,0.194311,0.194311,,59,0.59,1,1
00001381_000.png,No Finding,0,1381,045Y,M,PA,2992,2991,0.143,0.143,,45,0.45,1,1
00001381_001.png,Infiltration|Nodule,1,1381,045Y,M,PA,2992,2991,0.143,0.143,,45,0.45,1,1
00001381_002.png,Nodule,2,1381,045Y,M,AP,2500,2048,0.168,0.168,,45,0.45,1,0
00001381_003.png,Infiltration,3,1381,045Y,M,AP,2500,2048,0.168,0.168,,45,0.45,1,0
00001381_004.png,Infiltration,4,1381,045Y,M,PA,2992,2991,0.143,0.143,,45,0.45,1,1
00001381_005.png,Edema|Nodule,5,1381,045Y,M,AP,2500,2048,0.168,0.168,,45,0.45,1,0
00001381_006.png,No Finding,6,1381,045Y,M,AP,2500,2048,0.168,0.168,,45,0.45,1,0
00001381_007.png,No Finding,7,1381,045Y,M,AP,2500,2048,0.168,0.168,,45,0.45,1,0
00001381_008.png,No Finding,8,1381,045Y,M,AP,2500,2048,0.168,0.168,,45,0.45,1,0
00001381_009.png,No Finding,9,1381,045Y,M,AP,2500,2048,0.168,0.168,,45,0.45,1,0
00001381_010.png,Infiltration|Nodule,10,1381,045Y,M,PA,2992,2991,0.143,0.143,,45,0.45,1,1
00001381_011.png,Infiltration,11,1381,046Y,M,AP,2500,2048,0.168,0.168,,46,0.46,1,0
00001381_012.png,Infiltration|Nodule,12,1381,045Y,M,PA,2992,2991,0.143,0.143,,45,0.45,1,1
00001381_013.png,No Finding,13,1381,045Y,M,PA,2878,2905,0.143,0.143,,45,0.45,1,1
00001382_000.png,Infiltration|Mass,0,1382,027Y,M,PA,2500,2048,0.168,0.168,,27,0.27,1,1
00001382_001.png,No Finding,1,1382,027Y,M,AP,2500,2048,0.168,0.168,,27,0.27,1,0
00001382_002.png,No Finding,2,1382,027Y,M,PA,2048,2500,0.168,0.168,,27,0.27,1,1
00001382_003.png,Nodule,3,1382,027Y,M,AP,2048,2500,0.168,0.168,,27,0.27,1,0
00001382_004.png,Infiltration,4,1382,027Y,M,AP,2048,2500,0.168,0.168,,27,0.27,1,0
00001383_000.png,Emphysema|Pneumonia,0,1383,075Y,M,PA,2992,2991,0.143,0.143,,75,0.75,1,1
00001383_001.png,No Finding,1,1383,077Y,M,PA,2670,2429,0.143,0.143,,77,0.77,1,1
00001384_000.png,No Finding,0,1384,051Y,F,PA,1721,2021,0.194311,0.194311,,51,0.51,0,1
00001384_001.png,Atelectasis|Cardiomegaly|Fibrosis,1,1384,047Y,F,PA,2870,2991,0.143,0.143,,47,0.47,0,1
00001385_000.png,No Finding,0,1385,059Y,F,AP,2500,2048,0.171,0.171,,59,0.59,0,0
00001385_001.png,No Finding,1,1385,059Y,F,AP,2500,2048,0.171,0.171,,59,0.59,0,0
00001385_002.png,No Finding,2,1385,059Y,F,AP,2500,2048,0.171,0.171,,59,0.59,0,0
00001385_003.png,No Finding,3,1385,059Y,F,AP,2500,2048,0.171,0.171,,59,0.59,0,0
00001385_004.png,Cardiomegaly,4,1385,059Y,F,AP,2500,2048,0.171,0.171,,59,0.59,0,0
00001385_005.png,Effusion,5,1385,059Y,F,AP,2500,2048,0.171,0.171,,59,0.59,0,0
00001385_006.png,Effusion,6,1385,059Y,F,AP,2500,2048,0.171,0.171,,59,0.59,0,0
00001385_007.png,No Finding,7,1385,060Y,F,PA,2500,2048,0.168,0.168,,60,0.6,0,1
00001385_008.png,No Finding,8,1385,060Y,F,AP,2500,2048,0.171,0.171,,60,0.6,0,0
00001385_009.png,Atelectasis,9,1385,060Y,F,AP,2500,2048,0.171,0.171,,60,0.6,0,0
00001385_010.png,Atelectasis|Infiltration,10,1385,060Y,F,AP,2500,2048,0.171,0.171,,60,0.6,0,0
00001385_011.png,Cardiomegaly|Effusion|Infiltration,11,1385,060Y,F,AP,2500,2048,0.171,0.171,,60,0.6,0,0
00001385_012.png,Cardiomegaly|Infiltration,12,1385,060Y,F,AP,2500,2048,0.168,0.168,,60,0.6,0,0
00001385_013.png,No Finding,13,1385,061Y,F,PA,2774,2701,0.143,0.143,,61,0.61,0,1
00001385_014.png,No Finding,14,1385,061Y,F,PA,2514,2761,0.143,0.143,,61,0.61,0,1
00001385_015.png,No Finding,15,1385,062Y,F,PA,2694,2925,0.143,0.143,,62,0.62,0,1
00001385_016.png,No Finding,16,1385,063Y,F,PA,2048,2500,0.168,0.168,,63,0.63,0,1
00001385_017.png,Consolidation|Fibrosis|Infiltration,17,1385,063Y,F,PA,2992,2991,0.143,0.143,,63,0.63,0,1
00001385_018.png,No Finding,18,1385,063Y,F,AP,2500,2048,0.168,0.168,,63,0.63,0,0
00001385_019.png,Edema|Infiltration,19,1385,063Y,F,PA,2992,2991,0.143,0.143,,63,0.63,0,1
00001385_020.png,Infiltration,20,1385,063Y,F,AP,2500,2048,0.168,0.168,,63,0.63,0,0
00001387_000.png,No Finding,0,1387,027Y,F,PA,2021,2020,0.194311,0.194311,,27,0.27,0,1
00001390_000.png,No Finding,0,1390,047Y,F,PA,2048,2500,0.168,0.168,,47,0.47,0,1
00001391_000.png,No Finding,0,1391,031Y,F,PA,2048,2500,0.168,0.168,,31,0.31,0,1
00001392_000.png,No Finding,0,1392,077Y,F,PA,2048,2500,0.171,0.171,,77,0.77,0,1
00001393_000.png,No Finding,0,1393,067Y,M,PA,2500,2048,0.168,0.168,,67,0.67,1,1
00001394_000.png,Nodule|Pleural_Thickening,0,1394,078Y,F,PA,2706,2729,0.143,0.143,,78,0.78,0,1
00001394_001.png,No Finding,1,1394,078Y,F,PA,2048,2500,0.168,0.168,,78,0.78,0,1
00001395_000.png,Nodule,0,1395,073Y,M,PA,2021,2021,0.194311,0.194311,,73,0.73,1,1
00001395_001.png,Nodule,1,1395,073Y,M,PA,2021,2021,0.194311,0.194311,,73,0.73,1,1
00001395_002.png,Atelectasis,2,1395,073Y,M,AP,3056,2544,0.139,0.139,,73,0.73,1,0
00001395_003.png,Emphysema|Pneumothorax,3,1395,073Y,M,PA,2021,2021,0.194311,0.194311,,73,0.73,1,1
00001395_004.png,Emphysema|Pneumothorax,4,1395,073Y,M,PA,2021,2021,0.194311,0.194311,,73,0.73,1,1
00001395_005.png,Effusion|Emphysema,5,1395,073Y,M,PA,2021,2021,0.194311,0.194311,,73,0.73,1,1
00001395_006.png,No Finding,6,1395,073Y,M,PA,3056,2544,0.139,0.139,,73,0.73,1,1
00001395_007.png,No Finding,7,1395,062Y,M,AP,2500,2048,0.171,0.171,,62,0.62,1,0
00001395_008.png,Atelectasis,8,1395,062Y,M,AP,2500,2048,0.168,0.168,,62,0.62,1,0
00001395_009.png,No Finding,9,1395,062Y,M,AP,2500,2048,0.168,0.168,,62,0.62,1,0
00001395_010.png,Fibrosis,10,1395,064Y,M,PA,2992,2991,0.143,0.143,,64,0.64,1,1
00001395_011.png,Atelectasis|Pleural_Thickening,11,1395,064Y,M,AP,2500,2048,0.168,0.168,,64,0.64,1,0
00001395_012.png,Effusion|Infiltration|Pleural_Thickening,12,1395,064Y,M,PA,2992,2991,0.143,0.143,,64,0.64,1,1
00001395_013.png,Effusion|Infiltration|Pleural_Thickening,13,1395,064Y,M,PA,2992,2991,0.143,0.143,,64,0.64,1,1
00001395_014.png,No Finding,14,1395,065Y,M,PA,2992,2991,0.143,0.143,,65,0.65,1,1
00001399_000.png,No Finding,0,1399,015Y,F,PA,2048,2500,0.171,0.171,,15,0.15,0,1
00001400_000.png,Infiltration,0,1400,081Y,M,PA,2992,2991,0.143,0.143,,81,0.81,1,1
00001401_000.png,No Finding,0,1401,014Y,M,PA,2048,2500,0.168,0.168,,14,0.14,1,1
00001401_001.png,No Finding,1,1401,015Y,M,PA,2048,2500,0.168,0.168,,15,0.15,1,1
00001401_002.png,No Finding,2,1401,014Y,M,PA,2494,2991,0.143,0.143,,14,0.14,1,1
00001402_000.png,No Finding,0,1402,052Y,M,PA,2992,2991,0.143,0.143,,52,0.52,1,1
00001403_000.png,No Finding,0,1403,061Y,M,PA,2544,3056,0.139,0.139,,61,0.61,1,1
00001403_001.png,Consolidation|Mass,1,1403,061Y,M,PA,2992,2991,0.143,0.143,,61,0.61,1,1
00001403_002.png,No Finding,2,1403,054Y,M,PA,2500,2048,0.168,0.168,,54,0.54,1,1
00001403_003.png,Emphysema|Infiltration,3,1403,058Y,M,PA,2992,2991,0.143,0.143,,58,0.58,1,1
00001404_000.png,Nodule,0,1404,047Y,M,PA,2048,2500,0.171,0.171,,47,0.47,1,1
00001404_001.png,No Finding,1,1404,048Y,M,PA,2500,2048,0.171,0.171,,48,0.48,1,1
00001404_002.png,Mass|Pleural_Thickening,2,1404,048Y,M,PA,2500,2048,0.171,0.171,,48,0.48,1,1
00001404_003.png,No Finding,3,1404,048Y,M,PA,2500,2048,0.171,0.171,,48,0.48,1,1
00001404_004.png,No Finding,4,1404,049Y,M,PA,2048,2500,0.171,0.171,,49,0.49,1,1
00001404_005.png,Nodule,5,1404,049Y,M,PA,2500,2048,0.171,0.171,,49,0.49,1,1
00001404_006.png,Pleural_Thickening,6,1404,049Y,M,PA,2500,2048,0.171,0.171,,49,0.49,1,1
00001404_007.png,No Finding,7,1404,049Y,M,PA,2500,2048,0.168,0.168,,49,0.49,1,1
00001404_008.png,Nodule|Pleural_Thickening,8,1404,050Y,M,PA,2500,2048,0.168,0.168,,50,0.5,1,1
00001405_000.png,Infiltration,0,1405,032Y,M,PA,2021,2020,0.194311,0.194311,,32,0.32,1,1
00001406_000.png,No Finding,0,1406,069Y,M,PA,1870,2021,0.194311,0.194311,,69,0.69,1,1
00001406_001.png,No Finding,1,1406,059Y,M,PA,2500,2048,0.168,0.168,,59,0.59,1,1
00001408_000.png,No Finding,0,1408,044Y,F,PA,2048,2500,0.171,0.171,,44,0.44,0,1
00001409_000.png,Atelectasis|Infiltration,0,1409,056Y,M,PA,3056,2544,0.139,0.139,,56,0.56,1,1
00001409_001.png,No Finding,1,1409,056Y,M,PA,2992,2991,0.143,0.143,,56,0.56,1,1
00001409_002.png,Fibrosis,2,1409,057Y,M,PA,3056,2544,0.139,0.139,,57,0.57,1,1
00001409_003.png,No Finding,3,1409,059Y,M,PA,2021,2021,0.194311,0.194311,,59,0.59,1,1
00001409_004.png,No Finding,4,1409,045Y,M,PA,2500,2048,0.171,0.171,,45,0.45,1,1
00001409_005.png,No Finding,5,1409,048Y,M,PA,2500,2048,0.168,0.168,,48,0.48,1,1
00001409_006.png,No Finding,6,1409,049Y,M,PA,2992,2991,0.143,0.143,,49,0.49,1,1
00001409_007.png,No Finding,7,1409,050Y,M,PA,2802,2991,0.143,0.143,,50,0.5,1,1
00001409_008.png,No Finding,8,1409,050Y,M,PA,2992,2991,0.143,0.143,,50,0.5,1,1
00001409_009.png,Atelectasis|Pleural_Thickening,9,1409,051Y,M,PA,2992,2991,0.143,0.143,,51,0.51,1,1
00001409_010.png,Infiltration,10,1409,051Y,M,PA,2954,2991,0.143,0.143,,51,0.51,1,1
00001409_011.png,No Finding,11,1409,052Y,M,PA,2992,2991,0.143,0.143,,52,0.52,1,1
00001409_012.png,Infiltration,12,1409,054Y,M,AP,3056,2544,0.139,0.139,,54,0.54,1,0
00001409_013.png,No Finding,13,1409,055Y,M,PA,3056,2484,0.139,0.139,,55,0.55,1,1
00001410_000.png,Mass,0,1410,076Y,F,PA,2048,2500,0.168,0.168,,76,0.76,0,1
00001410_001.png,No Finding,1,1410,076Y,F,PA,2048,2500,0.168,0.168,,76,0.76,0,1
00001410_002.png,Mass,2,1410,076Y,F,AP,2500,2048,0.171,0.171,,76,0.76,0,0
00001410_003.png,Mass,3,1410,076Y,F,PA,2048,2500,0.168,0.168,,76,0.76,0,1
00001410_004.png,Mass,4,1410,077Y,F,PA,2048,2500,0.168,0.168,,77,0.77,0,1
00001411_000.png,No Finding,0,1411,037Y,F,PA,2610,2991,0.143,0.143,,37,0.37,0,1
00001414_000.png,No Finding,0,1414,038Y,F,PA,2990,2991,0.143,0.143,,38,0.38,0,1
00001416_000.png,No Finding,0,1416,069Y,M,PA,2500,2048,0.171,0.171,,69,0.69,1,1
00001416_001.png,Effusion,1,1416,069Y,M,AP,2500,2048,0.171,0.171,,69,0.69,1,0
00001416_002.png,Effusion|Pneumothorax,2,1416,069Y,M,PA,2500,2048,0.171,0.171,,69,0.69,1,1
00001416_003.png,Pneumothorax,3,1416,069Y,M,PA,2500,2048,0.171,0.171,,69,0.69,1,1
00001417_000.png,No Finding,0,1417,059Y,M,PA,2992,2991,0.143,0.143,,59,0.59,1,1
00001418_000.png,No Finding,0,1418,060Y,F,PA,2586,2409,0.143,0.143,,60,0.6,0,1
00001419_000.png,No Finding,0,1419,037Y,M,PA,2500,2048,0.168,0.168,,37,0.37,1,1
00001420_000.png,No Finding,0,1420,066Y,M,PA,2500,2048,0.171,0.171,,66,0.66,1,1
00001421_000.png,No Finding,0,1421,036Y,M,PA,2500,2048,0.168,0.168,,36,0.36,1,1
00001421_001.png,No Finding,1,1421,037Y,M,PA,2992,2991,0.143,0.143,,37,0.37,1,1
00001422_000.png,No Finding,0,1422,054Y,F,PA,2048,2500,0.171,0.171,,54,0.54,0,1
00001424_000.png,No Finding,0,1424,022Y,F,PA,2048,2500,0.168,0.168,,22,0.22,0,1
00001425_000.png,No Finding,0,1425,063Y,M,PA,2990,2991,0.143,0.143,,63,0.63,1,1
00001426_000.png,No Finding,0,1426,058Y,F,PA,2500,2048,0.168,0.168,,58,0.58,0,1
00001426_001.png,No Finding,1,1426,059Y,F,PA,2992,2991,0.143,0.143,,59,0.59,0,1
00001429_000.png,Fibrosis,0,1429,059Y,F,PA,2992,2991,0.143,0.143,,59,0.59,0,1
00001429_001.png,Fibrosis|Pleural_Thickening,1,1429,059Y,F,PA,2518,2589,0.143,0.143,,59,0.59,0,1
00001429_002.png,Pneumothorax,2,1429,060Y,F,AP,2500,2048,0.168,0.168,,60,0.6,0,0
00001429_003.png,Pneumothorax,3,1429,059Y,F,PA,2666,2991,0.143,0.143,,59,0.59,0,1
00001429_004.png,Pneumothorax,4,1429,060Y,F,PA,2526,2477,0.143,0.143,,60,0.6,0,1
00001429_005.png,Mass|Pneumothorax,5,1429,060Y,F,PA,2992,2991,0.143,0.143,,60,0.6,0,1
00001429_006.png,Mass|Pneumothorax,6,1429,060Y,F,PA,2992,2991,0.143,0.143,,60,0.6,0,1
00001429_007.png,Mass|Pneumothorax,7,1429,060Y,F,PA,2992,2991,0.143,0.143,,60,0.6,0,1
00001429_008.png,Pleural_Thickening|Pneumothorax,8,1429,060Y,F,PA,2992,2991,0.143,0.143,,60,0.6,0,1
00001429_009.png,Pleural_Thickening|Pneumothorax,9,1429,060Y,F,PA,2686,2757,0.143,0.143,,60,0.6,0,1
00001429_010.png,Fibrosis,10,1429,060Y,F,PA,2610,2829,0.143,0.143,,60,0.6,0,1
00001429_011.png,Fibrosis|Pleural_Thickening|Pneumothorax,11,1429,060Y,F,PA,2386,2489,0.143,0.143,,60,0.6,0,1
00001430_000.png,No Finding,0,1430,072Y,F,PA,2048,2500,0.171,0.171,,72,0.72,0,1
00001430_001.png,No Finding,1,1430,073Y,F,PA,2048,2500,0.171,0.171,,73,0.73,0,1
00001431_000.png,No Finding,0,1431,044Y,M,PA,2500,2048,0.168,0.168,,44,0.44,1,1
00001432_000.png,Atelectasis|Infiltration,0,1432,093Y,F,PA,2542,2991,0.143,0.143,,93,0.93,0,1
00001433_000.png,No Finding,0,1433,064Y,F,PA,2992,2991,0.143,0.143,,64,0.64,0,1
00001433_001.png,No Finding,1,1433,054Y,F,PA,2048,2500,0.171,0.171,,54,0.54,0,1
00001433_002.png,No Finding,2,1433,056Y,F,AP,2500,2048,0.168,0.168,,56,0.56,0,0
00001433_003.png,No Finding,3,1433,059Y,F,PA,2586,2991,0.143,0.143,,59,0.59,0,1
00001436_000.png,No Finding,0,1436,059Y,M,PA,2992,2991,0.143,0.143,,59,0.59,1,1
00001437_000.png,Infiltration,0,1437,030Y,F,AP,2500,2048,0.168,0.168,,30,0.3,0,0
00001437_001.png,Effusion,1,1437,030Y,F,AP,3056,2544,0.139,0.139,,30,0.3,0,0
00001437_002.png,Effusion,2,1437,030Y,F,AP,3020,2524,0.139,0.139,,30,0.3,0,0
00001437_003.png,No Finding,3,1437,030Y,F,AP,3056,2544,0.139,0.139,,30,0.3,0,0
00001437_004.png,No Finding,4,1437,030Y,F,AP,2972,2544,0.139,0.139,,30,0.3,0,0
00001437_005.png,Effusion,5,1437,030Y,F,AP,3056,2544,0.139,0.139,,30,0.3,0,0
00001437_006.png,No Finding,6,1437,031Y,F,AP,2500,2048,0.168,0.168,,31,0.31,0,0
00001437_007.png,No Finding,7,1437,030Y,F,AP,3056,2480,0.139,0.139,,30,0.3,0,0
00001437_008.png,No Finding,8,1437,030Y,F,AP,2544,3056,0.139,0.139,,30,0.3,0,0
00001437_009.png,No Finding,9,1437,030Y,F,AP,3040,2544,0.139,0.139,,30,0.3,0,0
00001437_010.png,No Finding,10,1437,030Y,F,AP,3020,2544,0.139,0.139,,30,0.3,0,0
00001437_011.png,No Finding,11,1437,030Y,F,AP,3056,2544,0.139,0.139,,30,0.3,0,0
00001437_012.png,Effusion,12,1437,030Y,F,PA,2500,3052,0.139,0.139,,30,0.3,0,1
00001437_013.png,No Finding,13,1437,030Y,F,PA,2508,2630,0.143,0.143,,30,0.3,0,1
00001437_014.png,No Finding,14,1437,030Y,F,PA,2992,2991,0.143,0.143,,30,0.3,0,1
00001437_015.png,No Finding,15,1437,030Y,F,PA,2594,2991,0.143,0.143,,30,0.3,0,1
00001437_016.png,No Finding,16,1437,030Y,F,PA,2566,2512,0.143,0.143,,30,0.3,0,1
00001437_017.png,No Finding,17,1437,030Y,F,PA,2678,2991,0.143,0.143,,30,0.3,0,1
00001437_018.png,Consolidation|Effusion|Pneumothorax,18,1437,030Y,F,AP,3056,2544,0.139,0.139,,30,0.3,0,0
00001437_019.png,Pneumonia,19,1437,030Y,F,AP,3048,2544,0.139,0.139,,30,0.3,0,0
00001437_020.png,No Finding,20,1437,030Y,F,AP,2952,2448,0.139,0.139,,30,0.3,0,0
00001437_021.png,No Finding,21,1437,030Y,F,AP,3056,2544,0.139,0.139,,30,0.3,0,0
00001437_022.png,Pneumothorax,22,1437,030Y,F,AP,3056,2544,0.139,0.139,,30,0.3,0,0
00001437_023.png,No Finding,23,1437,030Y,F,AP,3040,2228,0.139,0.139,,30,0.3,0,0
00001437_024.png,Consolidation|Effusion|Infiltration|Pneumonia,24,1437,030Y,F,PA,2386,2497,0.143,0.143,,30,0.3,0,1
00001437_025.png,No Finding,25,1437,030Y,F,PA,2490,2465,0.143,0.143,,30,0.3,0,1
00001437_026.png,Infiltration|Pneumothorax,26,1437,031Y,F,AP,2048,2500,0.168,0.168,,31,0.31,0,0
00001437_027.png,Infiltration,27,1437,030Y,F,AP,3056,2544,0.139,0.139,,30,0.3,0,0
00001437_028.png,Infiltration,28,1437,030Y,F,AP,2964,2544,0.139,0.139,,30,0.3,0,0
00001437_029.png,No Finding,29,1437,030Y,F,AP,3056,2544,0.139,0.139,,30,0.3,0,0
00001437_030.png,No Finding,30,1437,031Y,F,AP,2500,2048,0.168,0.168,,31,0.31,0,0
00001437_031.png,No Finding,31,1437,030Y,F,AP,3056,2544,0.139,0.139,,30,0.3,0,0
00001437_032.png,No Finding,32,1437,030Y,F,AP,3056,2544,0.139,0.139,,30,0.3,0,0
00001437_033.png,No Finding,33,1437,030Y,F,AP,2992,2544,0.139,0.139,,30,0.3,0,0
00001437_034.png,Emphysema|Infiltration,34,1437,030Y,F,AP,3056,2544,0.139,0.139,,30,0.3,0,0
00001437_035.png,No Finding,35,1437,030Y,F,AP,3056,2544,0.139,0.139,,30,0.3,0,0
00001437_036.png,No Finding,36,1437,030Y,F,AP,3056,2544,0.139,0.139,,30,0.3,0,0
00001437_037.png,No Finding,37,1437,030Y,F,AP,3056,2448,0.139,0.139,,30,0.3,0,0
00001437_038.png,Infiltration,38,1437,031Y,F,AP,2500,2048,0.168,0.168,,31,0.31,0,0
00001437_039.png,Effusion,39,1437,031Y,F,AP,2500,2048,0.168,0.168,,31,0.31,0,0
00001437_040.png,No Finding,40,1437,030Y,F,AP,2888,2544,0.139,0.139,,30,0.3,0,0
00001437_041.png,No Finding,41,1437,030Y,F,AP,3028,2544,0.139,0.139,,30,0.3,0,0
00001437_042.png,Atelectasis|Infiltration,42,1437,031Y,F,AP,2500,2048,0.168,0.168,,31,0.31,0,0
00001437_043.png,Atelectasis|Infiltration,43,1437,030Y,F,AP,3056,2544,0.139,0.139,,30,0.3,0,0
00001437_044.png,Effusion|Infiltration|Pleural_Thickening|Pneumothorax,44,1437,030Y,F,AP,2892,2544,0.139,0.139,,30,0.3,0,0
00001437_045.png,Infiltration,45,1437,031Y,F,AP,2500,2048,0.168,0.168,,31,0.31,0,0
00001437_046.png,No Finding,46,1437,030Y,F,PA,2606,2991,0.143,0.143,,30,0.3,0,1
00001437_047.png,Atelectasis|Consolidation,47,1437,030Y,F,PA,2992,2991,0.143,0.143,,30,0.3,0,1
00001437_048.png,No Finding,48,1437,030Y,F,PA,2374,2991,0.143,0.143,,30,0.3,0,1
00001437_049.png,No Finding,49,1437,030Y,F,AP,3000,2544,0.139,0.139,,30,0.3,0,0
00001437_050.png,No Finding,50,1437,030Y,F,AP,2932,2504,0.139,0.139,,30,0.3,0,0
00001437_051.png,No Finding,51,1437,030Y,F,AP,2764,2544,0.139,0.139,,30,0.3,0,0
00001437_052.png,No Finding,52,1437,030Y,F,PA,2262,2777,0.143,0.143,,30,0.3,0,1
00001437_053.png,No Finding,53,1437,031Y,F,AP,2872,2544,0.139,0.139,,31,0.31,0,0
00001438_000.png,Hernia,0,1438,073Y,F,PA,2500,2048,0.171,0.171,,73,0.73,0,1
00001439_000.png,Effusion,0,1439,064Y,F,PA,2048,2500,0.168,0.168,,64,0.64,0,1
00001440_000.png,No Finding,0,1440,042Y,M,PA,2870,2557,0.143,0.143,,42,0.42,1,1
00001441_000.png,No Finding,0,1441,059Y,M,PA,2021,2021,0.194311,0.194311,,59,0.59,1,1
00001443_000.png,No Finding,0,1443,023Y,M,PA,2558,2369,0.143,0.143,,23,0.23,1,1
00001444_000.png,Nodule,0,1444,064Y,F,PA,2048,2500,0.171,0.171,,64,0.64,0,1
00001446_000.png,Infiltration,0,1446,057Y,F,PA,2678,2986,0.143,0.143,,57,0.57,0,1
00001447_000.png,No Finding,0,1447,053Y,F,PA,2048,2500,0.168,0.168,,53,0.53,0,1
00001448_000.png,No Finding,0,1448,029Y,M,PA,2500,2048,0.168,0.168,,29,0.29,1,1
00001450_000.png,No Finding,0,1450,051Y,M,PA,2048,2500,0.168,0.168,,51,0.51,1,1
00001452_000.png,No Finding,0,1452,054Y,F,PA,2992,2991,0.143,0.143,,54,0.54,0,1
00001452_001.png,No Finding,1,1452,045Y,F,PA,2500,2048,0.168,0.168,,45,0.45,0,1
00001452_002.png,No Finding,2,1452,046Y,F,PA,2500,2048,0.168,0.168,,46,0.46,0,1
00001452_003.png,No Finding,3,1452,047Y,F,PA,2992,2991,0.143,0.143,,47,0.47,0,1
00001452_004.png,No Finding,4,1452,049Y,F,PA,2992,2991,0.143,0.143,,49,0.49,0,1
00001452_005.png,No Finding,5,1452,052Y,F,PA,2992,2991,0.143,0.143,,52,0.52,0,1
00001453_000.png,No Finding,0,1453,039Y,M,AP,2500,2048,0.171,0.171,,39,0.39,1,0
00001455_000.png,Pleural_Thickening|Pneumonia,0,1455,053Y,M,PA,2500,2048,0.168,0.168,,53,0.53,1,1
00001455_001.png,Pleural_Thickening,1,1455,053Y,M,PA,2500,2048,0.168,0.168,,53,0.53,1,1
00001456_000.png,Infiltration|Nodule,0,1456,042Y,F,PA,2598,2473,0.143,0.143,,42,0.42,0,1
00001456_001.png,No Finding,1,1456,041Y,F,PA,2482,2493,0.143,0.143,,41,0.41,0,1
00001459_000.png,Atelectasis,0,1459,075Y,F,PA,2992,2991,0.143,0.143,,75,0.75,0,1
00001459_001.png,No Finding,1,1459,075Y,F,PA,2992,2991,0.143,0.143,,75,0.75,0,1
00001460_000.png,Infiltration,0,1460,039Y,F,PA,2264,2754,0.143,0.143,,39,0.39,0,1
00001460_001.png,Infiltration,1,1460,040Y,F,AP,2500,2048,0.168,0.168,,40,0.4,0,0
00001460_002.png,Atelectasis,2,1460,040Y,F,AP,2500,2048,0.168,0.168,,40,0.4,0,0
00001460_003.png,No Finding,3,1460,040Y,F,PA,2992,2991,0.143,0.143,,40,0.4,0,1
00001460_004.png,No Finding,4,1460,041Y,F,AP,2500,2048,0.168,0.168,,41,0.41,0,0
00001461_000.png,No Finding,0,1461,063Y,M,AP,2500,2048,0.171,0.171,,63,0.63,1,0
00001461_001.png,No Finding,1,1461,064Y,M,AP,2500,2048,0.171,0.171,,64,0.64,1,0
00001461_002.png,Infiltration|Nodule,2,1461,064Y,M,AP,2500,2048,0.171,0.171,,64,0.64,1,0
00001461_003.png,Infiltration|Nodule,3,1461,064Y,M,AP,2500,2048,0.171,0.171,,64,0.64,1,0
00001462_000.png,No Finding,0,1462,048Y,F,PA,2992,2991,0.143,0.143,,48,0.48,0,1
00001462_001.png,Pleural_Thickening,1,1462,049Y,F,PA,2992,2991,0.143,0.143,,49,0.49,0,1
00001463_000.png,Fibrosis,0,1463,074Y,F,PA,2048,2500,0.168,0.168,,74,0.74,0,1
00001464_000.png,No Finding,0,1464,018Y,M,AP,2500,2048,0.168,0.168,,18,0.18,1,0
00001464_001.png,No Finding,1,1464,018Y,M,PA,2992,2991,0.143,0.143,,18,0.18,1,1
00001464_002.png,No Finding,2,1464,018Y,M,PA,2992,2991,0.143,0.143,,18,0.18,1,1
00001464_003.png,No Finding,3,1464,020Y,M,PA,2992,2991,0.143,0.143,,20,0.2,1,1
00001464_004.png,Infiltration,4,1464,022Y,M,PA,2706,2991,0.143,0.143,,22,0.22,1,1
00001465_000.png,Nodule|Pleural_Thickening,0,1465,072Y,M,PA,2628,2758,0.143,0.143,,72,0.72,1,1
00001466_000.png,No Finding,0,1466,082Y,M,PA,2992,2991,0.143,0.143,,82,0.82,1,1
00001467_000.png,No Finding,0,1467,044Y,M,PA,2992,2991,0.143,0.143,,44,0.44,1,1
00001468_000.png,No Finding,0,1468,033Y,F,PA,2048,2500,0.168,0.168,,33,0.33,0,1
00001469_000.png,Pneumothorax,0,1469,061Y,M,PA,2834,2825,0.143,0.143,,61,0.61,1,1
00001470_000.png,Emphysema,0,1470,056Y,F,AP,2500,2048,0.168,0.168,,56,0.56,0,0
00001470_001.png,No Finding,1,1470,056Y,F,PA,2048,2500,0.168,0.168,,56,0.56,0,1
00001470_002.png,No Finding,2,1470,056Y,F,PA,2500,2048,0.168,0.168,,56,0.56,0,1
00001470_003.png,No Finding,3,1470,056Y,F,AP,2500,2048,0.168,0.168,,56,0.56,0,0
00001470_004.png,Effusion,4,1470,056Y,F,AP,2500,2048,0.168,0.168,,56,0.56,0,0
00001470_005.png,Effusion,5,1470,056Y,F,AP,2500,2048,0.168,0.168,,56,0.56,0,0
00001470_006.png,Effusion,6,1470,056Y,F,PA,2992,2991,0.143,0.143,,56,0.56,0,1
00001470_007.png,Effusion,7,1470,056Y,F,PA,2992,2991,0.143,0.143,,56,0.56,0,1
00001470_008.png,Pleural_Thickening,8,1470,056Y,F,AP,2500,2048,0.168,0.168,,56,0.56,0,0
00001473_000.png,Effusion,0,1473,064Y,M,PA,2500,2048,0.168,0.168,,64,0.64,1,1
00001473_001.png,Atelectasis|Cardiomegaly|Effusion,1,1473,064Y,M,PA,2826,2829,0.143,0.143,,64,0.64,1,1
00001473_002.png,Effusion,2,1473,064Y,M,PA,2992,2991,0.143,0.143,,64,0.64,1,1
00001473_003.png,Effusion,3,1473,064Y,M,PA,2992,2991,0.143,0.143,,64,0.64,1,1
00001473_004.png,Effusion,4,1473,064Y,M,PA,2846,2991,0.143,0.143,,64,0.64,1,1
00001473_005.png,No Finding,5,1473,064Y,M,PA,2992,2753,0.143,0.143,,64,0.64,1,1
00001473_006.png,Cardiomegaly|Pleural_Thickening,6,1473,064Y,M,PA,2670,2661,0.143,0.143,,64,0.64,1,1
00001474_000.png,Nodule|Pleural_Thickening,0,1474,053Y,F,PA,2438,2991,0.143,0.143,,53,0.53,0,1
00001475_000.png,Cardiomegaly|Effusion,0,1475,049Y,F,PA,2992,2991,0.143,0.143,,49,0.49,0,1
00001477_000.png,Atelectasis,0,1477,058Y,M,PA,2992,2991,0.143,0.143,,58,0.58,1,1
00001478_000.png,No Finding,0,1478,052Y,F,PA,2544,3032,0.139,0.139,,52,0.52,0,1
00001479_000.png,No Finding,0,1479,039Y,F,PA,2730,2613,0.143,0.143,,39,0.39,0,1
00001480_000.png,No Finding,0,1480,014Y,F,PA,2048,2500,0.171,0.171,,14,0.14,0,1
00001480_001.png,No Finding,1,1480,015Y,F,PA,2048,2500,0.168,0.168,,15,0.15,0,1
00001481_000.png,Nodule,0,1481,053Y,F,PA,2992,2991,0.143,0.143,,53,0.53,0,1
00001481_001.png,No Finding,1,1481,053Y,F,PA,2918,2773,0.143,0.143,,53,0.53,0,1
00001482_000.png,No Finding,0,1482,059Y,M,PA,2500,2048,0.168,0.168,,59,0.59,1,1
00001482_001.png,No Finding,1,1482,059Y,M,PA,2048,2500,0.168,0.168,,59,0.59,1,1
00001485_000.png,No Finding,0,1485,011Y,F,PA,2048,2500,0.171,0.171,,11,0.11,0,1
00001485_001.png,No Finding,1,1485,012Y,F,PA,2048,2500,0.171,0.171,,12,0.12,0,1
00001485_002.png,No Finding,2,1485,013Y,F,PA,2048,2500,0.171,0.171,,13,0.13,0,1
00001485_003.png,No Finding,3,1485,013Y,F,PA,2048,2500,0.168,0.168,,13,0.13,0,1
00001485_004.png,No Finding,4,1485,014Y,F,PA,2048,2500,0.168,0.168,,14,0.14,0,1
00001485_005.png,No Finding,5,1485,014Y,F,PA,2048,2500,0.168,0.168,,14,0.14,0,1
00001486_000.png,No Finding,0,1486,055Y,M,PA,2500,2048,0.171,0.171,,55,0.55,1,1
00001487_000.png,No Finding,0,1487,066Y,F,PA,2048,2500,0.168,0.168,,66,0.66,0,1
00001489_000.png,No Finding,0,1489,052Y,M,AP,2500,2048,0.168,0.168,,52,0.52,1,0
00001491_000.png,No Finding,0,1491,028Y,F,PA,2048,2500,0.171,0.171,,28,0.28,0,1
00001491_001.png,Effusion|Infiltration,1,1491,031Y,F,PA,2470,2641,0.143,0.143,,31,0.31,0,1
00001492_000.png,No Finding,0,1492,061Y,M,AP,2500,2048,0.168,0.168,,61,0.61,1,0
00001492_001.png,No Finding,1,1492,061Y,M,AP,2500,2048,0.168,0.168,,61,0.61,1,0
00001492_002.png,No Finding,2,1492,061Y,M,AP,2500,2048,0.168,0.168,,61,0.61,1,0
00001492_003.png,No Finding,3,1492,063Y,M,PA,2992,2991,0.143,0.143,,63,0.63,1,1
00001492_004.png,No Finding,4,1492,063Y,M,PA,2992,2991,0.143,0.143,,63,0.63,1,1
00001493_000.png,No Finding,0,1493,022Y,M,PA,2500,2048,0.168,0.168,,22,0.22,1,1
00001493_001.png,No Finding,1,1493,023Y,M,PA,2500,2048,0.168,0.168,,23,0.23,1,1
00001495_000.png,No Finding,0,1495,061Y,F,PA,2964,2948,0.143,0.143,,61,0.61,0,1
00001495_001.png,Cardiomegaly|Effusion,1,1495,057Y,F,PA,2650,2991,0.143,0.143,,57,0.57,0,1
00001495_002.png,No Finding,2,1495,060Y,F,PA,2992,2991,0.143,0.143,,60,0.6,0,1
00001496_000.png,No Finding,0,1496,049Y,M,PA,2021,2021,0.194311,0.194311,,49,0.49,1,1
00001496_001.png,No Finding,1,1496,038Y,M,PA,2500,2048,0.171,0.171,,38,0.38,1,1
00001496_002.png,No Finding,2,1496,040Y,M,PA,2500,2048,0.168,0.168,,40,0.4,1,1
00001496_003.png,No Finding,3,1496,043Y,M,PA,2992,2991,0.143,0.143,,43,0.43,1,1
00001497_000.png,No Finding,0,1497,017Y,F,AP,2500,2048,0.168,0.168,,17,0.17,0,0
00001498_000.png,Infiltration,0,1498,049Y,M,PA,2992,2991,0.143,0.143,,49,0.49,1,1
00001498_001.png,No Finding,1,1498,050Y,M,PA,3056,2492,0.139,0.139,,50,0.5,1,1
00001499_000.png,No Finding,0,1499,048Y,F,PA,2048,2500,0.171,0.171,,48,0.48,0,1
00001500_000.png,No Finding,0,1500,063Y,F,PA,2021,2021,0.194311,0.194311,,63,0.63,0,1
00001500_001.png,No Finding,1,1500,062Y,F,AP,3056,2544,0.139,0.139,,62,0.62,0,0
00001500_002.png,Fibrosis,2,1500,057Y,F,PA,2530,2929,0.143,0.143,,57,0.57,0,1
00001501_000.png,No Finding,0,1501,056Y,M,PA,2500,2048,0.171,0.171,,56,0.56,1,1
00001501_001.png,No Finding,1,1501,056Y,M,PA,2500,2048,0.171,0.171,,56,0.56,1,1
00001501_002.png,No Finding,2,1501,056Y,M,AP,2500,2048,0.171,0.171,,56,0.56,1,0
00001501_003.png,Mass,3,1501,056Y,M,PA,2500,2048,0.171,0.171,,56,0.56,1,1
00001501_004.png,No Finding,4,1501,056Y,M,AP,2500,2048,0.171,0.171,,56,0.56,1,0
00001501_005.png,Consolidation|Mass,5,1501,056Y,M,AP,2500,2048,0.171,0.171,,56,0.56,1,0
00001501_006.png,Consolidation,6,1501,056Y,M,PA,2500,2048,0.171,0.171,,56,0.56,1,1
00001501_007.png,Atelectasis|Effusion|Mass,7,1501,056Y,M,PA,2500,2048,0.171,0.171,,56,0.56,1,1
00001501_008.png,No Finding,8,1501,056Y,M,PA,2500,2048,0.171,0.171,,56,0.56,1,1
00001502_000.png,Infiltration,0,1502,033Y,M,PA,2992,2991,0.143,0.143,,33,0.33,1,1
00001503_000.png,No Finding,0,1503,058Y,M,PA,2500,2048,0.171,0.171,,58,0.58,1,1
00001505_000.png,No Finding,0,1505,046Y,M,PA,2992,2991,0.143,0.143,,46,0.46,1,1
00001506_000.png,No Finding,0,1506,015Y,M,PA,2048,2500,0.168,0.168,,15,0.15,1,1
00001507_000.png,No Finding,0,1507,012Y,F,PA,2048,2500,0.171,0.171,,12,0.12,0,1
00001507_001.png,No Finding,1,1507,014Y,F,PA,2048,2500,0.168,0.168,,14,0.14,0,1
00001507_002.png,No Finding,2,1507,015Y,F,PA,2048,2500,0.168,0.168,,15,0.15,0,1
00001508_000.png,No Finding,0,1508,056Y,M,PA,2500,2048,0.168,0.168,,56,0.56,1,1
00001509_000.png,No Finding,0,1509,044Y,M,PA,2992,2991,0.143,0.143,,44,0.44,1,1
00001510_000.png,Infiltration|Mass,0,1510,023Y,M,AP,3056,2544,0.139,0.139,,23,0.23,1,0
00001510_001.png,No Finding,1,1510,021Y,M,PA,2606,2991,0.143,0.143,,21,0.21,1,1
00001512_000.png,No Finding,0,1512,049Y,M,AP,2500,2048,0.168,0.168,,49,0.49,1,0
00001512_001.png,Emphysema|Infiltration|Mass,1,1512,049Y,M,PA,2500,2048,0.168,0.168,,49,0.49,1,1
00001512_002.png,Atelectasis,2,1512,049Y,M,PA,2500,2048,0.168,0.168,,49,0.49,1,1
00001512_003.png,Atelectasis,3,1512,049Y,M,AP,2500,2048,0.168,0.168,,49,0.49,1,0
00001514_000.png,No Finding,0,1514,020Y,M,PA,2992,2991,0.143,0.143,,20,0.2,1,1
00001515_000.png,No Finding,0,1515,066Y,F,PA,2048,2500,0.168,0.168,,66,0.66,0,1
00001516_000.png,No Finding,0,1516,058Y,F,PA,2048,2500,0.168,0.168,,58,0.58,0,1
00001517_000.png,No Finding,0,1517,019Y,M,AP,2500,2048,0.171,0.171,,19,0.19,1,0
00001517_001.png,Consolidation|Mass,1,1517,019Y,M,PA,2048,2500,0.171,0.171,,19,0.19,1,1
00001517_002.png,Atelectasis|Consolidation,2,1517,019Y,M,AP,2500,2048,0.171,0.171,,19,0.19,1,0
00001517_003.png,Atelectasis|Consolidation,3,1517,019Y,M,AP,2500,2048,0.171,0.171,,19,0.19,1,0
00001517_004.png,Consolidation|Infiltration,4,1517,020Y,M,AP,2500,2048,0.168,0.168,,20,0.2,1,0
00001517_005.png,Atelectasis|Mass,5,1517,020Y,M,AP,2500,2048,0.168,0.168,,20,0.2,1,0
00001517_006.png,Nodule,6,1517,020Y,M,PA,2500,2048,0.168,0.168,,20,0.2,1,1
00001517_007.png,No Finding,7,1517,020Y,M,PA,2048,2500,0.168,0.168,,20,0.2,1,1
00001517_008.png,No Finding,8,1517,020Y,M,AP,2500,2048,0.168,0.168,,20,0.2,1,0
00001517_009.png,Mass,9,1517,020Y,M,AP,2500,2048,0.168,0.168,,20,0.2,1,0
00001517_010.png,No Finding,10,1517,027Y,M,AP,3056,2544,0.139,0.139,,27,0.27,1,0
00001517_011.png,Infiltration|Mass|Pleural_Thickening,11,1517,027Y,M,PA,2544,3024,0.139,0.139,,27,0.27,1,1
00001517_012.png,Pleural_Thickening,12,1517,027Y,M,PA,2992,2991,0.143,0.143,,27,0.27,1,1
00001517_013.png,No Finding,13,1517,028Y,M,AP,2500,2048,0.168,0.168,,28,0.28,1,0
00001518_000.png,No Finding,0,1518,026Y,M,PA,2992,2991,0.143,0.143,,26,0.26,1,1
00001519_000.png,No Finding,0,1519,038Y,F,PA,2048,2500,0.168,0.168,,38,0.38,0,1
00001520_000.png,Cardiomegaly|Infiltration,0,1520,053Y,M,PA,2992,2991,0.143,0.143,,53,0.53,1,1
00001520_001.png,No Finding,1,1520,053Y,M,PA,2992,2991,0.143,0.143,,53,0.53,1,1
00001521_000.png,No Finding,0,1521,056Y,M,AP,2500,2048,0.171,0.171,,56,0.56,1,0
00001522_000.png,No Finding,0,1522,052Y,F,PA,2048,2500,0.171,0.171,,52,0.52,0,1
00001523_000.png,No Finding,0,1523,046Y,M,PA,2500,2048,0.168,0.168,,46,0.46,1,1
00001523_001.png,Infiltration,1,1523,047Y,M,PA,2992,2991,0.143,0.143,,47,0.47,1,1
00001524_000.png,Atelectasis|Hernia|Nodule,0,1524,027Y,F,PA,2048,2500,0.171,0.171,,27,0.27,0,1
00001525_000.png,No Finding,0,1525,059Y,F,PA,2021,2021,0.194311,0.194311,,59,0.59,0,1
00001525_001.png,No Finding,1,1525,048Y,F,PA,2500,2048,0.168,0.168,,48,0.48,0,1
00001526_000.png,No Finding,0,1526,015Y,M,AP,2500,2048,0.168,0.168,,15,0.15,1,0
00001526_001.png,No Finding,1,1526,015Y,M,PA,2048,2500,0.168,0.168,,15,0.15,1,1
00001526_002.png,No Finding,2,1526,015Y,M,AP,2048,2500,0.168,0.168,,15,0.15,1,0
00001526_003.png,No Finding,3,1526,017Y,M,AP,2500,2048,0.168,0.168,,17,0.17,1,0
00001526_004.png,No Finding,4,1526,017Y,M,AP,2500,2048,0.168,0.168,,17,0.17,1,0
00001526_005.png,Effusion|Infiltration|Pleural_Thickening,5,1526,017Y,M,PA,2746,2757,0.143,0.143,,17,0.17,1,1
00001526_006.png,No Finding,6,1526,019Y,M,PA,2992,2991,0.143,0.143,,19,0.19,1,1
00001526_007.png,Infiltration,7,1526,020Y,M,AP,2500,2048,0.168,0.168,,20,0.2,1,0
00001526_008.png,Consolidation|Effusion,8,1526,020Y,M,AP,2048,2500,0.168,0.168,,20,0.2,1,0
00001527_000.png,Pleural_Thickening,0,1527,062Y,F,PA,2992,2991,0.143,0.143,,62,0.62,0,1
00001528_000.png,Edema|Infiltration,0,1528,051Y,F,AP,2500,2048,0.171,0.171,,51,0.51,0,0
00001528_001.png,No Finding,1,1528,051Y,F,AP,2500,2048,0.171,0.171,,51,0.51,0,0
00001528_002.png,Infiltration,2,1528,051Y,F,AP,2500,2048,0.171,0.171,,51,0.51,0,0
00001528_003.png,Nodule,3,1528,051Y,F,AP,2500,2048,0.168,0.168,,51,0.51,0,0
00001528_004.png,Infiltration|Pneumothorax,4,1528,051Y,F,AP,2500,2048,0.168,0.168,,51,0.51,0,0
00001528_005.png,Infiltration|Pneumothorax,5,1528,051Y,F,AP,2500,2048,0.168,0.168,,51,0.51,0,0
00001529_000.png,No Finding,0,1529,055Y,F,PA,2992,2991,0.143,0.143,,55,0.55,0,1
00001529_001.png,Atelectasis|Infiltration,1,1529,055Y,F,PA,2992,2991,0.143,0.143,,55,0.55,0,1
00001529_002.png,Pneumonia,2,1529,056Y,F,PA,2714,2991,0.143,0.143,,56,0.56,0,1
00001529_003.png,No Finding,3,1529,052Y,F,PA,2048,2500,0.168,0.168,,52,0.52,0,1
00001529_004.png,Consolidation|Infiltration|Pneumonia,4,1529,054Y,F,PA,2992,2991,0.143,0.143,,54,0.54,0,1
00001529_005.png,Pneumonia,5,1529,054Y,F,PA,2458,2529,0.143,0.143,,54,0.54,0,1
00001530_000.png,No Finding,0,1530,056Y,F,PA,2048,2500,0.168,0.168,,56,0.56,0,1
00001532_000.png,No Finding,0,1532,031Y,F,PA,2048,2500,0.171,0.171,,31,0.31,0,1
00001533_000.png,No Finding,0,1533,043Y,F,PA,2992,2991,0.143,0.143,,43,0.43,0,1
00001534_000.png,No Finding,0,1534,072Y,F,PA,2646,2991,0.143,0.143,,72,0.72,0,1
00001534_001.png,No Finding,1,1534,073Y,F,PA,2550,2991,0.143,0.143,,73,0.73,0,1
00001534_002.png,No Finding,2,1534,074Y,F,PA,2990,2991,0.143,0.143,,74,0.74,0,1
00001534_003.png,No Finding,3,1534,061Y,F,PA,2048,2500,0.171,0.171,,61,0.61,0,1
00001534_004.png,No Finding,4,1534,064Y,F,PA,2048,2500,0.168,0.168,,64,0.64,0,1
00001534_005.png,Cardiomegaly|Mass,5,1534,066Y,F,PA,2048,2500,0.168,0.168,,66,0.66,0,1
00001534_006.png,Cardiomegaly|Consolidation|Effusion,6,1534,066Y,F,PA,2500,2492,0.143,0.143,,66,0.66,0,1
00001534_007.png,No Finding,7,1534,068Y,F,PA,2786,2801,0.143,0.143,,68,0.68,0,1
00001534_008.png,No Finding,8,1534,069Y,F,PA,2662,2577,0.143,0.143,,69,0.69,0,1
00001534_009.png,Cardiomegaly|Effusion,9,1534,070Y,F,PA,2570,2329,0.143,0.143,,70,0.7,0,1
00001535_000.png,No Finding,0,1535,062Y,F,PA,2500,2048,0.168,0.168,,62,0.62,0,1
00001535_001.png,No Finding,1,1535,063Y,F,PA,2500,2048,0.168,0.168,,63,0.63,0,1
00001536_000.png,No Finding,0,1536,045Y,F,PA,2048,2500,0.168,0.168,,45,0.45,0,1
00001538_000.png,No Finding,0,1538,016Y,F,PA,2048,2500,0.171,0.171,,16,0.16,0,1
00001538_001.png,No Finding,1,1538,017Y,F,PA,2048,2500,0.168,0.168,,17,0.17,0,1
00001539_000.png,No Finding,0,1539,018Y,F,PA,2992,2991,0.143,0.143,,18,0.18,0,1
00001540_000.png,No Finding,0,1540,062Y,M,PA,2500,2048,0.171,0.171,,62,0.62,1,1
00001540_001.png,No Finding,1,1540,063Y,M,PA,2500,2048,0.171,0.171,,63,0.63,1,1
00001540_002.png,No Finding,2,1540,064Y,M,PA,2500,2048,0.168,0.168,,64,0.64,1,1
00001540_003.png,No Finding,3,1540,067Y,M,PA,2724,2860,0.143,0.143,,67,0.67,1,1
00001541_000.png,No Finding,0,1541,066Y,F,PA,2048,2500,0.168,0.168,,66,0.66,0,1
00001542_000.png,No Finding,0,1542,048Y,M,PA,2500,2048,0.171,0.171,,48,0.48,1,1
00001543_000.png,No Finding,0,1543,057Y,F,AP,2500,2048,0.168,0.168,,57,0.57,0,0
00001543_001.png,No Finding,1,1543,057Y,F,AP,2500,2048,0.168,0.168,,57,0.57,0,0
00001543_002.png,No Finding,2,1543,058Y,F,AP,2500,2048,0.168,0.168,,58,0.58,0,0
00001543_003.png,No Finding,3,1543,058Y,F,AP,2500,2048,0.168,0.168,,58,0.58,0,0
00001543_004.png,No Finding,4,1543,058Y,F,AP,2500,2048,0.168,0.168,,58,0.58,0,0
00001543_005.png,No Finding,5,1543,058Y,F,AP,2500,2048,0.168,0.168,,58,0.58,0,0
00001543_006.png,No Finding,6,1543,058Y,F,AP,2500,2048,0.168,0.168,,58,0.58,0,0
00001543_007.png,No Finding,7,1543,058Y,F,AP,2500,2048,0.168,0.168,,58,0.58,0,0
00001543_008.png,No Finding,8,1543,057Y,F,PA,2538,2585,0.143,0.143,,57,0.57,0,1
00001544_000.png,No Finding,0,1544,055Y,F,AP,2500,2048,0.171,0.171,,55,0.55,0,0
00001545_000.png,No Finding,0,1545,063Y,F,PA,2048,2500,0.171,0.171,,63,0.63,0,1
00001546_000.png,Fibrosis,0,1546,046Y,F,PA,2742,2513,0.143,0.143,,46,0.46,0,1
00001547_000.png,No Finding,0,1547,069Y,F,PA,2992,2991,0.143,0.143,,69,0.69,0,1
00001547_001.png,Infiltration,1,1547,070Y,F,PA,2992,2991,0.143,0.143,,70,0.7,0,1
00001547_002.png,No Finding,2,1547,071Y,F,PA,2544,3056,0.139,0.139,,71,0.71,0,1
00001547_003.png,Emphysema,3,1547,062Y,F,PA,2500,2048,0.168,0.168,,62,0.62,0,1
00001547_004.png,No Finding,4,1547,063Y,F,PA,2670,2965,0.143,0.143,,63,0.63,0,1
00001547_005.png,No Finding,5,1547,065Y,F,PA,2048,2500,0.168,0.168,,65,0.65,0,1
00001547_006.png,No Finding,6,1547,065Y,F,PA,2602,2991,0.143,0.143,,65,0.65,0,1
00001547_007.png,Infiltration,7,1547,067Y,F,PA,2048,2500,0.168,0.168,,67,0.67,0,1
00001547_008.png,Infiltration,8,1547,068Y,F,PA,2544,3056,0.139,0.139,,68,0.68,0,1
00001548_000.png,No Finding,0,1548,060Y,F,PA,2500,2048,0.171,0.171,,60,0.6,0,1
00001549_000.png,No Finding,0,1549,057Y,F,AP,3056,2544,0.139,0.139,,57,0.57,0,0
00001549_001.png,No Finding,1,1549,057Y,F,AP,3056,2544,0.139,0.139,,57,0.57,0,0
00001549_002.png,No Finding,2,1549,057Y,F,AP,3056,2544,0.139,0.139,,57,0.57,0,0
00001549_003.png,No Finding,3,1549,057Y,F,AP,3056,2544,0.139,0.139,,57,0.57,0,0
00001549_004.png,No Finding,4,1549,057Y,F,AP,3056,2544,0.139,0.139,,57,0.57,0,0
00001549_005.png,Infiltration,5,1549,057Y,F,AP,3056,2544,0.139,0.139,,57,0.57,0,0
00001549_006.png,No Finding,6,1549,057Y,F,AP,3056,2544,0.139,0.139,,57,0.57,0,0
00001549_007.png,Atelectasis|Consolidation,7,1549,057Y,F,AP,3056,2544,0.139,0.139,,57,0.57,0,0
00001549_008.png,No Finding,8,1549,057Y,F,AP,3056,2544,0.139,0.139,,57,0.57,0,0
00001549_009.png,Effusion|Infiltration,9,1549,057Y,F,AP,3056,2544,0.139,0.139,,57,0.57,0,0
00001549_010.png,No Finding,10,1549,057Y,F,AP,3056,2544,0.139,0.139,,57,0.57,0,0
00001549_011.png,Atelectasis,11,1549,057Y,F,AP,3056,2544,0.139,0.139,,57,0.57,0,0
00001549_012.png,Atelectasis|Cardiomegaly|Effusion|Infiltration,12,1549,057Y,F,AP,3056,2544,0.139,0.139,,57,0.57,0,0
00001549_013.png,Atelectasis,13,1549,057Y,F,AP,3056,2544,0.139,0.139,,57,0.57,0,0
00001549_014.png,Consolidation|Edema,14,1549,057Y,F,AP,3056,2544,0.139,0.139,,57,0.57,0,0
00001549_015.png,Cardiomegaly|Edema|Effusion,15,1549,057Y,F,AP,3056,2544,0.139,0.139,,57,0.57,0,0
00001549_016.png,Edema|Infiltration,16,1549,057Y,F,AP,3056,2544,0.139,0.139,,57,0.57,0,0
00001549_017.png,Consolidation|Infiltration,17,1549,057Y,F,AP,3056,2544,0.139,0.139,,57,0.57,0,0
00001549_018.png,Infiltration,18,1549,057Y,F,AP,3056,2544,0.139,0.139,,57,0.57,0,0
00001549_019.png,Consolidation|Infiltration,19,1549,057Y,F,AP,2544,3056,0.139,0.139,,57,0.57,0,0
00001549_020.png,Consolidation|Infiltration,20,1549,057Y,F,AP,3056,2544,0.139,0.139,,57,0.57,0,0
00001549_021.png,Consolidation|Edema|Infiltration,21,1549,057Y,F,PA,2992,2991,0.143,0.143,,57,0.57,0,1
00001549_022.png,No Finding,22,1549,059Y,F,PA,2021,2021,0.194311,0.194311,,59,0.59,0,1
00001549_023.png,Infiltration,23,1549,059Y,F,AP,3056,2544,0.139,0.139,,59,0.59,0,0
00001549_024.png,No Finding,24,1549,059Y,F,AP,3056,2544,0.139,0.139,,59,0.59,0,0
00001550_000.png,No Finding,0,1550,062Y,M,PA,2500,2048,0.168,0.168,,62,0.62,1,1
00001551_000.png,Pleural_Thickening,0,1551,012Y,F,PA,2048,2500,0.168,0.168,,12,0.12,0,1
00001551_001.png,No Finding,1,1551,014Y,F,PA,2990,2677,0.143,0.143,,14,0.14,0,1
00001552_000.png,No Finding,0,1552,085Y,F,PA,2678,2991,0.143,0.143,,85,0.85,0,1
00001552_001.png,No Finding,1,1552,088Y,F,PA,2992,2991,0.143,0.143,,88,0.88,0,1
00001553_000.png,No Finding,0,1553,054Y,F,PA,2048,2500,0.168,0.168,,54,0.54,0,1
00001555_000.png,Emphysema,0,1555,070Y,F,PA,2498,2337,0.143,0.143,,70,0.7,0,1
00001555_001.png,Emphysema,1,1555,071Y,F,PA,2106,2991,0.143,0.143,,71,0.71,0,1
00001555_002.png,Nodule,2,1555,073Y,F,PA,1755,1756,0.194311,0.194311,,73,0.73,0,1
00001555_003.png,Nodule,3,1555,062Y,F,PA,2048,2500,0.168,0.168,,62,0.62,0,1
00001555_004.png,No Finding,4,1555,065Y,F,PA,2566,2678,0.143,0.143,,65,0.65,0,1
00001555_005.png,Emphysema,5,1555,066Y,F,PA,2530,2991,0.143,0.143,,66,0.66,0,1
00001555_006.png,No Finding,6,1555,067Y,F,PA,2710,2757,0.143,0.143,,67,0.67,0,1
00001555_007.png,No Finding,7,1555,068Y,F,PA,2430,2613,0.143,0.143,,68,0.68,0,1
00001557_000.png,Atelectasis,0,1557,057Y,M,PA,3056,2544,0.139,0.139,,57,0.57,1,1
00001558_000.png,No Finding,0,1558,055Y,M,PA,2822,2991,0.143,0.143,,55,0.55,1,1
00001558_001.png,No Finding,1,1558,055Y,M,PA,2992,2991,0.143,0.143,,55,0.55,1,1
00001558_002.png,Infiltration,2,1558,055Y,M,AP,2500,2048,0.168,0.168,,55,0.55,1,0
00001558_003.png,Infiltration,3,1558,055Y,M,AP,2500,2048,0.168,0.168,,55,0.55,1,0
00001558_004.png,Atelectasis|Consolidation|Infiltration,4,1558,055Y,M,AP,2500,2048,0.168,0.168,,55,0.55,1,0
00001558_005.png,Atelectasis|Consolidation|Effusion,5,1558,055Y,M,PA,2992,2991,0.143,0.143,,55,0.55,1,1
00001558_006.png,Atelectasis|Consolidation|Effusion|Infiltration,6,1558,055Y,M,AP,2500,2048,0.168,0.168,,55,0.55,1,0
00001558_007.png,Effusion,7,1558,055Y,M,AP,2500,2048,0.168,0.168,,55,0.55,1,0
00001558_008.png,Effusion,8,1558,055Y,M,AP,2500,2048,0.168,0.168,,55,0.55,1,0
00001558_009.png,No Finding,9,1558,055Y,M,AP,2500,2048,0.168,0.168,,55,0.55,1,0
00001558_010.png,No Finding,10,1558,055Y,M,AP,2500,2048,0.168,0.168,,55,0.55,1,0
00001558_011.png,No Finding,11,1558,055Y,M,AP,2500,2048,0.168,0.168,,55,0.55,1,0
00001558_012.png,No Finding,12,1558,055Y,M,AP,2500,2048,0.168,0.168,,55,0.55,1,0
00001558_013.png,No Finding,13,1558,055Y,M,AP,2500,2048,0.168,0.168,,55,0.55,1,0
00001558_014.png,Effusion|Infiltration,14,1558,055Y,M,AP,2500,2048,0.168,0.168,,55,0.55,1,0
00001558_015.png,Consolidation,15,1558,055Y,M,AP,2500,2048,0.168,0.168,,55,0.55,1,0
00001558_016.png,No Finding,16,1558,055Y,M,AP,2500,2048,0.168,0.168,,55,0.55,1,0
00001558_017.png,Atelectasis|Consolidation|Effusion,17,1558,055Y,M,AP,2500,2048,0.168,0.168,,55,0.55,1,0
00001558_018.png,Atelectasis|Consolidation|Effusion,18,1558,055Y,M,AP,2500,2048,0.168,0.168,,55,0.55,1,0
00001558_019.png,Atelectasis|Consolidation|Effusion,19,1558,055Y,M,AP,2500,2048,0.168,0.168,,55,0.55,1,0
00001558_020.png,No Finding,20,1558,055Y,M,AP,2500,2048,0.168,0.168,,55,0.55,1,0
00001558_021.png,Effusion,21,1558,055Y,M,AP,2500,2048,0.168,0.168,,55,0.55,1,0
00001558_022.png,Effusion,22,1558,055Y,M,AP,2500,2048,0.168,0.168,,55,0.55,1,0
00001558_023.png,Effusion,23,1558,055Y,M,AP,2500,2048,0.168,0.168,,55,0.55,1,0
00001558_024.png,Effusion|Infiltration,24,1558,055Y,M,AP,2500,2048,0.168,0.168,,55,0.55,1,0
00001558_025.png,Effusion|Infiltration,25,1558,055Y,M,AP,2500,2048,0.168,0.168,,55,0.55,1,0
00001558_026.png,No Finding,26,1558,055Y,M,AP,2500,2048,0.168,0.168,,55,0.55,1,0
00001558_027.png,Infiltration,27,1558,055Y,M,AP,2500,2048,0.168,0.168,,55,0.55,1,0
00001558_028.png,Atelectasis,28,1558,055Y,M,AP,2500,2048,0.168,0.168,,55,0.55,1,0
00001558_029.png,Atelectasis|Consolidation,29,1558,055Y,M,AP,2500,2048,0.168,0.168,,55,0.55,1,0
00001558_030.png,Atelectasis,30,1558,055Y,M,AP,2500,2048,0.168,0.168,,55,0.55,1,0
00001558_031.png,Atelectasis|Effusion|Infiltration,31,1558,055Y,M,AP,2500,2048,0.168,0.168,,55,0.55,1,0
00001558_032.png,Effusion,32,1558,055Y,M,AP,2500,2048,0.168,0.168,,55,0.55,1,0
00001558_033.png,Cardiomegaly|Effusion,33,1558,055Y,M,AP,2500,2048,0.168,0.168,,55,0.55,1,0
00001558_034.png,Atelectasis|Effusion|Infiltration,34,1558,055Y,M,PA,2992,2991,0.143,0.143,,55,0.55,1,1
00001558_035.png,Atelectasis|Cardiomegaly|Effusion|Infiltration,35,1558,055Y,M,PA,2992,2991,0.143,0.143,,55,0.55,1,1
00001558_036.png,Atelectasis|Effusion|Infiltration,36,1558,055Y,M,PA,2992,2991,0.143,0.143,,55,0.55,1,1
00001558_037.png,No Finding,37,1558,055Y,M,PA,2992,2991,0.143,0.143,,55,0.55,1,1
00001558_038.png,No Finding,38,1558,056Y,M,AP,2500,2048,0.168,0.168,,56,0.56,1,0
00001558_039.png,No Finding,39,1558,056Y,M,PA,2992,2991,0.143,0.143,,56,0.56,1,1
00001559_000.png,No Finding,0,1559,046Y,F,PA,2992,2991,0.143,0.143,,46,0.46,0,1
00001559_001.png,No Finding,1,1559,046Y,F,PA,2992,2991,0.143,0.143,,46,0.46,0,1
00001559_002.png,Infiltration,2,1559,050Y,F,PA,3056,2544,0.139,0.139,,50,0.5,0,1
00001560_000.png,No Finding,0,1560,073Y,F,PA,2500,2048,0.171,0.171,,73,0.73,0,1
00001561_000.png,Emphysema|Pneumothorax,0,1561,024Y,F,PA,2048,2500,0.171,0.171,,24,0.24,0,1
00001561_001.png,Pneumothorax,1,1561,024Y,F,PA,2500,2048,0.171,0.171,,24,0.24,0,1
00001561_002.png,Pneumothorax,2,1561,024Y,F,PA,2500,2048,0.171,0.171,,24,0.24,0,1
00001561_003.png,Pneumothorax,3,1561,024Y,F,PA,2048,2500,0.171,0.171,,24,0.24,0,1
00001562_000.png,No Finding,0,1562,046Y,F,PA,2048,2500,0.171,0.171,,46,0.46,0,1
00001562_001.png,No Finding,1,1562,051Y,F,PA,2992,2991,0.143,0.143,,51,0.51,0,1
00001563_000.png,No Finding,0,1563,056Y,F,PA,2902,2733,0.143,0.143,,56,0.56,0,1
00001564_000.png,No Finding,0,1564,009Y,M,AP,2048,2500,0.171,0.171,,9,0.09,1,0
00001565_000.png,No Finding,0,1565,042Y,M,PA,2500,2048,0.171,0.171,,42,0.42,1,1
00001566_000.png,No Finding,0,1566,037Y,F,PA,2992,2991,0.143,0.143,,37,0.37,0,1
00001567_000.png,No Finding,0,1567,048Y,F,PA,2048,2500,0.171,0.171,,48,0.48,0,1
00001567_001.png,No Finding,1,1567,049Y,F,PA,2048,2500,0.171,0.171,,49,0.49,0,1
00001567_002.png,No Finding,2,1567,049Y,F,PA,2048,2500,0.168,0.168,,49,0.49,0,1
00001568_000.png,No Finding,0,1568,041Y,F,AP,2500,2048,0.168,0.168,,41,0.41,0,0
00001568_001.png,No Finding,1,1568,043Y,F,AP,2500,2048,0.168,0.168,,43,0.43,0,0
00001568_002.png,No Finding,2,1568,043Y,F,AP,2500,2048,0.168,0.168,,43,0.43,0,0
00001568_003.png,No Finding,3,1568,043Y,F,AP,2500,2048,0.168,0.168,,43,0.43,0,0
00001568_004.png,No Finding,4,1568,043Y,F,AP,2500,2048,0.168,0.168,,43,0.43,0,0
00001568_005.png,No Finding,5,1568,043Y,F,PA,2500,2048,0.168,0.168,,43,0.43,0,1
00001568_006.png,No Finding,6,1568,043Y,F,AP,2500,2048,0.168,0.168,,43,0.43,0,0
00001569_000.png,No Finding,0,1569,033Y,M,PA,2544,3056,0.139,0.139,,33,0.33,1,1
00001569_001.png,No Finding,1,1569,035Y,M,PA,2021,2021,0.194311,0.194311,,35,0.35,1,1
00001569_002.png,No Finding,2,1569,026Y,M,PA,2990,2991,0.143,0.143,,26,0.26,1,1
00001569_003.png,No Finding,3,1569,026Y,M,AP,2500,2048,0.168,0.168,,26,0.26,1,0
00001571_000.png,No Finding,0,1571,055Y,M,PA,2500,2048,0.171,0.171,,55,0.55,1,1
00001572_000.png,No Finding,0,1572,072Y,M,PA,2992,2991,0.143,0.143,,72,0.72,1,1
00001573_000.png,No Finding,0,1573,012Y,M,PA,2048,2500,0.168,0.168,,12,0.12,1,1
00001574_000.png,No Finding,0,1574,008Y,M,PA,2048,2500,0.171,0.171,,8,0.08,1,1
00001574_001.png,No Finding,1,1574,011Y,M,PA,2992,2365,0.143,0.143,,11,0.11,1,1
00001575_000.png,Infiltration,0,1575,044Y,F,PA,2734,2401,0.143,0.143,,44,0.44,0,1
00001576_000.png,No Finding,0,1576,023Y,M,AP,3056,2544,0.139,0.139,,23,0.23,1,0
00001576_001.png,No Finding,1,1576,016Y,M,AP,2500,2048,0.168,0.168,,16,0.16,1,0
00001577_000.png,No Finding,0,1577,021Y,F,PA,1772,2021,0.194311,0.194311,,21,0.21,0,1
00001577_001.png,Infiltration,1,1577,020Y,F,AP,3056,2544,0.139,0.139,,20,0.2,0,0
00001577_002.png,No Finding,2,1577,011Y,F,AP,2048,2500,0.168,0.168,,11,0.11,0,0
00001577_003.png,No Finding,3,1577,012Y,F,AP,2048,2500,0.168,0.168,,12,0.12,0,0
00001577_004.png,No Finding,4,1577,016Y,F,PA,2482,2417,0.143,0.143,,16,0.16,0,1
00001578_000.png,Infiltration,0,1578,070Y,M,PA,2992,2981,0.143,0.143,,70,0.7,1,1
00001579_000.png,No Finding,0,1579,047Y,M,PA,2048,2500,0.168,0.168,,47,0.47,1,1
00001580_000.png,Edema|Emphysema|Mass|Pneumothorax,0,1580,040Y,M,PA,2500,2048,0.171,0.171,,40,0.4,1,1
00001580_001.png,Cardiomegaly|Effusion|Emphysema|Infiltration|Pneumothorax,1,1580,040Y,M,PA,2500,2048,0.171,0.171,,40,0.4,1,1
00001582_000.png,No Finding,0,1582,030Y,F,AP,2500,2048,0.171,0.171,,30,0.3,0,0
00001582_001.png,Effusion,1,1582,030Y,F,AP,2500,2048,0.171,0.171,,30,0.3,0,0
00001582_002.png,Consolidation,2,1582,030Y,F,AP,2500,2048,0.171,0.171,,30,0.3,0,0
00001582_003.png,Infiltration,3,1582,030Y,F,AP,2500,2048,0.171,0.171,,30,0.3,0,0
00001582_004.png,Infiltration,4,1582,030Y,F,AP,2500,2048,0.171,0.171,,30,0.3,0,0
00001582_005.png,Infiltration,5,1582,030Y,F,AP,2500,2048,0.171,0.171,,30,0.3,0,0
00001582_006.png,Cardiomegaly|Effusion,6,1582,030Y,F,AP,2500,2048,0.171,0.171,,30,0.3,0,0
00001582_007.png,Cardiomegaly|Effusion,7,1582,030Y,F,AP,2500,2048,0.171,0.171,,30,0.3,0,0
00001582_008.png,Cardiomegaly|Effusion|Infiltration,8,1582,030Y,F,AP,2500,2048,0.171,0.171,,30,0.3,0,0
00001582_009.png,Cardiomegaly|Effusion|Infiltration,9,1582,030Y,F,AP,2500,2048,0.171,0.171,,30,0.3,0,0
00001582_010.png,No Finding,10,1582,030Y,F,AP,2500,2048,0.171,0.171,,30,0.3,0,0
00001582_011.png,No Finding,11,1582,030Y,F,AP,2048,2500,0.171,0.171,,30,0.3,0,0
00001582_012.png,Cardiomegaly,12,1582,030Y,F,PA,2048,2500,0.171,0.171,,30,0.3,0,1
00001582_013.png,No Finding,13,1582,031Y,F,PA,2048,2500,0.168,0.168,,31,0.31,0,1
00001582_014.png,No Finding,14,1582,032Y,F,PA,2048,2500,0.168,0.168,,32,0.32,0,1
00001582_015.png,No Finding,15,1582,033Y,F,PA,2374,2991,0.143,0.143,,33,0.33,0,1
00001582_016.png,No Finding,16,1582,033Y,F,AP,2500,2048,0.168,0.168,,33,0.33,0,0
00001582_017.png,Infiltration|Mass|Pneumonia,17,1582,032Y,F,PA,2992,2991,0.143,0.143,,32,0.32,0,1
00001582_018.png,Cardiomegaly|Effusion,18,1582,034Y,F,AP,2500,2048,0.168,0.168,,34,0.34,0,0
00001582_019.png,Pneumonia,19,1582,033Y,F,PA,2726,2621,0.143,0.143,,33,0.33,0,1
00001582_020.png,Effusion,20,1582,033Y,F,PA,2446,2605,0.143,0.143,,33,0.33,0,1
00001582_021.png,Pneumonia,21,1582,034Y,F,AP,2500,2048,0.168,0.168,,34,0.34,0,0
00001582_022.png,No Finding,22,1582,034Y,F,AP,2500,2048,0.168,0.168,,34,0.34,0,0
00001582_023.png,Atelectasis|Cardiomegaly|Effusion|Pneumonia,23,1582,034Y,F,AP,2500,2048,0.168,0.168,,34,0.34,0,0
00001582_024.png,Atelectasis|Cardiomegaly|Effusion|Pneumonia,24,1582,034Y,F,AP,2500,2048,0.168,0.168,,34,0.34,0,0
00001583_000.png,Atelectasis|Consolidation,0,1583,016Y,M,PA,2492,2445,0.143,0.143,,16,0.16,1,1
00001583_001.png,Consolidation|Mass,1,1583,016Y,M,PA,2522,2991,0.143,0.143,,16,0.16,1,1
00001583_002.png,Emphysema,2,1583,017Y,M,AP,2500,2048,0.168,0.168,,17,0.17,1,0
00001583_003.png,Pneumothorax,3,1583,016Y,M,PA,2992,2889,0.143,0.143,,16,0.16,1,1
00001583_004.png,Effusion|Emphysema|Infiltration|Pneumothorax,4,1583,016Y,M,PA,2384,2523,0.143,0.143,,16,0.16,1,1
00001583_005.png,Pneumothorax,5,1583,016Y,M,PA,2602,2557,0.143,0.143,,16,0.16,1,1
00001583_006.png,Infiltration|Pneumothorax,6,1583,016Y,M,PA,2834,2601,0.143,0.143,,16,0.16,1,1
00001583_007.png,Pneumothorax,7,1583,016Y,M,PA,2838,2601,0.143,0.143,,16,0.16,1,1
00001583_008.png,Emphysema|Infiltration|Pneumothorax,8,1583,017Y,M,AP,2500,2048,0.168,0.168,,17,0.17,1,0
00001583_009.png,Pneumothorax,9,1583,016Y,M,PA,2674,2991,0.143,0.143,,16,0.16,1,1
00001583_010.png,Atelectasis|Pneumothorax,10,1583,016Y,M,PA,2526,2897,0.143,0.143,,16,0.16,1,1
00001583_011.png,Pneumothorax,11,1583,016Y,M,PA,2734,2433,0.143,0.143,,16,0.16,1,1
00001583_012.png,Pneumothorax,12,1583,016Y,M,PA,2342,2326,0.143,0.143,,16,0.16,1,1
00001583_013.png,Pneumothorax,13,1583,016Y,M,PA,2832,2700,0.143,0.143,,16,0.16,1,1
00001583_014.png,Pneumothorax,14,1583,017Y,M,PA,2048,2500,0.168,0.168,,17,0.17,1,1
00001583_015.png,Pneumothorax,15,1583,016Y,M,PA,2610,2441,0.143,0.143,,16,0.16,1,1
00001583_016.png,Infiltration,16,1583,016Y,M,PA,2614,2991,0.143,0.143,,16,0.16,1,1
00001583_017.png,Pleural_Thickening,17,1583,016Y,M,PA,2352,2546,0.143,0.143,,16,0.16,1,1
00001583_018.png,No Finding,18,1583,016Y,M,PA,2992,2991,0.143,0.143,,16,0.16,1,1
00001584_000.png,No Finding,0,1584,037Y,M,PA,2500,2048,0.171,0.171,,37,0.37,1,1
00001584_001.png,Infiltration|Nodule|Pleural_Thickening,1,1584,038Y,M,PA,2500,2048,0.171,0.171,,38,0.38,1,1
00001584_002.png,No Finding,2,1584,039Y,M,PA,2048,2500,0.171,0.171,,39,0.39,1,1
00001584_003.png,Nodule,3,1584,040Y,M,PA,2500,2048,0.168,0.168,,40,0.4,1,1
00001585_000.png,No Finding,0,1585,016Y,M,PA,2714,2991,0.143,0.143,,16,0.16,1,1
00001586_000.png,No Finding,0,1586,051Y,F,PA,2048,2500,0.171,0.171,,51,0.51,0,1
00001587_000.png,No Finding,0,1587,049Y,F,PA,2766,2885,0.143,0.143,,49,0.49,0,1
00001588_000.png,Infiltration,0,1588,066Y,M,PA,2946,2948,0.143,0.143,,66,0.66,1,1
00001590_000.png,No Finding,0,1590,051Y,M,PA,2992,2713,0.143,0.143,,51,0.51,1,1
00001591_000.png,No Finding,0,1591,015Y,M,PA,2048,2500,0.168,0.168,,15,0.15,1,1
00001592_000.png,No Finding,0,1592,056Y,M,PA,2500,2048,0.171,0.171,,56,0.56,1,1
00001592_001.png,No Finding,1,1592,060Y,M,PA,2992,2991,0.143,0.143,,60,0.6,1,1
00001593_000.png,No Finding,0,1593,049Y,F,PA,2048,2500,0.171,0.171,,49,0.49,0,1
00001594_000.png,No Finding,0,1594,077Y,M,PA,2992,2991,0.143,0.143,,77,0.77,1,1
00001594_001.png,No Finding,1,1594,078Y,M,PA,2702,2991,0.143,0.143,,78,0.78,1,1
00001595_000.png,No Finding,0,1595,016Y,F,AP,2048,2500,0.171,0.171,,16,0.16,0,0
00001595_001.png,No Finding,1,1595,016Y,F,AP,2500,2048,0.171,0.171,,16,0.16,0,0
00001595_002.png,No Finding,2,1595,016Y,F,AP,2048,2500,0.168,0.168,,16,0.16,0,0
00001595_003.png,No Finding,3,1595,019Y,F,AP,2048,2500,0.168,0.168,,19,0.19,0,0
00001597_000.png,Infiltration,0,1597,062Y,F,PA,2048,2500,0.171,0.171,,62,0.62,0,1
00001598_000.png,No Finding,0,1598,075Y,M,PA,2500,2048,0.168,0.168,,75,0.75,1,1
00001601_000.png,No Finding,0,1601,063Y,F,PA,2890,2476,0.143,0.143,,63,0.63,0,1
00001601_001.png,Atelectasis,1,1601,064Y,F,PA,2021,2020,0.194311,0.194311,,64,0.64,0,1
00001601_002.png,No Finding,2,1601,065Y,F,PA,2021,2021,0.194311,0.194311,,65,0.65,0,1
00001601_003.png,Atelectasis|Effusion,3,1601,065Y,F,PA,2021,2021,0.194311,0.194311,,65,0.65,0,1
00001601_004.png,No Finding,4,1601,065Y,F,PA,2021,2020,0.194311,0.194311,,65,0.65,0,1
00001601_005.png,No Finding,5,1601,056Y,F,PA,2992,2991,0.143,0.143,,56,0.56,0,1
00001601_006.png,Edema,6,1601,056Y,F,AP,2500,2048,0.168,0.168,,56,0.56,0,0
00001601_007.png,Atelectasis,7,1601,056Y,F,AP,2500,2048,0.168,0.168,,56,0.56,0,0
00001601_008.png,Edema|Effusion|Infiltration,8,1601,056Y,F,PA,2992,2991,0.143,0.143,,56,0.56,0,1
00001601_009.png,Effusion,9,1601,056Y,F,PA,2522,2481,0.143,0.143,,56,0.56,0,1
00001601_010.png,Fibrosis|Pleural_Thickening,10,1601,060Y,F,PA,2826,2991,0.143,0.143,,60,0.6,0,1
00001601_011.png,Atelectasis|Emphysema|Infiltration,11,1601,060Y,F,AP,3056,2544,0.139,0.139,,60,0.6,0,0
00001601_012.png,Atelectasis|Consolidation|Effusion|Nodule,12,1601,060Y,F,PA,2992,2991,0.143,0.143,,60,0.6,0,1
00001601_013.png,Atelectasis|Effusion,13,1601,060Y,F,PA,2526,2991,0.143,0.143,,60,0.6,0,1
00001601_014.png,Atelectasis|Effusion,14,1601,060Y,F,PA,2992,2991,0.143,0.143,,60,0.6,0,1
00001601_015.png,Atelectasis|Effusion,15,1601,060Y,F,PA,2698,2481,0.143,0.143,,60,0.6,0,1
00001602_000.png,No Finding,0,1602,062Y,M,AP,2048,2500,0.168,0.168,,62,0.62,1,0
00001603_000.png,No Finding,0,1603,061Y,M,PA,2992,2991,0.143,0.143,,61,0.61,1,1
00001603_001.png,No Finding,1,1603,054Y,M,PA,2992,2991,0.143,0.143,,54,0.54,1,1
00001605_000.png,Consolidation|Mass,0,1605,020Y,M,PA,2544,3056,0.139,0.139,,20,0.2,1,1
00001605_001.png,Consolidation|Infiltration,1,1605,020Y,M,PA,3056,2544,0.139,0.139,,20,0.2,1,1
00001605_002.png,Consolidation|Fibrosis,2,1605,020Y,M,PA,2544,3056,0.139,0.139,,20,0.2,1,1
00001606_000.png,Infiltration,0,1606,048Y,F,PA,2544,3056,0.139,0.139,,48,0.48,0,1
00001606_001.png,Atelectasis,1,1606,049Y,F,PA,2544,3056,0.139,0.139,,49,0.49,0,1
00001606_002.png,Atelectasis,2,1606,051Y,F,PA,2020,2021,0.194311,0.194311,,51,0.51,0,1
00001606_003.png,Infiltration,3,1606,052Y,F,PA,2021,2021,0.194311,0.194311,,52,0.52,0,1
00001606_004.png,No Finding,4,1606,040Y,F,PA,2500,2048,0.171,0.171,,40,0.4,0,1
00001606_005.png,No Finding,5,1606,044Y,F,PA,2578,2991,0.143,0.143,,44,0.44,0,1
00001606_006.png,No Finding,6,1606,045Y,F,PA,2678,2991,0.143,0.143,,45,0.45,0,1
00001606_007.png,No Finding,7,1606,047Y,F,PA,2532,3056,0.139,0.139,,47,0.47,0,1
00001607_000.png,No Finding,0,1607,045Y,M,PA,2500,2048,0.171,0.171,,45,0.45,1,1
00001608_000.png,No Finding,0,1608,050Y,F,PA,2474,2991,0.143,0.143,,50,0.5,0,1
00001608_001.png,No Finding,1,1608,051Y,F,PA,2544,3056,0.139,0.139,,51,0.51,0,1
00001609_000.png,No Finding,0,1609,037Y,M,PA,2500,2048,0.171,0.171,,37,0.37,1,1
00001609_001.png,Atelectasis|Pneumothorax,1,1609,039Y,M,AP,2500,2048,0.168,0.168,,39,0.39,1,0
00001609_002.png,Effusion|Pneumothorax,2,1609,039Y,M,AP,2500,2048,0.168,0.168,,39,0.39,1,0
00001609_003.png,Effusion|Pneumothorax,3,1609,039Y,M,AP,2500,2048,0.168,0.168,,39,0.39,1,0
00001609_004.png,Effusion|Pneumothorax,4,1609,039Y,M,AP,2500,2048,0.168,0.168,,39,0.39,1,0
00001610_000.png,No Finding,0,1610,020Y,F,PA,2021,1552,0.194311,0.194311,,20,0.2,0,1
00001610_001.png,No Finding,1,1610,016Y,F,PA,2238,2137,0.143,0.143,,16,0.16,0,1
00001612_000.png,No Finding,0,1612,040Y,M,AP,2500,2048,0.168,0.168,,40,0.4,1,0
00001614_000.png,No Finding,0,1614,032Y,M,PA,2992,2991,0.143,0.143,,32,0.32,1,1
00001615_000.png,No Finding,0,1615,047Y,M,PA,3056,2484,0.139,0.139,,47,0.47,1,1
00001615_001.png,Mass,1,1615,048Y,M,AP,2500,2048,0.168,0.168,,48,0.48,1,0
00001615_002.png,No Finding,2,1615,048Y,M,PA,2678,2991,0.143,0.143,,48,0.48,1,1
00001615_003.png,Infiltration,3,1615,048Y,M,PA,2992,2991,0.143,0.143,,48,0.48,1,1
00001615_004.png,No Finding,4,1615,048Y,M,PA,2992,2991,0.143,0.143,,48,0.48,1,1
00001615_005.png,No Finding,5,1615,048Y,M,PA,2992,2991,0.143,0.143,,48,0.48,1,1
00001615_006.png,No Finding,6,1615,048Y,M,PA,2992,2991,0.143,0.143,,48,0.48,1,1
00001616_000.png,No Finding,0,1616,029Y,F,PA,2992,2991,0.143,0.143,,29,0.29,0,1
00001616_001.png,No Finding,1,1616,049Y,F,PA,2508,3028,0.139,0.139,,49,0.49,0,1
00001616_002.png,Atelectasis|Infiltration,2,1616,029Y,F,AP,3056,2544,0.139,0.139,,29,0.29,0,0
00001616_003.png,No Finding,3,1616,024Y,F,PA,2992,2991,0.143,0.143,,24,0.24,0,1
00001616_004.png,No Finding,4,1616,026Y,F,PA,2686,2991,0.143,0.143,,26,0.26,0,1
00001616_005.png,No Finding,5,1616,026Y,F,AP,2500,2048,0.168,0.168,,26,0.26,0,0
00001616_006.png,Atelectasis|Consolidation|Effusion|Infiltration,6,1616,026Y,F,PA,2834,2991,0.143,0.143,,26,0.26,0,1
00001616_007.png,Consolidation|Effusion,7,1616,026Y,F,PA,2992,2991,0.143,0.143,,26,0.26,0,1
00001616_008.png,No Finding,8,1616,026Y,F,AP,2500,2048,0.168,0.168,,26,0.26,0,0
00001616_009.png,No Finding,9,1616,026Y,F,AP,2500,2048,0.168,0.168,,26,0.26,0,0
00001616_010.png,No Finding,10,1616,026Y,F,PA,2710,2991,0.143,0.143,,26,0.26,0,1
00001616_011.png,No Finding,11,1616,026Y,F,AP,2500,2048,0.168,0.168,,26,0.26,0,0
00001616_012.png,Effusion,12,1616,026Y,F,PA,2048,2500,0.168,0.168,,26,0.26,0,1
00001618_000.png,No Finding,0,1618,055Y,M,PA,2500,2048,0.171,0.171,,55,0.55,1,1
00001618_001.png,Atelectasis|Nodule,1,1618,055Y,M,PA,2500,2048,0.171,0.171,,55,0.55,1,1
00001619_000.png,No Finding,0,1619,035Y,F,PA,2522,2991,0.143,0.143,,35,0.35,0,1
00001619_001.png,Infiltration,1,1619,035Y,F,AP,3056,2544,0.139,0.139,,35,0.35,0,0
00001619_002.png,No Finding,2,1619,035Y,F,AP,3056,2544,0.139,0.139,,35,0.35,0,0
00001619_003.png,No Finding,3,1619,035Y,F,AP,3056,2544,0.139,0.139,,35,0.35,0,0
00001619_004.png,No Finding,4,1619,035Y,F,AP,3048,2544,0.139,0.139,,35,0.35,0,0
00001620_000.png,No Finding,0,1620,043Y,M,PA,2500,2048,0.168,0.168,,43,0.43,1,1
00001620_001.png,No Finding,1,1620,043Y,M,AP,2500,2048,0.168,0.168,,43,0.43,1,0
00001620_002.png,No Finding,2,1620,042Y,M,PA,2992,2991,0.143,0.143,,42,0.42,1,1
00001620_003.png,No Finding,3,1620,043Y,M,AP,2500,2048,0.168,0.168,,43,0.43,1,0
00001620_004.png,No Finding,4,1620,043Y,M,AP,2500,2048,0.168,0.168,,43,0.43,1,0
00001620_005.png,No Finding,5,1620,043Y,M,AP,2500,2048,0.168,0.168,,43,0.43,1,0
00001621_000.png,No Finding,0,1621,048Y,M,PA,2500,2048,0.168,0.168,,48,0.48,1,1
00001622_000.png,No Finding,0,1622,053Y,M,PA,2500,2048,0.171,0.171,,53,0.53,1,1
00001622_001.png,No Finding,1,1622,053Y,M,PA,2500,2048,0.171,0.171,,53,0.53,1,1
00001623_000.png,No Finding,0,1623,057Y,M,PA,2048,2500,0.168,0.168,,57,0.57,1,1
00001624_000.png,No Finding,0,1624,064Y,M,PA,2048,2500,0.171,0.171,,64,0.64,1,1
00001624_001.png,No Finding,1,1624,069Y,M,PA,2990,2627,0.143,0.143,,69,0.69,1,1
00001624_002.png,No Finding,2,1624,072Y,M,PA,2594,2991,0.143,0.143,,72,0.72,1,1
00001625_000.png,No Finding,0,1625,042Y,M,PA,2500,2048,0.171,0.171,,42,0.42,1,1
00001626_000.png,No Finding,0,1626,050Y,F,PA,2048,2500,0.171,0.171,,50,0.5,0,1
00001627_000.png,Nodule,0,1627,070Y,F,PA,2500,2048,0.171,0.171,,70,0.7,0,1
00001628_000.png,Infiltration,0,1628,028Y,M,PA,2992,2991,0.143,0.143,,28,0.28,1,1
00001629_000.png,No Finding,0,1629,030Y,M,PA,2992,2991,0.143,0.143,,30,0.3,1,1
00001629_001.png,No Finding,1,1629,031Y,M,AP,2500,2048,0.168,0.168,,31,0.31,1,0
00001629_002.png,No Finding,2,1629,031Y,M,AP,2500,2048,0.168,0.168,,31,0.31,1,0
00001629_003.png,No Finding,3,1629,031Y,M,AP,2500,2048,0.168,0.168,,31,0.31,1,0
00001629_004.png,Effusion|Infiltration,4,1629,031Y,M,AP,2500,2048,0.168,0.168,,31,0.31,1,0
00001629_005.png,Effusion|Infiltration|Pneumonia,5,1629,031Y,M,PA,2500,2048,0.168,0.168,,31,0.31,1,1
00001629_006.png,Effusion|Pneumonia,6,1629,030Y,M,PA,2778,2937,0.143,0.143,,30,0.3,1,1
00001629_007.png,No Finding,7,1629,030Y,M,PA,2898,2991,0.143,0.143,,30,0.3,1,1
00001629_008.png,Infiltration,8,1629,031Y,M,AP,2500,2048,0.168,0.168,,31,0.31,1,0
00001629_009.png,Atelectasis|Cardiomegaly|Effusion,9,1629,031Y,M,AP,2500,2048,0.168,0.168,,31,0.31,1,0
00001629_010.png,Effusion,10,1629,031Y,M,AP,2500,2048,0.168,0.168,,31,0.31,1,0
00001629_011.png,No Finding,11,1629,030Y,M,PA,2992,2991,0.143,0.143,,30,0.3,1,1
00001629_012.png,No Finding,12,1629,031Y,M,PA,2992,2991,0.143,0.143,,31,0.31,1,1
00001629_013.png,Infiltration,13,1629,031Y,M,PA,2992,2991,0.143,0.143,,31,0.31,1,1
00001630_000.png,Infiltration,0,1630,044Y,M,PA,2694,2541,0.143,0.143,,44,0.44,1,1
00001630_001.png,No Finding,1,1630,040Y,M,PA,2950,2921,0.143,0.143,,40,0.4,1,1
00001631_000.png,No Finding,0,1631,019Y,F,PA,2048,2500,0.168,0.168,,19,0.19,0,1
00001632_000.png,No Finding,0,1632,021Y,F,PA,2048,2500,0.168,0.168,,21,0.21,0,1
00001633_000.png,No Finding,0,1633,046Y,F,PA,2500,2048,0.168,0.168,,46,0.46,0,1
00001634_000.png,No Finding,0,1634,051Y,F,PA,1829,1753,0.194311,0.194311,,51,0.51,0,1
00001634_001.png,No Finding,1,1634,051Y,F,PA,1730,2020,0.194308,0.194308,,51,0.51,0,1
00001634_002.png,No Finding,2,1634,042Y,F,PA,2048,2500,0.168,0.168,,42,0.42,0,1
00001634_003.png,No Finding,3,1634,043Y,F,AP,2500,2048,0.168,0.168,,43,0.43,0,0
00001634_004.png,No Finding,4,1634,042Y,F,PA,2834,2525,0.143,0.143,,42,0.42,0,1
00001634_005.png,No Finding,5,1634,043Y,F,PA,2874,2749,0.143,0.143,,43,0.43,0,1
00001634_006.png,Infiltration,6,1634,045Y,F,PA,2542,2549,0.143,0.143,,45,0.45,0,1
00001634_007.png,No Finding,7,1634,045Y,F,PA,2842,2669,0.143,0.143,,45,0.45,0,1
00001634_008.png,No Finding,8,1634,046Y,F,AP,2500,2048,0.168,0.168,,46,0.46,0,0
00001634_009.png,No Finding,9,1634,047Y,F,PA,2992,2991,0.143,0.143,,47,0.47,0,1
00001634_010.png,No Finding,10,1634,048Y,F,PA,2526,2991,0.143,0.143,,48,0.48,0,1
00001635_000.png,No Finding,0,1635,048Y,F,AP,2500,2048,0.171,0.171,,48,0.48,0,0
00001635_001.png,Infiltration,1,1635,052Y,F,PA,2992,2991,0.143,0.143,,52,0.52,0,1
00001637_000.png,No Finding,0,1637,020Y,M,PA,2992,2991,0.143,0.143,,20,0.2,1,1
00001637_001.png,Pneumonia,1,1637,023Y,M,PA,1960,2021,0.194311,0.194311,,23,0.23,1,1
00001637_002.png,No Finding,2,1637,022Y,M,PA,2544,3056,0.139,0.139,,22,0.22,1,1
00001637_003.png,Infiltration,3,1637,010Y,M,PA,2048,2500,0.171,0.171,,10,0.1,1,1
00001637_004.png,Infiltration,4,1637,014Y,M,AP,2500,2048,0.168,0.168,,14,0.14,1,0
00001637_005.png,Consolidation|Infiltration,5,1637,014Y,M,AP,2048,2500,0.168,0.168,,14,0.14,1,0
00001637_006.png,Infiltration|Mass,6,1637,014Y,M,AP,2048,2500,0.168,0.168,,14,0.14,1,0
00001637_007.png,Infiltration|Mass,7,1637,013Y,M,PA,2846,2577,0.143,0.143,,13,0.13,1,1
00001637_008.png,Mass,8,1637,013Y,M,PA,2206,2313,0.143,0.143,,13,0.13,1,1
00001637_009.png,Mass,9,1637,015Y,M,AP,2048,2500,0.168,0.168,,15,0.15,1,0
00001637_010.png,Mass,10,1637,014Y,M,PA,2030,2553,0.143,0.143,,14,0.14,1,1
00001637_011.png,Consolidation|Infiltration,11,1637,016Y,M,AP,2500,2048,0.168,0.168,,16,0.16,1,0
00001637_012.png,Infiltration,12,1637,016Y,M,PA,2992,2991,0.143,0.143,,16,0.16,1,1
00001638_000.png,No Finding,0,1638,038Y,F,PA,2021,2021,0.194311,0.194311,,38,0.38,0,1
00001638_001.png,Consolidation|Fibrosis|Pleural_Thickening,1,1638,030Y,F,PA,2434,2521,0.143,0.143,,30,0.3,0,1
00001638_002.png,Infiltration,2,1638,032Y,F,PA,2674,2685,0.143,0.143,,32,0.32,0,1
00001639_000.png,No Finding,0,1639,050Y,F,PA,2048,2500,0.168,0.168,,50,0.5,0,1
00001640_000.png,No Finding,0,1640,012Y,M,PA,2048,2500,0.168,0.168,,12,0.12,1,1
00001641_000.png,No Finding,0,1641,023Y,F,AP,3056,2544,0.139,0.139,,23,0.23,0,0
00001641_001.png,No Finding,1,1641,023Y,F,AP,3056,2544,0.139,0.139,,23,0.23,0,0
00001641_002.png,No Finding,2,1641,023Y,F,PA,2544,3056,0.139,0.139,,23,0.23,0,1
00001641_003.png,No Finding,3,1641,023Y,F,AP,3056,2544,0.139,0.139,,23,0.23,0,0
00001641_004.png,Infiltration,4,1641,013Y,F,PA,2048,2500,0.171,0.171,,13,0.13,0,1
00001641_005.png,No Finding,5,1641,014Y,F,PA,2048,2500,0.171,0.171,,14,0.14,0,1
00001641_006.png,No Finding,6,1641,015Y,F,PA,2048,2500,0.168,0.168,,15,0.15,0,1
00001642_000.png,No Finding,0,1642,049Y,M,PA,2500,2048,0.168,0.168,,49,0.49,1,1
00001644_000.png,No Finding,0,1644,043Y,M,PA,2500,2048,0.171,0.171,,43,0.43,1,1
00001646_000.png,No Finding,0,1646,065Y,F,PA,2048,2500,0.168,0.168,,65,0.65,0,1
00001647_000.png,No Finding,0,1647,044Y,F,PA,2990,2991,0.143,0.143,,44,0.44,0,1
00001648_000.png,No Finding,0,1648,044Y,M,PA,2992,2991,0.143,0.143,,44,0.44,1,1
00001648_001.png,No Finding,1,1648,044Y,M,AP,2500,2048,0.168,0.168,,44,0.44,1,0
00001648_002.png,No Finding,2,1648,044Y,M,AP,2500,2048,0.168,0.168,,44,0.44,1,0
00001648_003.png,No Finding,3,1648,044Y,M,AP,2500,2048,0.168,0.168,,44,0.44,1,0
00001648_004.png,No Finding,4,1648,044Y,M,AP,2500,2048,0.168,0.168,,44,0.44,1,0
00001648_005.png,No Finding,5,1648,044Y,M,AP,2500,2048,0.168,0.168,,44,0.44,1,0
00001649_000.png,No Finding,0,1649,042Y,F,PA,2914,2991,0.143,0.143,,42,0.42,0,1
00001649_001.png,No Finding,1,1649,043Y,F,PA,2544,3056,0.139,0.139,,43,0.43,0,1
00001649_002.png,No Finding,2,1649,044Y,F,PA,2021,2021,0.194311,0.194311,,44,0.44,0,1
00001650_000.png,No Finding,0,1650,062Y,M,PA,2500,2048,0.168,0.168,,62,0.62,1,1
00001650_001.png,Infiltration,1,1650,062Y,M,AP,2500,2048,0.168,0.168,,62,0.62,1,0
00001650_002.png,No Finding,2,1650,062Y,M,AP,2500,2048,0.168,0.168,,62,0.62,1,0
00001650_003.png,No Finding,3,1650,062Y,M,AP,2500,2048,0.168,0.168,,62,0.62,1,0
00001650_004.png,Edema,4,1650,062Y,M,AP,2500,2048,0.168,0.168,,62,0.62,1,0
00001650_005.png,Edema,5,1650,062Y,M,AP,2500,2048,0.168,0.168,,62,0.62,1,0
00001650_006.png,No Finding,6,1650,062Y,M,PA,2992,2991,0.143,0.143,,62,0.62,1,1
00001650_007.png,No Finding,7,1650,062Y,M,AP,2500,2048,0.168,0.168,,62,0.62,1,0
00001650_008.png,No Finding,8,1650,062Y,M,PA,2992,2991,0.143,0.143,,62,0.62,1,1
00001650_009.png,No Finding,9,1650,062Y,M,PA,2992,2991,0.143,0.143,,62,0.62,1,1
00001650_010.png,No Finding,10,1650,063Y,M,PA,2500,2048,0.168,0.168,,63,0.63,1,1
00001650_011.png,Effusion,11,1650,063Y,M,PA,2992,2991,0.143,0.143,,63,0.63,1,1
00001651_000.png,No Finding,0,1651,050Y,M,PA,2992,2991,0.143,0.143,,50,0.5,1,1
00001652_000.png,No Finding,0,1652,050Y,M,PA,2500,2048,0.171,0.171,,50,0.5,1,1
00001652_001.png,Consolidation,1,1652,051Y,M,PA,2500,2048,0.171,0.171,,51,0.51,1,1
00001653_000.png,No Finding,0,1653,041Y,F,PA,2500,2048,0.171,0.171,,41,0.41,0,1
00001653_001.png,No Finding,1,1653,042Y,F,PA,2500,2048,0.168,0.168,,42,0.42,0,1
00001653_002.png,No Finding,2,1653,043Y,F,PA,2500,2048,0.168,0.168,,43,0.43,0,1
00001653_003.png,No Finding,3,1653,047Y,F,PA,2992,2991,0.143,0.143,,47,0.47,0,1
00001654_000.png,No Finding,0,1654,059Y,F,PA,2462,2991,0.143,0.143,,59,0.59,0,1
00001654_001.png,Nodule,1,1654,047Y,F,PA,2048,2500,0.171,0.171,,47,0.47,0,1
00001654_002.png,No Finding,2,1654,049Y,F,PA,2048,2500,0.171,0.171,,49,0.49,0,1
00001654_003.png,No Finding,3,1654,050Y,F,PA,2048,2500,0.168,0.168,,50,0.5,0,1
00001654_004.png,No Finding,4,1654,051Y,F,PA,2048,2500,0.168,0.168,,51,0.51,0,1
00001654_005.png,Infiltration,5,1654,055Y,F,PA,2706,2991,0.143,0.143,,55,0.55,0,1
00001655_000.png,Atelectasis,0,1655,041Y,M,PA,2500,2048,0.171,0.171,,41,0.41,1,1
00001655_001.png,No Finding,1,1655,043Y,M,PA,2936,2991,0.143,0.143,,43,0.43,1,1
00001656_000.png,Emphysema,0,1656,071Y,M,PA,2021,2021,0.194311,0.194311,,71,0.71,1,1
00001656_001.png,No Finding,1,1656,071Y,M,PA,2021,2021,0.194311,0.194311,,71,0.71,1,1
